   	       	                                                         fitness                                                         	              size             
   	       	-------------------------------------------------------------------------------------------------------------------------	-------------------------------
gen	time   	avg                      	max                      	min                      	std                      	avg    	max	min	std    
0  	6.3303 	[ 0.04455118  0.91631413]	[ 0.23452769  0.92066667]	[ 0.          0.90307002]	[ 0.04536251  0.00295018]	2.09901	8  	1  	1.70906
1  	10.4068	[ 0.05833199  0.91568959]	[ 0.23452769  0.92143808]	[ 0.          0.90307002]	[ 0.05783628  0.00404253]	3.89109	13 	1  	2.97814
2  	11.8719	[ 0.09081236  0.91478968]	[ 0.28402367  0.92146242]	[ 0.          0.90003483]	[ 0.06917193  0.00474915]	4.84158	16 	1  	3.14574
3  	13.1587	[ 0.12550912  0.9147607 ]	[ 0.28834356  0.92189586]	[ 0.00813008  0.89933821]	[ 0.07629115  0.00518588]	5.16832	15 	1  	3.36278
4  	15.7811	[ 0.16761514  0.91643365]	[ 0.37388724  0.92731657]	[ 0.          0.89821616]	[ 0.10060487  0.00457667]	6.9604 	15 	1  	2.87674
5  	18.6739	[ 0.20261749  0.91720899]	[ 0.37388724  0.92731657]	[ 0.00784314  0.90024163]	[ 0.09389519  0.00440978]	8.43564	17 	2  	2.77334
6  	16.4709	[ 0.23627947  0.91853337]	[ 0.37388724  0.92731657]	[ 0.          0.90307002]	[ 0.10135389  0.00486848]	8.28713	16 	2  	2.47897
7  	17.8966	[ 0.27647     0.92064159]	[ 0.39554318  0.92881588]	[ 0.          0.91118644]	[ 0.09484929  0.00418915]	8.9901 	18 	2  	2.88559
8  	23.1034	[ 0.31432965  0.92265061]	[ 0.45730028  0.9315259 ]	[ 0.00790514  0.9143824 ]	[ 0.07966214  0.00420163]	10.3366	24 	1  	4.01551
9  	26.9623	[ 0.31571857  0.92396673]	[ 0.45730028  0.9315259 ]	[ 0.008       0.91482227]	[ 0.10683631  0.00424375]	11.4059	23 	3  	3.85679
10 	28.5397	[ 0.33654546  0.92491668]	[ 0.45730028  0.9315259 ]	[ 0.          0.91368134]	[ 0.10885932  0.00404312]	11.5941	25 	1  	3.93808
11 	39.5217	[ 0.36084996  0.92536591]	[ 0.45730028  0.9315259 ]	[ 0.         0.9140546]  	[ 0.09404841  0.00372266]	13.5446	27 	3  	4.42434
12 	50.7407	[ 0.38588685  0.92613486]	[ 0.46031746  0.9315259 ]	[ 0.          0.90307002]	[ 0.09732764  0.00425154]	15.5149	33 	1  	4.80844
13 	59.3297	[ 0.39724587  0.92642413]	[ 0.48806366  0.93258819]	[ 0.01574803  0.91512915]	[ 0.09049255  0.00340258]	16.9901	27 	10 	4.00864
14 	62.7225	[ 0.39519568  0.92656107]	[ 0.46031746  0.93189715]	[ 0.00823045  0.91563025]	[ 0.1022898   0.00396508]	17.505 	39 	1  	5.03183
15 	61.2562	[ 0.39688162  0.92728396]	[ 0.46354167  0.93189715]	[ 0.          0.91658291]	[ 0.10501772  0.00337767]	17.1089	37 	6  	4.80903
16 	59.7796	[ 0.40270553  0.92741259]	[ 0.46354167  0.93189715]	[ 0.00806452  0.91778075]	[ 0.10215932  0.0035329 ]	16.7327	35 	10 	4.05627
17 	61.4187	[ 0.38535943  0.92675182]	[ 0.46354167  0.93189715]	[ 0.01612903  0.91543624]	[ 0.11116438  0.00398284]	16.8713	34 	10 	4.04593
18 	65.2699	[ 0.37965349  0.92685164]	[ 0.47089947  0.93189715]	[ 0.          0.91069012]	[ 0.12663271  0.0043274 ]	17.1584	34 	5  	4.64744
19 	86.067 	[ 0.39959226  0.92730667]	[ 0.47089947  0.93189715]	[ 0.0234375   0.91324815]	[ 0.09156539  0.00366443]	19.5842	38 	11 	6.90425
20 	100.405	[ 0.40525037  0.92712625]	[ 0.4859335   0.93189715]	[ 0.04819277  0.91270644]	[ 0.09339758  0.00368829]	21.6436	40 	11 	8.07341
21 	109.892	[ 0.40981316  0.92735886]	[ 0.50385604  0.93230445]	[ 0.008       0.91663877]	[ 0.09436596  0.00351512]	23.1386	40 	12 	8.70533
22 	110.029	[ 0.41635134  0.92732565]	[ 0.4859335   0.93189715]	[ 0.          0.91819699]	[ 0.0814808   0.00316657]	23.5248	40 	15 	8.5984 
23 	116.147	[ 0.42291028  0.91833773]	[ 0.49357326  0.93189715]	[ 0.  0.]                	[ 0.08256714  0.09187997]	24.5149	38 	13 	8.32224
24 	103.867	[ 0.41792427  0.92676953]	[ 0.50909091  0.93380035]	[ 0.02371542  0.91730834]	[ 0.08588486  0.0033504 ]	22.4356	40 	9  	7.18692
25 	112.293	[ 0.4215601   0.92680156]	[ 0.50909091  0.93380035]	[ 0.          0.91440081]	[ 0.10153003  0.00355735]	22.5743	40 	1  	7.25265
26 	119.578	[ 0.4427044   0.92764691]	[ 0.50909091  0.93380035]	[ 0.00803213  0.91741892]	[ 0.08029811  0.00296532]	23.4455	39 	15 	5.66643
27 	116.056	[ 0.43301025  0.92765563]	[ 0.50909091  0.93380035]	[ 0.02479339  0.91973244]	[ 0.09412625  0.00301295]	22.9406	36 	15 	3.86357
28 	113.467	[ 0.44300378  0.92823793]	[ 0.50909091  0.93380035]	[ 0.01626016  0.91888253]	[ 0.08058969  0.00284824]	22.3762	34 	15 	2.97465
29 	112.303	[ 0.45287938  0.92851821]	[ 0.50909091  0.93523677]	[ 0.0483871   0.92112299]	[ 0.06989065  0.0029241 ]	22.5446	39 	15 	3.60836
30 	112.325	[ 0.45489013  0.92874377]	[ 0.51150895  0.93523677]	[ 0.00809717  0.91814233]	[ 0.07641219  0.0032217 ]	22.3465	39 	1  	4.43977
31 	113.768	[ 0.44794166  0.92849931]	[ 0.51269036  0.93412339]	[ 0.00816327  0.91761554]	[ 0.09026672  0.00359549]	22.4059	40 	2  	4.9054 
32 	110.971	[ 0.45333981  0.92852239]	[ 0.51413882  0.93380035]	[ 0.01632653  0.91953255]	[ 0.07348895  0.00343732]	22.2079	35 	15 	3.25277
33 	109.77 	[ 0.43000322  0.92780839]	[ 0.51546392  0.93408135]	[ 0.00829876  0.91792295]	[ 0.10841389  0.00382026]	21.8119	34 	15 	2.59364
34 	107.632	[ 0.44021674  0.92825607]	[ 0.52173913  0.93436293]	[ 0.00796813  0.91551666]	[ 0.09834858  0.00390406]	21.3168	32 	6  	2.65856
35 	109.11 	[ 0.46741173  0.92957295]	[ 0.52173913  0.93436293]	[ 0.2         0.92135593]	[ 0.05870394  0.00353517]	21.5545	32 	17 	2.2536 
36 	110.351	[ 0.44713474  0.92891798]	[ 0.52173913  0.93436293]	[ 0.01606426  0.91652699]	[ 0.109863    0.00428698]	21.4158	32 	3  	3.06454
37 	110.634	[ 0.46992026  0.92988353]	[ 0.52173913  0.9352014 ]	[ 0.24054983  0.92185886]	[ 0.0570368   0.00349185]	21.9703	35 	15 	2.86479
38 	113.503	[ 0.46692883  0.92965218]	[ 0.5255102  0.9359468]  	[ 0.02307692  0.9147651 ]	[ 0.075491  0.003932]    	22.2673	35 	3  	3.48942
39 	107.346	[ 0.46886846  0.93006188]	[ 0.5255102   0.93469101]	[ 0.02390438  0.91703057]	[ 0.09361063  0.00425729]	21.9307	38 	3  	3.19733
40 	107.449	[ 0.47501825  0.93047301]	[ 0.53196931  0.93576694]	[ 0.07722008  0.91913747]	[ 0.07842204  0.00393713]	21.8713	38 	13 	2.83773
41 	104.377	[ 0.47463255  0.93034698]	[ 0.53196931  0.93576694]	[ 0.02380952  0.91767068]	[ 0.07382836  0.00398424]	21.9307	37 	15 	2.89847
42 	106.753	[ 0.47166646  0.93051745]	[ 0.53670886  0.93614035]	[ 0.03225806  0.9189916 ]	[ 0.0826642   0.00421412]	22.2574	35 	1  	3.63605
43 	111.263	[ 0.47442865  0.93028561]	[ 0.53670886  0.93614035]	[ 0.05668016  0.92026234]	[ 0.07807201  0.00424968]	22.9208	35 	16 	3.38513
44 	116.961	[ 0.46610145  0.92973241]	[ 0.53670886  0.93576694]	[ 0.02352941  0.91658291]	[ 0.09218338  0.00410729]	23.3861	37 	15 	3.87674
45 	116.834	[ 0.45824904  0.92926488]	[ 0.53670886  0.93576694]	[ 0.07003891  0.91731353]	[ 0.09039914  0.00459561]	23.3762	37 	7  	4.13594
46 	120.886	[ 0.47399085  0.93051723]	[ 0.5370844   0.93646894]	[ 0.03937008  0.91828533]	[ 0.07637902  0.00386831]	23.5446	39 	7  	4.40864
47 	119.279	[ 0.48060231  0.93057159]	[ 0.54177215  0.93646894]	[ 0.18571429  0.92275281]	[ 0.06068231  0.00383852]	23.7822	39 	17 	4.04334
48 	114.918	[ 0.44662063  0.92933842]	[ 0.5370844   0.93646894]	[ 0.01550388  0.91482227]	[ 0.11516284  0.00513136]	23.6634	37 	6  	4.44388
49 	112.085	[ 0.45800471  0.92975332]	[ 0.54        0.93646894]	[ 0.          0.91153717]	[ 0.11160964  0.00505779]	23.2772	37 	5  	4.52741
50 	117.51 	[ 0.47485098  0.93085668]	[ 0.54        0.93646894]	[ 0.03292181  0.91798853]	[ 0.0886519   0.00437914]	24.1386	37 	16 	3.82288
51 	120.041	[ 0.48557949  0.93101505]	[ 0.54        0.93646894]	[ 0.19148936  0.92108939]	[ 0.05813505  0.00422623]	25.0792	37 	15 	4.71921
52 	126.331	[ 0.4642247   0.92156877]	[ 0.54        0.93646894]	[ 0.  0.]                	[ 0.10654567  0.09227619]	25.4554	37 	7  	5.25494
53 	126.089	[ 0.46984895  0.93060381]	[ 0.545       0.93642431]	[ 0.03125     0.91689008]	[ 0.10020918  0.0047157 ]	25.297 	37 	5  	4.90816
54 	123.812	[ 0.47957784  0.93083279]	[ 0.545       0.93642431]	[ 0.008       0.91705686]	[ 0.07719738  0.00455125]	24.8317	37 	15 	4.56432
55 	120.883	[ 0.47573541  0.93086418]	[ 0.545       0.93679775]	[ 0.0233463   0.91585652]	[ 0.09372423  0.00432613]	24.1683	39 	16 	4.4166 
56 	118.882	[ 0.46762906  0.93037081]	[ 0.545       0.93679775]	[ 0.01612903  0.91803279]	[ 0.09755893  0.00453881]	23.5941	37 	16 	4.00539
57 	114.283	[ 0.47792282  0.93062311]	[ 0.54726368  0.9365135 ]	[ 0.03238866  0.91927627]	[ 0.07683761  0.00448736]	23.4257	37 	16 	4.15622
58 	108.999	[ 0.47397932  0.9300207 ]	[ 0.54862843  0.93624516]	[ 0.00816327  0.91886477]	[ 0.07610095  0.00429555]	22.3267	36 	16 	3.13116
59 	105.587	[ 0.48005894  0.93068258]	[ 0.54862843  0.93624516]	[ 0.04048583  0.92024965]	[ 0.08486751  0.00423218]	21.6634	36 	16 	2.34743
60 	105.1  	[ 0.47146246  0.93034501]	[ 0.54862843  0.93624516]	[ 0.          0.91610738]	[ 0.09880779  0.00457901]	21.6832	32 	7  	3.06991
61 	106.875	[ 0.47515029  0.93010588]	[ 0.54862843  0.93629004]	[ 0.01666667  0.91899441]	[ 0.08873384  0.00439431]	22.2277	33 	15 	2.91082
62 	106.96 	[ 0.46646348  0.93047176]	[ 0.55223881  0.93657505]	[ 0.00816327  0.91627595]	[ 0.1179976   0.00470468]	22.0792	36 	1  	3.90907
63 	102.252	[ 0.49379159  0.93160463]	[ 0.55223881  0.93657505]	[ 0.17931034  0.91683849]	[ 0.06499984  0.00426071]	21.5941	35 	5  	2.88107
64 	102.679	[ 0.48140444  0.93124978]	[ 0.55223881  0.93657505]	[ 0.03212851  0.91900937]	[ 0.10024428  0.00467688]	21.8614	37 	15 	2.80039
65 	102.95 	[ 0.48670521  0.93157047]	[ 0.55392157  0.9370826 ]	[ 0.00790514  0.9159692 ]	[ 0.0920534   0.00462154]	21.8317	35 	15 	2.90124
66 	103.45 	[ 0.46568736  0.93020671]	[ 0.55392157  0.9370826 ]	[ 0.00806452  0.91559757]	[ 0.11331035  0.00532187]	21.9109	34 	1  	4.34889
67 	108.183	[ 0.49090634  0.93118919]	[ 0.555       0.93736805]	[ 0.02419355  0.91911765]	[ 0.07283772  0.00448028]	22.6139	35 	15 	3.33588
68 	107.199	[ 0.49417505  0.93169481]	[ 0.55639098  0.93769799]	[ 0.07228916  0.91666667]	[ 0.08514854  0.00482201]	22.3762	35 	15 	3.17431
69 	103.863	[ 0.48435271  0.93110461]	[ 0.55639098  0.93769799]	[ 0.05128205  0.91270644]	[ 0.09160479  0.00529828]	22.4059	32 	15 	2.82204
70 	108.888	[ 0.48754166  0.93154667]	[ 0.55639098  0.93769799]	[ 0.03875969  0.91683434]	[ 0.09439166  0.00464291]	23.3564	31 	16 	3.10089
71 	113.073	[ 0.46188554  0.93040544]	[ 0.55860349  0.93769799]	[ 0.          0.91906355]	[ 0.12643307  0.00514837]	23.2673	38 	1  	4.77803
72 	119.435	[ 0.48828771  0.93107154]	[ 0.56140351  0.93840197]	[ 0.03162055  0.9179779 ]	[ 0.07835342  0.00458646]	23.6139	38 	5  	4.59222
73 	122.129	[ 0.49005525  0.93083115]	[ 0.56140351  0.93840197]	[ 0.21694915  0.92043463]	[ 0.0673158   0.00475181]	23.8515	40 	16 	4.00343
74 	123.94 	[ 0.49514228  0.93214737]	[ 0.56140351  0.93840197]	[ 0.          0.92035988]	[ 0.0947563   0.00466384]	24.1485	40 	17 	4.88762
75 	127.547	[ 0.47579167  0.93094847]	[ 0.56140351  0.93840197]	[ 0.00819672  0.91694575]	[ 0.11101757  0.00492581]	23.7228	40 	1  	5.13215
76 	131.884	[ 0.49787858  0.93209651]	[ 0.56140351  0.93840197]	[ 0.02316602  0.91512915]	[ 0.07813316  0.00476064]	24.2772	38 	6  	4.78057
77 	149.81 	[ 0.49690142  0.93215585]	[ 0.56140351  0.93840197]	[ 0.01593625  0.91683434]	[ 0.08672908  0.00473159]	25.6634	39 	18 	5.37924
78 	170.526	[ 0.51527243  0.93307631]	[ 0.56140351  0.93840197]	[ 0.30864198  0.92168465]	[ 0.04984489  0.00454097]	27.6238	38 	16 	6.0507 
79 	170.166	[ 0.50582668  0.9328967 ]	[ 0.56140351  0.93840197]	[ 0.25657895  0.91878871]	[ 0.0680804   0.00504703]	27.3168	38 	16 	5.70727
80 	171.031	[ 0.51177101  0.9333674 ]	[ 0.56140351  0.93886156]	[ 0.02298851  0.91440081]	[ 0.07685448  0.00510868]	27.6634	38 	8  	5.59044
81 	168.807	[ 0.51034123  0.93317074]	[ 0.56140351  0.93840197]	[ 0.06324111  0.9188634 ]	[ 0.07389236  0.00492248]	27.6634	38 	15 	4.93979
82 	162.403	[ 0.51840064  0.93411978]	[ 0.56140351  0.9384453 ]	[ 0.20350877  0.92260062]	[ 0.06816362  0.00444147]	27.3663	38 	15 	3.91171
83 	149.158	[ 0.52205421  0.93423815]	[ 0.56140351  0.9384453 ]	[ 0.09774436  0.91930061]	[ 0.06761016  0.00443129]	26.9505	38 	15 	2.9664 
84 	140.996	[ 0.50230206  0.93330229]	[ 0.56140351  0.93840197]	[ 0.00823045  0.9189001 ]	[ 0.09673075  0.00498582]	26.2079	36 	6  	3.28005
85 	143.642	[ 0.49851046  0.9329068 ]	[ 0.56140351  0.9384453 ]	[ 0.02962963  0.91178451]	[ 0.09748362  0.00575056]	26.396 	32 	18 	1.44249
86 	143.215	[ 0.49482075  0.93293811]	[ 0.56218905  0.9384453 ]	[ 0.00803213  0.91741892]	[ 0.10978077  0.00575453]	25.8911	32 	1  	3.13366
87 	144.573	[ 0.50520193  0.93263959]	[ 0.56218905  0.93840197]	[ 0.08988764  0.91826438]	[ 0.07173392  0.00514764]	26.4455	37 	18 	2.1177 
88 	145.51 	[ 0.51232884  0.93414224]	[ 0.56296296  0.93840197]	[ 0.          0.91927952]	[ 0.09589617  0.00473972]	26.7822	32 	16 	1.99308
89 	150.355	[ 0.48769471  0.93209925]	[ 0.565       0.93873239]	[ 0.02352941  0.91658291]	[ 0.1039441   0.00565756]	26.8713	40 	15 	3.10752
90 	146.598	[ 0.50672443  0.93284214]	[ 0.565       0.93873239]	[ 0.08118081  0.91613338]	[ 0.07179018  0.00507655]	27.297 	40 	15 	3.17959
91 	151.061	[ 0.51286985  0.93345454]	[ 0.565       0.93873239]	[ 0.22535211  0.92216817]	[ 0.06689513  0.00497234]	27.5248	37 	15 	3.39946
92 	155.318	[ 0.49621701  0.93309855]	[ 0.56641604  0.93910595]	[ 0.01612903  0.9184492 ]	[ 0.10675073  0.00519386]	28.3366	37 	17 	3.13485
93 	155.609	[ 0.46779012  0.93143482]	[ 0.56641604  0.93910595]	[ 0.00806452  0.91778075]	[ 0.13695198  0.00605838]	27.7129	36 	7  	4.01319
94 	155.91 	[ 0.49908686  0.93272505]	[ 0.56641604  0.93910595]	[ 0.00793651  0.91633199]	[ 0.1004175   0.00560111]	27.505 	34 	8  	3.03323
95 	159.212	[ 0.5003626   0.93287049]	[ 0.56641604  0.93910595]	[ 0.10294118  0.91463415]	[ 0.09162381  0.00566149]	27.6139	39 	4  	3.7732 
96 	157.35 	[ 0.49562208  0.93281916]	[ 0.56641604  0.93910595]	[ 0.01581028  0.91663877]	[ 0.10947072  0.00575118]	27.7525	38 	5  	3.77696
97 	150.629	[ 0.49962928  0.93268863]	[ 0.57142857  0.93980993]	[ 0.072       0.91901286]	[ 0.08932772  0.00530019]	26.9802	35 	15 	2.99498
98 	160.726	[ 0.50825187  0.93284269]	[ 0.57142857  0.93980993]	[ 0.28093645  0.92503536]	[ 0.06245965  0.00460485]	27.3366	37 	15 	2.47473
99 	157.309	[ 0.49994036  0.93252115]	[ 0.57142857  0.93980993]	[ 0.15969582  0.92318244]	[ 0.07121679  0.00483633]	27.4455	36 	18 	2.72311
100	159.065	[ 0.49733905  0.93273081]	[ 0.57142857  0.93980993]	[ 0.06349206  0.91946309]	[ 0.09831795  0.00536854]	27.495 	37 	20 	2.50395
101	155.076	[ 0.50854642  0.93352383]	[ 0.57142857  0.93980993]	[ 0.00823045  0.91958625]	[ 0.08788217  0.0053822 ]	27.2376	34 	21 	2.19878
102	154.48 	[ 0.49407321  0.93314317]	[ 0.57142857  0.93980993]	[ 0.11985019  0.91933851]	[ 0.10005036  0.00577174]	27.4455	40 	15 	3.19491
103	150.314	[ 0.51014912  0.93378712]	[ 0.57142857  0.93980993]	[ 0.078125    0.92091153]	[ 0.07834776  0.00523149]	26.901 	40 	15 	3.2655 
104	148.246	[ 0.51072402  0.93351101]	[ 0.57142857  0.93980993]	[ 0.0244898   0.92020033]	[ 0.08023106  0.005167  ]	26.5446	40 	16 	2.60436
105	149.569	[ 0.50497133  0.93291234]	[ 0.57142857  0.93980993]	[ 0.14074074  0.92188552]	[ 0.07283954  0.00514512]	26.7327	35 	15 	2.48915
106	152.309	[ 0.51675131  0.93374147]	[ 0.57142857  0.93980993]	[ 0.08527132  0.92085848]	[ 0.06573411  0.00479828]	26.7723	35 	15 	2.42463
107	152.153	[ 0.49879454  0.9331892 ]	[ 0.57142857  0.93980993]	[ 0.01619433  0.91767068]	[ 0.11082428  0.00552216]	27.1287	37 	15 	3.48025
108	154.679	[ 0.51257767  0.93328191]	[ 0.57142857  0.93980993]	[ 0.02380952  0.91767068]	[ 0.07037381  0.00513019]	27.7525	37 	15 	3.40473
109	155.808	[ 0.50702447  0.92469121]	[ 0.57286432  0.94018297]	[ 0.  0.]                	[ 0.10111095  0.09263383]	28.2475	35 	21 	3.10989
110	156.316	[ 0.50500366  0.93331235]	[ 0.57142857  0.93985227]	[ 0.03149606  0.91761554]	[ 0.09093302  0.00585573]	28.1584	40 	10 	4.7004 
111	160.184	[ 0.5213246  0.934451 ]  	[ 0.57286432  0.94018297]	[ 0.18118467  0.92041991]	[ 0.06872042  0.00520303]	29.5644	35 	16 	3.64085
112	156.933	[ 0.52813362  0.93524752]	[ 0.57286432  0.94018297]	[ 0.26198083  0.9210796 ]	[ 0.06077228  0.00498684]	29.3465	35 	15 	4.03557
113	163.14 	[ 0.50385053  0.93391304]	[ 0.5743073   0.94055575]	[ 0.          0.91778075]	[ 0.11502797  0.00622668]	29.5842	40 	1  	4.62723
114	154.74 	[ 0.52113894  0.93479736]	[ 0.5743073   0.94055575]	[ 0.01626016  0.9184669 ]	[ 0.07833308  0.00586099]	28.7822	40 	19 	3.66575
115	151.146	[ 0.50893537  0.93369895]	[ 0.5743073   0.94055575]	[ 0.          0.91783567]	[ 0.08346786  0.00574993]	28.1287	37 	19 	3.84775
116	159.293	[ 0.51524234  0.933963  ]	[ 0.5743073   0.94055575]	[ 0.24503311  0.91724138]	[ 0.06717693  0.0055254 ]	28.8713	37 	18 	4.25816
117	159.556	[ 0.52238022  0.93464772]	[ 0.5743073   0.94055575]	[ 0.07114625  0.92132574]	[ 0.07039037  0.00520073]	29.2376	37 	23 	3.59083
118	161.357	[ 0.52048016  0.93453924]	[ 0.5743073   0.94055575]	[ 0.00803213  0.916695  ]	[ 0.08204363  0.00563654]	29.7723	37 	6  	4.2934 
119	165.016	[ 0.51736866  0.93436068]	[ 0.5743073   0.94055575]	[ 0.01652893  0.92061374]	[ 0.08842613  0.00555001]	30.495 	40 	19 	3.69271
120	169.881	[ 0.51670289  0.93407817]	[ 0.5764411   0.94055575]	[ 0.00823045  0.91958625]	[ 0.0776191   0.00547272]	31.0891	36 	15 	3.38342
121	171.268	[ 0.5227771   0.93442161]	[ 0.5764411   0.94055575]	[ 0.10332103  0.91815426]	[ 0.07010545  0.00547339]	30.703 	33 	15 	3.52233
122	172.632	[ 0.51265187  0.93444711]	[ 0.5764411   0.94055575]	[ 0.00819672  0.91372944]	[ 0.095967    0.00565656]	30.6436	35 	2  	4.49551
123	175.574	[ 0.51517752  0.93442716]	[ 0.5764411   0.94055575]	[ 0.04780876  0.92004015]	[ 0.08854268  0.00590095]	31.2079	39 	15 	3.53852
124	178.342	[ 0.51681745  0.9343417 ]	[ 0.5764411   0.94055575]	[ 0.19512195  0.92031735]	[ 0.07331349  0.00566793]	31.9604	39 	15 	3.13372
125	175.995	[ 0.51137543  0.93419442]	[ 0.5764411   0.94055575]	[ 0.          0.91783567]	[ 0.09344587  0.00597137]	31.6634	33 	4  	4.21519
126	177.149	[ 0.51399279  0.93415392]	[ 0.5764411   0.94055575]	[ 0.01612903  0.9184492 ]	[ 0.09037011  0.00581184]	31.8911	35 	2  	3.80177
127	188.192	[ 0.52838272  0.9354913 ]	[ 0.5764411   0.94055575]	[ 0.          0.91819699]	[ 0.07352129  0.00450838]	31.9703	37 	1  	3.7003 
128	183.622	[ 0.51594186  0.9346245 ]	[ 0.5764411   0.94055575]	[ 0.00833333  0.92066667]	[ 0.08872067  0.00589102]	32.2376	40 	19 	3.1439 
129	178.374	[ 0.52071607  0.93465871]	[ 0.5764411   0.94055575]	[ 0.08461538  0.92013423]	[ 0.07423588  0.00515806]	32.3366	39 	15 	2.81185
130	173.849	[ 0.50495743  0.93381443]	[ 0.5764411   0.94055575]	[ 0.00793651  0.91633199]	[ 0.10488368  0.00598202]	32.0297	37 	15 	3.22876
131	174.687	[ 0.52357107  0.93455149]	[ 0.5764411   0.94055575]	[ 0.13818182  0.92006745]	[ 0.06252297  0.00528125]	32.0099	36 	15 	3.28963
132	177.513	[ 0.511668    0.93418769]	[ 0.5764411   0.94055575]	[ 0.00803213  0.91708627]	[ 0.09555049  0.00616794]	32.1089	34 	5  	3.34457
133	175.022	[ 0.51919269  0.93459851]	[ 0.5764411  0.9405139]  	[ 0.0233463   0.91585652]	[ 0.08302742  0.00543745]	31.802 	37 	19 	3.52928
134	174.036	[ 0.51603644  0.93407352]	[ 0.5764411  0.9405139]  	[ 0.03174603  0.91834003]	[ 0.07897125  0.0056899 ]	31.9208	40 	15 	4.02144
135	174.733	[ 0.51993284  0.93479995]	[ 0.57711443  0.9405139 ]	[ 0.03225806  0.9197861 ]	[ 0.08310675  0.00497138]	31.9406	39 	15 	3.79896
136	164.958	[ 0.50981586  0.93444156]	[ 0.57711443  0.9405139 ]	[ 0.01619433  0.91761554]	[ 0.10764391  0.0056229 ]	31.4356	37 	2  	4.83268
137	170.67 	[ 0.51193861  0.9342347 ]	[ 0.57711443  0.9405139 ]	[ 0.01587302  0.91700134]	[ 0.09281344  0.00578317]	31.5644	38 	15 	3.52759
138	172.054	[ 0.51434667  0.93402064]	[ 0.57711443  0.9405139 ]	[ 0.12734082  0.91990206]	[ 0.07787545  0.00587252]	31.802 	37 	19 	3.11502
139	173.418	[ 0.48811438  0.93298722]	[ 0.57711443  0.9405139 ]	[ 0.          0.91675231]	[ 0.11917667  0.0066753 ]	31.198 	40 	4  	4.6031 
140	171.441	[ 0.51284715  0.93398345]	[ 0.57711443  0.9405139 ]	[ 0.05405405  0.91781281]	[ 0.08311297  0.0056565 ]	31.3069	35 	19 	3.26925
141	173.581	[ 0.50284666  0.93304568]	[ 0.57711443  0.9405139 ]	[ 0.07003891  0.91987932]	[ 0.08702432  0.00571424]	31.2277	38 	15 	3.69876
142	166.558	[ 0.50449659  0.93351419]	[ 0.57711443  0.9405139 ]	[ 0.08627451  0.91615957]	[ 0.09403252  0.00595241]	30.3069	36 	1  	4.26532
143	164.746	[ 0.52013781  0.93408925]	[ 0.57711443  0.9405139 ]	[ 0.30952381  0.92011019]	[ 0.0613786  0.0055562]  	29.7426	35 	20 	2.70186
144	156.628	[ 0.52641588  0.93495156]	[ 0.58064516  0.94043003]	[ 0.31446541  0.92233345]	[ 0.06495535  0.00542775]	28.8119	39 	15 	3.09491
145	156.674	[ 0.52909601  0.93514393]	[ 0.58064516  0.94043003]	[ 0.2428115   0.91902972]	[ 0.06492837  0.00544188]	28.6931	38 	26 	1.96878
146	154.962	[ 0.50326515  0.93387774]	[ 0.58064516  0.94043003]	[ 0.02352941  0.91568693]	[ 0.10438918  0.00617528]	28.1386	38 	15 	2.7069 
147	155.664	[ 0.52434502  0.93488415]	[ 0.58064516  0.9405139 ]	[ 0.11940299  0.92059219]	[ 0.07473902  0.00539664]	27.9406	35 	15 	2.13793
148	156.888	[ 0.52427477  0.93475465]	[ 0.58064516  0.9405139 ]	[ 0.20512821  0.92037229]	[ 0.06869011  0.00552262]	28.2079	35 	19 	1.56266
149	158.046	[ 0.51280091  0.9346805 ]	[ 0.58064516  0.9408867 ]	[ 0.00816327  0.91886477]	[ 0.10710172  0.00599276]	28.3861	37 	19 	1.93953
150	159.002	[ 0.50556834  0.93374329]	[ 0.58064516  0.94043003]	[ 0.01606426  0.9180876 ]	[ 0.10259273  0.00604942]	28.2772	39 	18 	2.6293 
151	154.652	[ 0.51616884  0.93420041]	[ 0.58064516  0.94043003]	[ 0.15658363  0.91990537]	[ 0.0825619  0.0061026]  	28.0495	40 	15 	2.67876
152	158.151	[ 0.52619588  0.93468245]	[ 0.58064516  0.94043003]	[ 0.33128834  0.92082316]	[ 0.05812771  0.0052594 ]	28.1485	37 	15 	2.73368
153	156.367	[ 0.52521585  0.93474352]	[ 0.58064516  0.94043003]	[ 0.02362205  0.91694575]	[ 0.08191525  0.00532241]	28.5248	37 	15 	3.1516 
154	159.42 	[ 0.51224864  0.9343107 ]	[ 0.58064516  0.94043003]	[ 0.02380952  0.91767068]	[ 0.09883904  0.00618498]	29     	38 	19 	2.71775
155	160.82 	[ 0.514449    0.93392155]	[ 0.58064516  0.94043003]	[ 0.05128205  0.91270644]	[ 0.09390522  0.00661484]	28.802 	38 	26 	2.0873 
156	160.419	[ 0.52501538  0.93488453]	[ 0.58064516  0.94043003]	[ 0.1799308   0.91968824]	[ 0.07256395  0.00537686]	28.8614	38 	15 	2.90452
157	161.555	[ 0.50402275  0.93304829]	[ 0.58064516  0.94043003]	[ 0.00823045  0.91958625]	[ 0.08593016  0.00600643]	28.4356	39 	19 	2.45924
158	163.657	[ 0.51334787  0.9340354 ]	[ 0.58064516  0.94043003]	[ 0.08396947  0.919409  ]	[ 0.08927857  0.00553381]	28.5842	39 	26 	1.71924
159	158.73 	[ 0.51051096  0.93406826]	[ 0.58064516  0.94043003]	[ 0.00809717  0.91814233]	[ 0.0989068   0.00613388]	28.3366	39 	21 	2.14927
160	157.518	[ 0.52685416  0.93469329]	[ 0.58064516  0.94043003]	[ 0.22916667  0.92064607]	[ 0.06056101  0.00530615]	27.9802	34 	19 	1.6649 
161	156.344	[ 0.53124943  0.93504648]	[ 0.58064516  0.94055575]	[ 0.38176638  0.92215989]	[ 0.05200396  0.0049103 ]	27.8812	34 	19 	1.41622
162	160.463	[ 0.51094024  0.93423941]	[ 0.58064516  0.94043003]	[ 0.09266409  0.9193825 ]	[ 0.09190084  0.00604054]	28.3762	38 	19 	2.20194
163	159.44 	[ 0.53178146  0.93534955]	[ 0.58064516  0.94043003]	[ 0.09230769  0.92080537]	[ 0.06747714  0.00512525]	28.3366	34 	26 	1.24501
164	161.332	[ 0.50285103  0.93354156]	[ 0.58064516  0.94043003]	[ 0.          0.91574354]	[ 0.10843312  0.00628653]	27.8911	33 	8  	2.74638
165	162.653	[ 0.49601922  0.93278211]	[ 0.58415842  0.94076164]	[ 0.          0.91372944]	[ 0.10683552  0.00608793]	27.7921	38 	4  	3.45929
166	159.278	[ 0.51419489  0.93393782]	[ 0.58064516  0.94043003]	[ 0.16140351  0.91912014]	[ 0.08308344  0.00581481]	27.8911	36 	18 	2.04359
167	161.641	[ 0.52994183  0.93500827]	[ 0.58064516  0.94043003]	[ 0.05426357  0.91817572]	[ 0.0721425   0.00511464]	27.9505	33 	19 	1.26941
168	163.748	[ 0.5366281   0.93577564]	[ 0.58064516  0.94043003]	[ 0.24595469  0.92031735]	[ 0.06180465  0.00501522]	27.9901	38 	15 	1.85886
169	165.524	[ 0.51396853  0.93393238]	[ 0.58064516  0.94043003]	[ 0.00829876  0.92001397]	[ 0.09456247  0.00640267]	27.9208	36 	12 	2.26328
170	170.093	[ 0.52938405  0.93515902]	[ 0.58064516  0.94043003]	[ 0.17228464  0.92040816]	[ 0.07091927  0.0049746 ]	28.0693	35 	26 	1.02694
171	169.853	[ 0.53086695  0.93583288]	[ 0.58128079  0.94043003]	[ 0.0546875  0.9189008]  	[ 0.08719397  0.00510154]	28.0693	38 	15 	2.19927
172	167.043	[ 0.52186477  0.93447246]	[ 0.58128079  0.94043003]	[ 0.11494253  0.92053446]	[ 0.0752345   0.00583037]	27.8713	38 	17 	2.32363
173	164.913	[ 0.51834418  0.92582312]	[ 0.58415842  0.94084507]	[ 0.  0.]                	[ 0.10925133  0.09276725]	27.8911	39 	17 	2.74277
174	168.9  	[ 0.51753656  0.93439223]	[ 0.58415842  0.94084507]	[ 0.07751938  0.91820936]	[ 0.08971806  0.00602726]	27.8713	34 	8  	2.56659
175	163.528	[ 0.51030886  0.93431194]	[ 0.58415842  0.94084507]	[ 0.00819672  0.91881056]	[ 0.11160357  0.00622861]	27.7822	33 	16 	2.28471
176	165.781	[ 0.51149599  0.93455649]	[ 0.58415842  0.94084507]	[ 0.02479339  0.92031735]	[ 0.10493301  0.00602612]	28.2178	37 	15 	2.39886
177	167.705	[ 0.52570111  0.93483645]	[ 0.58415842  0.94076164]	[ 0.20216606  0.92086331]	[ 0.07060027  0.00526623]	28.4455	36 	21 	2.04637
178	169.438	[ 0.52595523  0.9349496 ]	[ 0.58415842  0.94076164]	[ 0.22        0.92040816]	[ 0.07292571  0.00548135]	28.3564	39 	17 	2.64607
179	168.664	[ 0.53138671  0.93502902]	[ 0.58415842  0.94076164]	[ 0.23026316  0.92029973]	[ 0.06312838  0.00534032]	28.2475	39 	18 	2.09387
180	169.666	[ 0.53348904  0.93540998]	[ 0.58415842  0.94076164]	[ 0.03891051  0.91719745]	[ 0.07258074  0.00528058]	28.0891	39 	20 	2.22541
181	169.431	[ 0.51464519  0.93502938]	[ 0.58560794  0.941135  ]	[ 0.02371542  0.91730834]	[ 0.11193258  0.00624224]	27.901 	39 	26 	1.61983
182	165.589	[ 0.51921059  0.93492639]	[ 0.58560794  0.941135  ]	[ 0.01593625  0.91736367]	[ 0.10449638  0.00600566]	27.5545	38 	6  	3.28355
183	175.076	[ 0.52825012  0.93534011]	[ 0.58560794  0.941135  ]	[ 0.00806452  0.91778075]	[ 0.0829886   0.00542978]	28.3168	38 	26 	2.50121
184	172.707	[ 0.52335686  0.93528578]	[ 0.58560794  0.941135  ]	[ 0.008       0.91705686]	[ 0.0942461   0.00588512]	28.1188	39 	17 	2.51052
185	167.872	[ 0.50508021  0.93464694]	[ 0.58560794  0.941135  ]	[ 0.02419355  0.91689008]	[ 0.12864684  0.00652159]	27.8119	38 	4  	3.14883
186	169.279	[ 0.52539087  0.93488854]	[ 0.58560794  0.941135  ]	[ 0.16027875  0.91724618]	[ 0.07281574  0.00590341]	28.1188	39 	15 	3.33386
187	173.97 	[ 0.52354321  0.93459509]	[ 0.58560794  0.941135  ]	[ 0.29206349  0.92296919]	[ 0.06852013  0.0059823 ]	28.5743	38 	23 	2.29224
188	175.682	[ 0.49812024  0.93382435]	[ 0.58560794  0.941135  ]	[ 0.0244898  0.9143433]  	[ 0.12484623  0.00675154]	28.2871	38 	17 	2.37285
189	176.179	[ 0.51297037  0.93396648]	[ 0.58560794  0.941135  ]	[ 0.          0.91783567]	[ 0.08992638  0.00592117]	28.297 	37 	15 	2.7523 
190	176.418	[ 0.52458713  0.93497742]	[ 0.58560794  0.941135  ]	[ 0.04016064  0.92009361]	[ 0.08178012  0.00551323]	28.4455	37 	18 	1.8427 
191	174.435	[ 0.52312424  0.93537056]	[ 0.58560794  0.941135  ]	[ 0.03265306  0.91908294]	[ 0.09856404  0.00558342]	28.3861	40 	21 	1.71175
192	170.333	[ 0.53564445  0.93594952]	[ 0.58560794  0.941135  ]	[ 0.15217391  0.92105263]	[ 0.06609931  0.00498477]	28.0594	32 	15 	1.73389
193	168.548	[ 0.51330824  0.93475209]	[ 0.58560794  0.941135  ]	[ 0.02419355  0.91495798]	[ 0.10808981  0.0061844 ]	28.297 	40 	15 	2.49968
194	171.661	[ 0.50521985  0.93416891]	[ 0.58560794  0.941135  ]	[ 0.02390438  0.91678129]	[ 0.11754959  0.00641038]	28.1188	39 	15 	2.8154 
195	168.581	[ 0.52438635  0.93425415]	[ 0.5862069  0.941135 ]  	[ 0.30967742  0.92151367]	[ 0.06097025  0.00565851]	28.4257	36 	21 	1.83663
196	169.594	[ 0.51499622  0.93380979]	[ 0.5862069  0.941135 ]  	[ 0.04065041  0.91781305]	[ 0.08929461  0.00614381]	28.2574	38 	17 	2.81317
197	173.653	[ 0.52529701  0.93466191]	[ 0.5862069  0.941135 ]  	[ 0.29375     0.92034783]	[ 0.06907789  0.00566289]	28.8812	38 	17 	2.44256
198	170.413	[ 0.52805738  0.9352858 ]	[ 0.5862069  0.941135 ]  	[ 0.          0.91566265]	[ 0.09245352  0.00539574]	28.2772	34 	17 	1.88857
199	172.29 	[ 0.52720295  0.93472238]	[ 0.5862069  0.941135 ]  	[ 0.34421365  0.92184786]	[ 0.06156597  0.00566153]	28.3366	32 	17 	2.04541
200	172.513	[ 0.51525829  0.93397884]	[ 0.5862069  0.941135 ]  	[ 0.23648649  0.91847265]	[ 0.0783061   0.00593607]	28.3663	31 	21 	1.53328
201	175.667	[ 0.50277939  0.93294044]	[ 0.5862069  0.941135 ]  	[ 0.11070111  0.91882789]	[ 0.08864536  0.00635188]	28.3267	35 	17 	1.81364
202	176.351	[ 0.51354164  0.93387852]	[ 0.5862069  0.941135 ]  	[ 0.032       0.91906355]	[ 0.08692654  0.00575807]	28.4059	40 	2  	3.38657
203	172.82 	[ 0.50860345  0.93371786]	[ 0.5862069  0.941135 ]  	[ 0.04081633  0.91987932]	[ 0.09857528  0.00589595]	28.1782	36 	17 	2.15901
204	171.943	[ 0.51448569  0.93424773]	[ 0.58765432  0.94109347]	[ 0.0483871   0.92029471]	[ 0.09882596  0.00571822]	28.1881	36 	17 	2.25903
205	172.871	[ 0.52317446  0.93480476]	[ 0.58765432  0.94109347]	[ 0.14760148  0.91342877]	[ 0.08184862  0.00563781]	28.2376	38 	4  	3.3777 
206	174.403	[ 0.52563302  0.93512091]	[ 0.58765432  0.94109347]	[ 0.12408759  0.91908294]	[ 0.08375966  0.0056243 ]	28.7525	37 	20 	2.12205
207	178.697	[ 0.52064344  0.93456155]	[ 0.58765432  0.94109347]	[ 0.05668016  0.92199531]	[ 0.08670972  0.00550115]	28.9406	40 	15 	2.97788
208	178.405	[ 0.51353177  0.9337794 ]	[ 0.58765432  0.94109347]	[ 0.05511811  0.91962492]	[ 0.08596804  0.0061833 ]	28.7228	38 	15 	2.74356
209	181.729	[ 0.5272564   0.93506133]	[ 0.58765432  0.94109347]	[ 0.00819672  0.91922563]	[ 0.08936923  0.00572545]	28.6634	38 	22 	2.48272
210	179.236	[ 0.53270468  0.9356516 ]	[ 0.58765432  0.94109347]	[ 0.00809717  0.91471802]	[ 0.08773776  0.00584164]	28.2574	38 	6  	3.08511
211	183.589	[ 0.52833177  0.93541544]	[ 0.58765432  0.94109347]	[ 0.         0.9171123]  	[ 0.09267928  0.00577403]	28.8713	38 	26 	2.21455
212	180.163	[ 0.51960849  0.93475882]	[ 0.58765432  0.94109347]	[ 0.04048583  0.92048518]	[ 0.09312597  0.00601339]	28.2376	34 	8  	2.81491
213	180.482	[ 0.51012963  0.9341208 ]	[ 0.58765432  0.94109347]	[ 0.03831418  0.91574354]	[ 0.10315092  0.00626821]	27.9307	38 	10 	3.01566
214	185.881	[ 0.52294238  0.93516417]	[ 0.58765432  0.94109347]	[ 0.01574803  0.91627595]	[ 0.09581169  0.00602047]	28.3069	39 	21 	1.59046
215	181.333	[ 0.50750389  0.93394886]	[ 0.58765432  0.94109347]	[ 0.0244898  0.9179779]  	[ 0.11231957  0.00641698]	27.8119	40 	7  	3.05952
216	182.819	[ 0.53847609  0.93551563]	[ 0.58765432  0.94109347]	[ 0.27152318  0.92193571]	[ 0.05364053  0.0051359 ]	28.0495	40 	19 	1.9619 
217	183.716	[ 0.53306274  0.93564035]	[ 0.58765432  0.94109347]	[ 0.00806452  0.91465054]	[ 0.09048311  0.00546943]	27.9901	40 	19 	2.22717
218	188.394	[ 0.50805449  0.93389356]	[ 0.58765432  0.94109347]	[ 0.12686567  0.92095271]	[ 0.09612815  0.00613663]	28.3069	40 	15 	2.21043
219	187.117	[ 0.50864415  0.93369457]	[ 0.58765432  0.94109347]	[ 0.03921569  0.91792295]	[ 0.09584108  0.00593926]	28.4554	40 	19 	2.69405
220	185.445	[ 0.50975021  0.93361545]	[ 0.58765432  0.94109347]	[ 0.03041825  0.9143433 ]	[ 0.09377856  0.0062902 ]	28.0891	36 	15 	2.10186
221	183.652	[ 0.49490619  0.93266222]	[ 0.58765432  0.94109347]	[ 0.01532567  0.91372944]	[ 0.11245592  0.0066608 ]	27.6634	31 	4  	2.9325 
222	183.049	[ 0.514109    0.93438913]	[ 0.58765432  0.94109347]	[ 0.00813008  0.9147651 ]	[ 0.11205921  0.00595459]	27.7525	36 	6  	4.08912
223	187.672	[ 0.52147913  0.93460032]	[ 0.58765432  0.94109347]	[ 0.          0.91348089]	[ 0.09142989  0.00591612]	28.1485	36 	16 	1.92115
224	186.704	[ 0.53015704  0.93575628]	[ 0.58765432  0.94109347]	[ 0.02419355  0.91911765]	[ 0.09424625  0.00566411]	28.2871	37 	22 	1.75385
225	188.927	[ 0.5121074   0.93402864]	[ 0.58765432  0.94109347]	[ 0.01639344  0.91989319]	[ 0.10258085  0.00622678]	28.2871	39 	1  	3.63246
226	188.725	[ 0.49749747  0.92455427]	[ 0.58765432  0.94109347]	[ 0.  0.]                	[ 0.13199922  0.09271392]	28.6535	38 	12 	3.01625
227	185.991	[ 0.50861552  0.934018  ]	[ 0.58765432  0.94109347]	[ 0.02316602  0.91512915]	[ 0.1098096   0.00671457]	28.4653	38 	15 	3.26568
228	193.061	[ 0.51003671  0.93391231]	[ 0.58765432  0.94109347]	[ 0.01619433  0.91239892]	[ 0.102125   0.0066618]  	28.4752	38 	21 	1.93249
229	196.183	[ 0.53016406  0.93550828]	[ 0.58765432  0.94109347]	[ 0.15699659  0.91618595]	[ 0.08151829  0.00586499]	28.3861	40 	15 	2.25577
230	188.681	[ 0.53710735  0.93572563]	[ 0.58765432  0.94109347]	[ 0.015625   0.9155496]  	[ 0.07231884  0.0055954 ]	28.2871	37 	1  	3.29817
231	188.315	[ 0.50863421  0.93464108]	[ 0.58765432  0.94109347]	[ 0.02390438  0.91803279]	[ 0.11930539  0.00661712]	28.1683	36 	2  	3.01504
232	190.005	[ 0.52788611  0.93531439]	[ 0.58765432  0.94109347]	[ 0.03149606  0.91761554]	[ 0.0852897   0.00580829]	28.2079	36 	1  	3.27703
233	192.237	[ 0.5272726   0.93529335]	[ 0.58765432  0.94109347]	[ 0.01581028  0.91663877]	[ 0.08880404  0.00588809]	28.1485	37 	22 	1.59446
234	191.31 	[ 0.51593246  0.93455633]	[ 0.58765432  0.94109347]	[ 0.06976744  0.9195171 ]	[ 0.09516598  0.00596949]	28.0891	38 	24 	1.64767
235	189.443	[ 0.51814081  0.93427812]	[ 0.58765432  0.94109347]	[ 0.          0.91765527]	[ 0.09209996  0.00617674]	27.8713	38 	6  	2.88617
236	195.628	[ 0.51414985  0.93500761]	[ 0.58765432  0.94109347]	[ 0.016       0.91772575]	[ 0.11745467  0.00622109]	28.2178	38 	22 	1.78888
237	192.037	[ 0.5204166   0.93506523]	[ 0.58765432  0.9415081 ]	[ 0.03100775  0.91616365]	[ 0.09661336  0.00640027]	27.7822	32 	15 	1.62044
238	191.275	[ 0.52100454  0.93547762]	[ 0.58765432  0.94109347]	[ 0.          0.91374663]	[ 0.11432853  0.00646264]	28.0099	38 	7  	2.81964
239	194.95 	[ 0.5365916   0.93615139]	[ 0.58765432  0.94109347]	[ 0.02459016  0.91831933]	[ 0.08856801  0.00572605]	28.1089	37 	24 	1.48191
240	194.7  	[ 0.52407249  0.93479094]	[ 0.58765432  0.94109347]	[ 0.20979021  0.92060161]	[ 0.07927279  0.00609616]	28.198 	39 	15 	2.44957
241	191.394	[ 0.52207686  0.9349651 ]	[ 0.58765432  0.94109347]	[ 0.04819277  0.92076229]	[ 0.09533079  0.00589281]	28.396 	37 	24 	2.22977
242	194.854	[ 0.54013247  0.93635311]	[ 0.58765432  0.94109347]	[ 0.00823045  0.91926298]	[ 0.08570128  0.00553004]	28.604 	37 	24 	1.97047
243	195.551	[ 0.53219674  0.93538078]	[ 0.58765432  0.94109347]	[ 0.02352941  0.91658291]	[ 0.08013636  0.00609948]	28.6832	37 	24 	2.39194
244	192.189	[ 0.53835323  0.93611875]	[ 0.58910891  0.94146685]	[ 0.1003861   0.92128679]	[ 0.07575885  0.00522633]	28.4752	39 	15 	2.49194
245	197.099	[ 0.52656274  0.93492497]	[ 0.58910891  0.94146685]	[ 0.08429119  0.91977174]	[ 0.07943656  0.00607721]	28.802 	39 	21 	2.7432 
246	193.28 	[ 0.53762781  0.9355387 ]	[ 0.58910891  0.94146685]	[ 0.29721362  0.91956445]	[ 0.0593887   0.00559543]	29.0099	39 	15 	3.21351
247	188.855	[ 0.53747045  0.936095  ]	[ 0.58910891  0.94146685]	[ 0.20069204  0.92065663]	[ 0.07587808  0.00604854]	28.9901	39 	21 	3.31362
248	195.578	[ 0.51674651  0.93521319]	[ 0.58910891  0.94146685]	[ 0.032       0.91574354]	[ 0.11485337  0.00656007]	29.604 	39 	8  	4.80734
249	198.051	[ 0.51992407  0.93480233]	[ 0.58910891  0.94146685]	[ 0.          0.91638796]	[ 0.09678959  0.00628043]	29.8713	39 	5  	5.42576
250	214.303	[ 0.52942275  0.93527651]	[ 0.58910891  0.94146685]	[ 0.10909091  0.91736931]	[ 0.07814204  0.00579705]	31.6634	39 	24 	5.084  
251	222.481	[ 0.52850705  0.9356145 ]	[ 0.58910891  0.94146685]	[ 0.01632653  0.91953255]	[ 0.08634296  0.0059648 ]	32.901 	39 	18 	5.62615
252	230.371	[ 0.51926685  0.93509221]	[ 0.58910891  0.94146685]	[ 0.07114625  0.91955571]	[ 0.1009013   0.00638397]	34.0891	39 	24 	5.50985
253	232.064	[ 0.54616507  0.9365982 ]	[ 0.58910891  0.94146685]	[ 0.36036036  0.9228631 ]	[ 0.05192773  0.00482963]	34.5941	39 	24 	5.4267 
254	239.998	[ 0.53495628  0.93573666]	[ 0.58910891  0.94146685]	[ 0.10894942  0.92323165]	[ 0.0729501  0.0054306]  	35.3762	39 	26 	5.10843
255	245.487	[ 0.53381484  0.93595211]	[ 0.58910891  0.94146685]	[ 0.03831418  0.91574354]	[ 0.08772296  0.00595684]	36.3366	39 	4  	5.35341
256	247.806	[ 0.53496467  0.93641808]	[ 0.58910891  0.94146685]	[ 0.00819672  0.91549296]	[ 0.10154996  0.00578919]	36.8119	40 	8  	4.8984 
257	255.144	[ 0.54719028  0.9368213 ]	[ 0.58910891  0.94146685]	[ 0.36311239  0.92226891]	[ 0.05603091  0.00547558]	38.1089	40 	28 	2.85248
258	262.254	[ 0.53051537  0.93568827]	[ 0.58910891  0.94146685]	[ 0.10526316  0.9199731 ]	[ 0.08494041  0.00595998]	38.5842	40 	28 	2.15382
259	260.081	[ 0.5262218   0.93543153]	[ 0.58910891  0.94146685]	[ 0.01587302  0.91700134]	[ 0.09567174  0.00615075]	38.3267	40 	17 	3.08657
260	255.589	[ 0.52321185  0.92685035]	[ 0.58910891  0.94146685]	[ 0.  0.]                	[ 0.11278045  0.0928671 ]	37.901 	40 	7  	4.37478
261	255.61 	[ 0.53339236  0.93611765]	[ 0.58910891  0.94146685]	[ 0.05755396  0.91154625]	[ 0.0861477   0.00594979]	38.1485	40 	1  	4.32214
262	257.331	[ 0.52192338  0.93529061]	[ 0.58910891  0.94146685]	[ 0.          0.91529963]	[ 0.0989767   0.00653696]	38.3168	40 	15 	3.28492
263	259.326	[ 0.5359029  0.9359749]  	[ 0.58910891  0.94146685]	[ 0.032       0.91906355]	[ 0.08039305  0.00577764]	38.3564	40 	26 	2.69794
264	257.661	[ 0.545178    0.93670558]	[ 0.58910891  0.94146685]	[ 0.22972973  0.92043463]	[ 0.06053492  0.00550153]	38.2871	39 	28 	2.65262
265	253.327	[ 0.52493922  0.93604369]	[ 0.58910891  0.94146685]	[ 0.02439024  0.91982556]	[ 0.10805158  0.00633351]	37.4554	39 	15 	4.06513
266	258.814	[ 0.52664531  0.93530647]	[ 0.58910891  0.94146685]	[ 0.03984064  0.91937103]	[ 0.08804423  0.00646175]	37.7327	39 	24 	3.61759
267	262.173	[ 0.54007675  0.93648405]	[ 0.58910891  0.94146685]	[ 0.24913495  0.92318197]	[ 0.06869495  0.00573346]	38.5644	39 	28 	2.1453 
268	262.174	[ 0.52749109  0.93601987]	[ 0.58910891  0.94146685]	[ 0.03212851  0.9192463 ]	[ 0.10801248  0.00656458]	38.4455	39 	28 	2.27981
269	254.491	[ 0.51676042  0.93553012]	[ 0.58910891  0.94146685]	[ 0.04780876  0.91884457]	[ 0.11148626  0.00688025]	38.3663	39 	25 	2.46851
270	254.948	[ 0.51575158  0.93536495]	[ 0.58968059  0.94146685]	[ 0.01659751  0.91568693]	[ 0.12735778  0.00670873]	37.505 	39 	8  	4.29742
271	260.177	[ 0.52729424  0.93521858]	[ 0.58968059  0.94146685]	[ 0.02362205  0.91694575]	[ 0.08401747  0.00635348]	38.0891	40 	28 	2.63675
272	258.493	[ 0.53579959  0.93572561]	[ 0.58968059  0.94146685]	[ 0.28115016  0.9229687 ]	[ 0.06197716  0.00549079]	38.1881	40 	28 	2.70574
273	259.034	[ 0.53784259  0.93615425]	[ 0.58968059  0.94146685]	[ 0.20979021  0.91958763]	[ 0.06818059  0.00555655]	37.901 	39 	21 	3.11974
274	256.471	[ 0.53941995  0.93653183]	[ 0.58968059  0.94146685]	[ 0.02362205  0.91694575]	[ 0.08248549  0.00555524]	37.4158	39 	27 	3.02225
275	258.257	[ 0.54114022  0.93664507]	[ 0.58968059  0.94146685]	[ 0.28846154  0.92227257]	[ 0.06992366  0.00567957]	36.9802	40 	28 	3.14967
276	253.388	[ 0.52665021  0.92614246]	[ 0.58968059  0.9415493 ]	[ 0.  0.]                	[ 0.0841112  0.0928164]  	36.396 	39 	27 	3.32134
277	254.548	[ 0.53046545  0.93604568]	[ 0.58968059  0.9415493 ]	[ 0.0077821   0.91451559]	[ 0.10005367  0.00612348]	35.7525	39 	28 	3.46812
278	256.951	[ 0.54634653  0.93745673]	[ 0.58968059  0.9415493 ]	[ 0.01632653  0.91953255]	[ 0.08755842  0.00494948]	36.2277	40 	28 	3.62849
279	255.079	[ 0.50900607  0.93508919]	[ 0.58968059  0.94146685]	[ 0.01544402  0.91257566]	[ 0.13487714  0.00727181]	35.2871	39 	4  	5.56747
280	258.701	[ 0.50962009  0.93474802]	[ 0.58968059  0.94146685]	[ 0.01587302  0.91700134]	[ 0.11665638  0.00709119]	36.4455	39 	5  	4.36565
281	263.791	[ 0.535666    0.93641091]	[ 0.58968059  0.94146685]	[ 0.00806452  0.91763898]	[ 0.09244012  0.00586323]	36.5743	39 	28 	3.10651
282	252.212	[ 0.52920337  0.93597585]	[ 0.58968059  0.94146685]	[ 0.03088803  0.91580007]	[ 0.09701533  0.00618661]	35.6139	39 	28 	3.26994
283	252.394	[ 0.52812948  0.935635  ]	[ 0.591133    0.94146685]	[ 0.          0.91372944]	[ 0.09931439  0.00601909]	35.4158	39 	28 	2.40572
284	247.967	[ 0.52068809  0.93520113]	[ 0.591133    0.94146685]	[ 0.02281369  0.91367148]	[ 0.10828457  0.00660317]	35.1188	39 	28 	1.96145
285	247.329	[ 0.52202038  0.93553153]	[ 0.591133    0.94146685]	[ 0.01587302  0.91700134]	[ 0.10677643  0.0062678 ]	34.6238	39 	15 	2.79976
286	244.977	[ 0.53486711  0.93656385]	[ 0.591133    0.94146685]	[ 0.00787402  0.91560616]	[ 0.10089106  0.00593746]	34.8515	39 	21 	2.45105
287	250.013	[ 0.52604933  0.93535539]	[ 0.591133    0.94146685]	[ 0.00806452  0.91661063]	[ 0.09779023  0.00626119]	34.8812	39 	28 	1.99647
288	250.269	[ 0.51591649  0.9353556 ]	[ 0.591133    0.94146685]	[ 0.01619433  0.91750503]	[ 0.12503102  0.00679126]	34.901 	39 	21 	3.08142
289	254.137	[ 0.54834884  0.9371637 ]	[ 0.591133    0.94146685]	[ 0.01646091  0.91990375]	[ 0.07614893  0.0051326 ]	35.099 	39 	28 	2.28428
290	253.619	[ 0.5418499  0.9361365]  	[ 0.591133    0.94146685]	[ 0.31309904  0.92108939]	[ 0.06395405  0.00588743]	35.0495	40 	28 	2.32241
291	247.104	[ 0.52120911  0.93601314]	[ 0.591133    0.94146685]	[ 0.01587302  0.91700134]	[ 0.11573003  0.00671545]	34.2772	40 	28 	2.40922
292	241.164	[ 0.51696819  0.93502664]	[ 0.591133    0.94142555]	[ 0.02371542  0.91730834]	[ 0.11619109  0.00696059]	33.703 	39 	15 	2.7738 
293	242.704	[ 0.53315156  0.93540301]	[ 0.591133    0.94142555]	[ 0.07228916  0.92221049]	[ 0.07319192  0.00586422]	33.9307	39 	28 	1.4776 
294	238.144	[ 0.51429331  0.93462762]	[ 0.591133    0.94142555]	[ 0.08032129  0.9163431 ]	[ 0.10769257  0.00661496]	33.5446	34 	28 	1.56398
295	236.824	[ 0.53894431  0.93635429]	[ 0.591133    0.94142555]	[ 0.18115942  0.91895604]	[ 0.07664746  0.00579033]	33.3663	40 	21 	2.27219
296	240.445	[ 0.529123    0.93510262]	[ 0.591133    0.94142555]	[ 0.          0.91855808]	[ 0.0842513   0.00636817]	33.6733	40 	21 	1.97062
297	245.033	[ 0.49530774  0.93369829]	[ 0.591133    0.94142555]	[ 0.00809717  0.91803279]	[ 0.13552257  0.00716176]	33.8416	40 	28 	1.40531
298	243.575	[ 0.53434512  0.93591771]	[ 0.591133    0.94142555]	[ 0.2137931   0.92158223]	[ 0.07573135  0.00583441]	33.6535	38 	21 	1.79899
299	241.248	[ 0.5286695   0.93608607]	[ 0.591133    0.94142555]	[ 0.07936508  0.92158177]	[ 0.09712028  0.00587471]	33.505 	38 	28 	1.63273