   	       	                                                        fitness                                                        	              size              
   	       	-----------------------------------------------------------------------------------------------------------------------	--------------------------------
gen	time   	avg                      	max                      	min                      	std                    	avg    	max	min	std     
0  	2.53206	[ 0.14148227 35.25742574]	[ 0.21487603 52.        ]	[ 0.0917782 21.       ]  	[0.0215113  5.10028822]	2.47525	9  	1  	1.97306 
1  	4.34929	[ 0.15102259 36.74257426]	[ 0.22175732 55.        ]	[ 0.096 24.   ]          	[0.02708085 6.26107489]	4.57426	15 	1  	3.1097  
2  	6.14345	[ 0.16798256 39.28712871]	[ 0.2320442 54.       ]  	[ 0.10019268 25.        ]	[0.03099125 6.34695941]	6.9802 	17 	1  	3.52356 
3  	7.36679	[ 0.18212239 39.26732673]	[ 0.23918575 53.        ]	[ 0.10958904 25.        ]	[0.030483   6.19627977]	8.75248	18 	1  	3.43945 
4  	9.23604	[ 0.18803099 41.03960396]	[ 0.256 53.   ]          	[ 0.09578544 25.        ]	[0.03384482 6.37433094]	9.86139	18 	2  	3.63707 
5  	11.3649	[ 0.2026796  43.35643564]	[ 0.25641026 54.        ]	[ 0.13333333 27.        ]	[0.02904733 5.29259553]	11.1089	22 	4  	3.86889 
6  	11.4049	[ 0.21127459 43.48514851]	[ 0.25787966 53.        ]	[ 0.11262136 26.        ]	[0.02882603 5.27953992]	11.505 	20 	2  	3.91904 
7  	12.7923	[ 0.21363396 42.98019802]	[ 0.27722772 53.        ]	[ 0.11991435 28.        ]	[0.03259025 5.13188479]	13.099 	23 	6  	3.80595 
8  	13.4138	[ 0.21966805 44.2970297 ]	[ 0.27722772 55.        ]	[ 0.10831721 28.        ]	[0.02772031 4.87983232]	14.0099	25 	1  	4.35207 
9  	14.5846	[ 0.22034493 43.72277228]	[ 0.27722772 55.        ]	[ 0.12546125 34.        ]	[0.02741745 4.73478556]	15.0792	31 	6  	4.80446 
10 	15.27  	[ 0.21794992 42.42574257]	[ 0.27722772 55.        ]	[ 0.11029412 30.        ]	[0.03349538 4.83458361]	15.1782	36 	1  	5.6628  
11 	17.6365	[ 0.2192375  42.88118812]	[ 0.27722772 56.        ]	[ 0.11764706 28.        ]	[0.03297464 5.32002964]	15.8317	39 	4  	5.0797  
12 	17.7485	[ 0.23221074 43.68316832]	[ 0.28196721 57.        ]	[ 0.13839286 31.        ]	[0.02531411 4.62222503]	16.0297	40 	6  	5.4199  
13 	18.7972	[ 0.23064558 43.4950495 ]	[ 0.28476821 57.        ]	[ 0.1452514 33.       ]  	[0.02789584 4.23475428]	16.0495	39 	3  	4.46854 
14 	18.6589	[ 0.22847443 43.46534653]	[ 0.28476821 55.        ]	[0. 0.]                  	[0.03777566 5.84547613]	17.0099	39 	6  	5.62085 
15 	22.2127	[ 0.23054653 43.68316832]	[ 0.28476821 53.        ]	[ 0.13407821 28.        ]	[0.02975324 3.84844238]	17.8218	39 	3  	6.15219 
16 	21.1834	[ 0.23209991 42.72277228]	[ 0.29022082 53.        ]	[ 0.11836735 29.        ]	[0.03242834 4.22655165]	17.1188	29 	5  	4.84469 
17 	21.5154	[ 0.23095283 42.5049505 ]	[ 0.29022082 54.        ]	[ 0.13114754 32.        ]	[0.03194322 4.15211687]	17.3267	31 	2  	5.44661 
18 	20.4881	[ 0.23032769 43.18811881]	[ 0.29268293 54.        ]	[ 0.10126582 28.        ]	[0.03835761 4.53962286]	16.6139	30 	1  	5.7333  
19 	22.3384	[ 0.2357761  43.43564356]	[ 0.29268293 53.        ]	[ 0.15500945 36.        ]	[0.03398452 3.53879725]	17.396 	34 	4  	5.65174 
20 	24.2381	[ 0.23553133 43.1980198 ]	[ 0.30508475 55.        ]	[ 0.11111111 30.        ]	[0.03706244 4.75544462]	18.7129	34 	3  	5.44884 
21 	25.5354	[ 0.2422419  43.51485149]	[ 0.31511254 53.        ]	[ 0.13011152 33.        ]	[0.0314679 4.149708 ]  	18.8911	31 	4  	4.91291 
22 	27.1125	[ 0.24064961 43.94059406]	[ 0.31511254 54.        ]	[ 0.15352697 27.        ]	[0.03624654 4.23989021]	19.4752	33 	3  	5.65789 
23 	27.3245	[ 0.238483   43.55445545]	[ 0.31511254 52.        ]	[ 0.11981567 26.        ]	[0.03901212 4.81638139]	19.901 	33 	11 	4.46661 
24 	30.346 	[ 0.24683785 43.74257426]	[ 0.31511254 54.        ]	[ 0.11185682 25.        ]	[0.03736893 4.54820923]	20.5446	40 	3  	6.54992 
25 	35.7174	[ 0.24869753 44.88118812]	[ 0.31511254 53.        ]	[ 0.13163482 31.        ]	[0.04135281 4.41259926]	22.3069	38 	6  	6.44204 
26 	40.0479	[ 0.25420369 44.10891089]	[ 0.31511254 54.        ]	[ 0.14522822 29.        ]	[0.03605142 3.97243221]	23.6832	38 	7  	6.14339 
27 	46.707 	[ 0.25486631 44.82178218]	[ 0.31511254 54.        ]	[ 0.16101695 34.        ]	[0.03473151 3.6407921 ]	25.2079	38 	9  	5.52818 
28 	45.5277	[ 0.26073541 44.61386139]	[ 0.31511254 53.        ]	[ 0.11185682 25.        ]	[0.03706683 3.5765194 ]	25.3366	39 	8  	5.55491 
29 	46.5938	[ 0.25523514 45.        ]	[ 0.32131148 53.        ]	[ 0.15034169 33.        ]	[0.03980602 3.65057977]	25.9802	39 	9  	5.42816 
30 	51.1008	[ 0.25856033 45.14851485]	[ 0.32131148 54.        ]	[ 0.13067151 30.        ]	[0.03946584 4.44412202]	26.5446	39 	4  	5.73253 
31 	53.1813	[ 0.25127024 44.08910891]	[ 0.32131148 54.        ]	[ 0.11185682 25.        ]	[0.04375553 4.88095716]	27.4851	40 	1  	6.78469 
32 	53.6055	[ 0.25272514 45.3960396 ]	[ 0.32131148 54.        ]	[ 0.15607985 35.        ]	[0.04021677 3.81004199]	27.8812	40 	10 	5.62929 
33 	59.5332	[ 0.26007179 45.13861386]	[ 0.33108108 54.        ]	[ 0.14285714 35.        ]	[0.03987293 3.68306185]	27.5446	37 	11 	4.69785 
34 	58.2724	[ 0.25677813 44.26732673]	[ 0.33108108 52.        ]	[ 0.13304721 29.        ]	[0.0467435  4.64990384]	28.2376	37 	19 	4.41004 
35 	59.0729	[ 0.26099921 44.83168317]	[ 0.33108108 54.        ]	[ 0.15277778 32.        ]	[0.04338369 3.96536817]	28.7327	38 	15 	4.79457 
36 	60.934 	[ 0.25213047 44.11881188]	[ 0.32214765 56.        ]	[ 0.11180124 27.        ]	[0.04698611 4.7015631 ]	28.9307	38 	10 	5.30133 
37 	59.2136	[ 0.26570665 45.82178218]	[ 0.32214765 55.        ]	[ 0.15238095 35.        ]	[0.03386486 3.16038611]	28.703 	38 	18 	4.67465 
38 	52.2656	[ 0.25474921 44.78217822]	[ 0.32214765 56.        ]	[ 0.13067151 26.        ]	[0.0419602  4.75041209]	27.2178	39 	5  	6.36451 
39 	52.5772	[ 0.26388644 45.7029703 ]	[ 0.3257329 56.       ]  	[ 0.13127413 29.        ]	[0.03912459 4.29723502]	27.5545	40 	7  	5.92607 
40 	54.1797	[ 0.2671448  45.86138614]	[ 0.3257329 56.       ]  	[ 0.14035088 28.        ]	[0.03990058 3.99512005]	27.3465	39 	11 	5.251   
41 	50.6197	[ 0.26567887 45.16831683]	[ 0.3257329 54.       ]  	[ 0.15750916 33.        ]	[0.03865871 3.84879898]	26.4752	39 	15 	4.14489 
42 	50.7316	[ 0.26242609 45.14851485]	[ 0.330033 53.      ]    	[ 0.16734694 32.        ]	[0.03956136 4.17295901]	26.7426	39 	13 	4.56342 
43 	47.3355	[ 0.27154473 45.84158416]	[ 0.34814815 52.        ]	[ 0.15034169 33.        ]	[0.03887975 3.51441916]	25.6931	39 	14 	4.47157 
44 	45.139 	[ 0.26447475 44.94059406]	[ 0.34814815 53.        ]	[0. 0.]                  	[0.05321602 6.49725271]	25.0099	40 	5  	4.49971 
45 	44.3139	[ 0.25937251 45.4950495 ]	[ 0.34814815 57.        ]	[0. 0.]                  	[0.04892614 6.08947113]	24.8713	39 	11 	4.44028 
46 	44.3338	[ 0.26166317 45.62376238]	[ 0.32432432 54.        ]	[ 0.14074074 33.        ]	[0.04361704 4.56818851]	24.8713	36 	11 	4.40221 
47 	47.9153	[ 0.26747304 45.54455446]	[ 0.32484076 52.        ]	[ 0.12578616 30.        ]	[0.03965352 4.69574223]	26.0891	39 	1  	5.35123 
48 	47.5548	[ 0.2716578  46.35643564]	[ 0.32786885 53.        ]	[ 0.14992504 26.        ]	[0.04170705 4.44456317]	26.6139	39 	10 	6.03451 
49 	51.0851	[ 0.27847457 46.57425743]	[ 0.32786885 59.        ]	[ 0.16335541 33.        ]	[0.03970279 4.28524185]	28.2673	40 	10 	6.32752 
50 	54.5636	[ 0.26422467 45.91089109]	[ 0.33226837 53.        ]	[ 0.15589354 34.        ]	[0.04848283 3.92528995]	29.297 	40 	7  	6.97172 
51 	52.5234	[ 0.27552383 46.57425743]	[ 0.33112583 53.        ]	[ 0.15073529 37.        ]	[0.04354128 3.4161716 ]	29.0495	40 	11 	6.88574 
52 	54.9073	[ 0.26652833 46.01980198]	[ 0.33548387 53.        ]	[ 0.14754098 30.        ]	[0.04865869 4.83792812]	30.1782	40 	11 	6.92305 
53 	54.4838	[ 0.2703641  46.79207921]	[ 0.33548387 53.        ]	[ 0.13438735 28.        ]	[0.0471766  4.79751758]	31.6238	40 	11 	7.03999 
54 	49.9597	[ 0.27163675 46.73267327]	[ 0.33440514 60.        ]	[ 0.11742424 31.        ]	[0.04805536 4.95102967]	31.5347	40 	11 	7.17333 
55 	48.0951	[ 0.27545821 46.98019802]	[ 0.34027778 53.        ]	[ 0.15077605 33.        ]	[0.04854541 4.37359357]	31.802 	40 	2  	7.67666 
56 	48.9126	[ 0.28072969 48.08910891]	[ 0.34027778 57.        ]	[ 0.14462081 32.        ]	[0.05130797 3.90505894]	33.3663	40 	11 	6.29116 
57 	46.3754	[ 0.27174954 46.61386139]	[ 0.34437086 53.        ]	[ 0.14444444 28.        ]	[0.05845934 5.2312282 ]	32.7228	40 	11 	6.74884 
58 	49.7184	[ 0.280119   47.76237624]	[ 0.34437086 53.        ]	[ 0.14155251 31.        ]	[0.05235076 4.46581851]	33.7624	40 	11 	5.87518 
59 	47.6311	[ 0.27319063 47.28712871]	[ 0.34437086 56.        ]	[ 0.12024048 29.        ]	[0.05414191 5.48505916]	32.7624	40 	6  	7.08107 
60 	46.9965	[ 0.2752643  47.47524752]	[ 0.34437086 53.        ]	[ 0.13610586 28.        ]	[0.0543882  5.14077865]	33.1287	40 	5  	5.9364  
61 	44.7812	[ 0.28119652 47.53465347]	[ 0.34437086 55.        ]	[ 0.13272311 29.        ]	[0.05551898 5.41279079]	32.1089	40 	13 	5.77619 
62 	45.5686	[ 0.28163584 47.97029703]	[ 0.34437086 54.        ]	[ 0.15865385 33.        ]	[0.05031575 4.70612713]	32.3762	40 	11 	5.83749 
63 	45.35  	[ 0.28725603 49.0990099 ]	[ 0.34437086 53.        ]	[ 0.15959253 36.        ]	[0.04342472 3.05884515]	33.7129	40 	17 	3.38704 
64 	45.3825	[ 0.29014793 49.06930693]	[ 0.34437086 55.        ]	[ 0.13553719 33.        ]	[0.04787033 3.96084156]	33.3267	40 	11 	4.40995 
65 	50.3783	[ 0.27970372 48.57425743]	[ 0.34437086 59.        ]	[ 0.11811024 30.        ]	[0.05444619 4.80376613]	33.3366	40 	11 	4.84671 
66 	49.971 	[ 0.26593064 47.05940594]	[ 0.34437086 55.        ]	[ 0.13257576 30.        ]	[0.05812204 5.90992081]	32.1188	40 	9  	6.52836 
67 	47.4519	[ 0.27473553 48.17821782]	[ 0.34437086 55.        ]	[ 0.14595661 31.        ]	[0.05452857 4.68068718]	32.4158	40 	6  	6.22875 
68 	50.5502	[ 0.27949897 48.54455446]	[ 0.34437086 56.        ]	[ 0.12598425 32.        ]	[0.05263913 4.30639578]	32.8614	40 	5  	5.31955 
69 	49.4129	[ 0.28678992 48.88118812]	[ 0.34437086 56.        ]	[ 0.16205534 31.        ]	[0.04744645 4.54523388]	32.297 	40 	11 	6.40783 
70 	54.2659	[ 0.27963539 48.64356436]	[ 0.34437086 55.        ]	[ 0.15966387 36.        ]	[0.05399135 4.34088132]	33.8317	40 	14 	5.48638 
71 	51.9436	[ 0.2826137  47.95049505]	[ 0.34437086 54.        ]	[ 0.10162602 25.        ]	[0.05187481 5.68718594]	33.505 	40 	2  	6.90906 
72 	53.6001	[ 0.27759644 47.4950495 ]	[ 0.34437086 56.        ]	[ 0.12598425 30.        ]	[0.05153383 5.63690766]	32.8812	40 	3  	7.33402 
73 	54.9273	[ 0.28689658 48.59405941]	[ 0.34437086 54.        ]	[ 0.14828897 37.        ]	[0.05012737 4.51220176]	32.8713	40 	12 	6.6193  
74 	61.2503	[ 0.28382583 49.08910891]	[ 0.34437086 61.        ]	[ 0.16470588 28.        ]	[0.04690757 5.11665696]	34.4554	40 	14 	5.11167 
75 	64.3711	[ 0.28615394 49.54455446]	[ 0.34527687 57.        ]	[ 0.14136126 27.        ]	[0.05052657 4.41985787]	34.7822	40 	23 	3.49994 
76 	67.7694	[ 0.2960393  49.62376238]	[ 0.34527687 54.        ]	[ 0.15473888 32.        ]	[0.04644773 3.88663994]	34.8218	40 	13 	4.11324 
77 	69.4564	[ 0.296583   50.00990099]	[ 0.34527687 57.        ]	[ 0.1671159 31.       ]  	[0.04542499 4.15180993]	34.6139	40 	14 	3.95262 
78 	71.3728	[ 0.29332513 49.74257426]	[ 0.34527687 60.        ]	[ 0.15280899 32.        ]	[0.04767705 4.91845074]	34.9901	40 	26 	3.39917 
79 	69.6083	[ 0.29572374 49.81188119]	[ 0.34527687 57.        ]	[ 0.11787072 31.        ]	[0.04624403 4.46263446]	34.4257	40 	3  	4.55407 
80 	73.0328	[ 0.29395131 49.98019802]	[ 0.34527687 55.        ]	[ 0.16141732 38.        ]	[0.04560504 3.50100466]	34.9505	40 	26 	2.68983 
81 	70.6966	[ 0.2988098  50.43564356]	[ 0.34527687 54.        ]	[ 0.14919355 37.        ]	[0.0434256  3.06179214]	34.7525	40 	24 	3.2286  
82 	73.2306	[ 0.2990472  50.24752475]	[ 0.34527687 56.        ]	[ 0.17467249 36.        ]	[0.04437066 3.51349855]	35.297 	40 	24 	3.25042 
83 	70.5313	[ 0.29836409 50.43564356]	[ 0.34527687 56.        ]	[ 0.15686275 36.        ]	[0.0444898  3.56666592]	34.703 	40 	19 	3.54754 
84 	72.2517	[ 0.28825763 49.5049505 ]	[ 0.34527687 55.        ]	[ 0.16563147 33.        ]	[0.05113736 4.57852015]	35.297 	40 	29 	2.61959 
85 	74.9553	[ 0.3032533  50.56435644]	[ 0.34527687 55.        ]	[ 0.18860511 36.        ]	[0.03901787 2.97652812]	34.9604	40 	26 	2.72837 
86 	69.1027	[ 0.29624215 49.66336634]	[ 0.34527687 54.        ]	[ 0.11715481 28.        ]	[0.04691445 4.4882183 ]	34.6832	40 	18 	3.22715 
87 	74.9356	[ 0.29187512 49.72277228]	[ 0.34527687 56.        ]	[ 0.14770459 37.        ]	[0.04825261 3.89749554]	34.4653	40 	23 	3.18587 
88 	72.0498	[ 0.28746231 48.97029703]	[ 0.34527687 57.        ]	[0. 0.]                  	[0.05735817 6.39067304]	33.9307	40 	18 	3.71045 
89 	66.3682	[ 0.29071352 49.66336634]	[ 0.34527687 54.        ]	[ 0.11262136 29.        ]	[0.05234564 4.44833316]	33.3663	40 	2  	4.78596 
90 	71.64  	[ 0.30389423 50.46534653]	[ 0.34527687 58.        ]	[ 0.17889908 30.        ]	[0.03738723 4.08708266]	33.8317	40 	15 	3.98281 
91 	75.0454	[ 0.29788905 49.7029703 ]	[ 0.34527687 54.        ]	[ 0.1631068 37.       ]  	[0.04722289 4.01123312]	33.9109	40 	20 	3.94793 
92 	69.0142	[ 0.29351361 49.78217822]	[ 0.34527687 55.        ]	[ 0.17431193 37.        ]	[0.04486596 3.83213086]	33.6238	40 	10 	5.00465 
93 	68.1444	[ 0.28787817 49.16831683]	[ 0.34527687 58.        ]	[ 0.11262136 29.        ]	[0.05472903 5.38253374]	32.495 	40 	5  	4.66634 
94 	69.0779	[ 0.29111202 49.54455446]	[ 0.33766234 59.        ]	[ 0.1637931 36.       ]  	[0.04830754 4.0455935 ]	32.901 	40 	23 	3.70578 
95 	71.795 	[ 0.29176189 49.85148515]	[ 0.33766234 58.        ]	[ 0.1754386 38.       ]  	[0.04530166 3.91844114]	33.495 	39 	23 	3.8937  
96 	70.4073	[ 0.29280813 49.58415842]	[ 0.33876221 58.        ]	[ 0.14196242 34.        ]	[0.04905343 4.30580388]	33.4356	40 	23 	3.71088 
97 	72.2174	[ 0.29391065 49.68316832]	[ 0.34083601 56.        ]	[ 0.14285714 36.        ]	[0.04735868 4.05392047]	33.297 	40 	18 	4.09188 
98 	70.4333	[ 0.28432553 48.83168317]	[ 0.34177215 55.        ]	[ 0.13043478 31.        ]	[0.05390446 5.0267981 ]	32.9703	40 	6  	5.46538 
99 	68.9155	[ 0.28336662 49.07920792]	[ 0.34177215 57.        ]	[ 0.12825651 32.        ]	[0.05516266 5.03587755]	32.4752	40 	23 	4.09925 
100	65.821 	[ 0.29605185 49.95049505]	[ 0.34177215 60.        ]	[ 0.1635514 34.       ]  	[0.04187679 4.47075478]	31.8614	40 	23 	4.50089 
101	65.8454	[ 0.29062528 49.56435644]	[ 0.34177215 57.        ]	[ 0.13646055 32.        ]	[0.04673455 4.1706562 ]	31.4455	40 	16 	4.62981 
102	63.5546	[ 0.28716457 48.77227723]	[ 0.34323432 54.        ]	[ 0.15625 30.     ]      	[0.04889705 4.52688599]	30.7426	39 	23 	4.63874 
103	65.389 	[ 0.28795704 49.0990099 ]	[ 0.34323432 54.        ]	[ 0.1568 30.    ]        	[0.05171361 4.67032967]	31.0594	40 	23 	4.42724 
104	62.5219	[ 0.29056886 49.65346535]	[ 0.34323432 56.        ]	[ 0.13901345 31.        ]	[0.04997495 4.46423775]	31.4851	40 	1  	5.90287 
105	66.7451	[ 0.28488711 48.57425743]	[ 0.34323432 54.        ]	[ 0.12331407 32.        ]	[0.05169527 4.99771539]	33.7228	40 	2  	5.82436 
106	67.4827	[ 0.28591202 49.11881188]	[ 0.34323432 58.        ]	[ 0.11347518 24.        ]	[0.05024498 4.72257508]	34.3465	40 	25 	4.44646 
107	68.0353	[ 0.28082595 48.75247525]	[ 0.34437086 54.        ]	[ 0.15448852 36.        ]	[0.05098604 3.88295575]	34.4554	40 	17 	4.56314 
108	67.0505	[ 0.2796168  48.79207921]	[ 0.34437086 55.        ]	[ 0.15675676 29.        ]	[0.0498188  4.36075394]	34.6733	40 	15 	4.86472 
109	67.9595	[ 0.28769529 49.01980198]	[ 0.34437086 56.        ]	[0. 0.]                  	[0.05523165 6.33391031]	34.9505	40 	23 	4.52797 
110	68.2407	[ 0.29161683 49.27722772]	[ 0.34437086 54.        ]	[ 0.16831683 34.        ]	[0.04576223 4.21951809]	34.3564	40 	23 	5.05335 
111	73.7067	[ 0.28787442 49.04950495]	[ 0.34437086 56.        ]	[ 0.15121951 31.        ]	[0.04750785 4.49945263]	34.7624	40 	25 	4.30093 
112	76.411 	[ 0.29218857 49.62376238]	[ 0.34437086 54.        ]	[ 0.14909091 37.        ]	[0.04963571 3.76763572]	35.2376	40 	23 	3.95306 
113	73.9229	[ 0.29771387 49.89108911]	[ 0.34437086 54.        ]	[ 0.176 34.   ]          	[0.04165994 3.33567868]	35.4851	40 	23 	3.86304 
114	77.4733	[ 0.2949239  49.81188119]	[ 0.34437086 56.        ]	[ 0.15802469 32.        ]	[0.04586671 3.98440741]	35.6535	40 	27 	3.36092 
115	75.8649	[ 0.28724828 49.24752475]	[ 0.34437086 56.        ]	[ 0.16190476 33.        ]	[0.050276   4.77701995]	35.297 	40 	23 	3.67907 
116	76.1992	[ 0.28864304 49.01980198]	[ 0.34437086 56.        ]	[ 0.15904573 33.        ]	[0.05295772 4.70512718]	35.0693	40 	23 	3.72643 
117	72.8262	[ 0.28556516 49.16831683]	[ 0.34437086 57.        ]	[ 0.13553114 31.        ]	[0.05139531 4.30074667]	34.6634	40 	23 	4.00069 
118	73.621 	[ 0.28277031 48.41584158]	[ 0.34437086 55.        ]	[ 0.12939002 32.        ]	[0.05594444 5.35523678]	35.5149	40 	24 	3.24759 
119	74.8529	[ 0.29279993 49.33663366]	[ 0.34437086 57.        ]	[ 0.16385542 34.        ]	[0.04756752 4.57993304]	35.4158	40 	24 	3.32488 
120	72.4105	[ 0.29274241 48.93069307]	[ 0.34437086 54.        ]	[0. 0.]                  	[0.05506138 6.50705242]	34.9802	39 	24 	4.12426 
121	71.6881	[ 0.29506812 49.67326733]	[ 0.34437086 56.        ]	[ 0.10351201 28.        ]	[0.04839042 5.04849534]	35.0792	38 	3  	4.70029 
122	73.9653	[ 0.29267174 49.54455446]	[ 0.34437086 59.        ]	[ 0.15277778 33.        ]	[0.05093236 4.69995735]	35.2871	40 	28 	3.47932 
123	74.0922	[ 0.29552864 49.63366337]	[ 0.34437086 57.        ]	[0. 0.]                  	[0.05192568 6.19920591]	35.6337	40 	14 	4.11162 
124	73.9373	[ 0.28361054 48.58415842]	[ 0.34437086 56.        ]	[ 0.14391144 35.        ]	[0.05354473 4.7413649 ]	35.1386	39 	26 	3.64795 
125	74.4023	[ 0.29473191 49.58415842]	[ 0.34415584 56.        ]	[ 0.15873016 35.        ]	[0.04930071 4.1273474 ]	35.3168	40 	18 	4.11934 
126	71.2711	[ 0.29641399 49.89108911]	[ 0.34527687 55.        ]	[ 0.11262136 29.        ]	[0.04842263 4.2354024 ]	34.9703	39 	7  	4.69138 
127	73.5441	[ 0.29612519 50.1980198 ]	[ 0.34527687 57.        ]	[ 0.16929134 31.        ]	[0.04577127 3.80728796]	35.1485	40 	17 	4.28533 
128	73.1355	[ 0.2933259 49.6039604]  	[ 0.34527687 54.        ]	[ 0.12134831 27.        ]	[0.04696543 4.61611299]	35.0297	40 	7  	4.7978  
129	75.2441	[ 0.29683981 50.08910891]	[ 0.34527687 56.        ]	[ 0.13627993 34.        ]	[0.05117066 4.33749257]	35.9604	40 	24 	3.74674 
130	78.7896	[ 0.29614927 49.73267327]	[ 0.34640523 55.        ]	[ 0.16299559 35.        ]	[0.04735332 4.33473443]	37.0594	40 	23 	2.72437 
131	79.9922	[ 0.3003318  50.36633663]	[ 0.34640523 57.        ]	[ 0.16777042 36.        ]	[0.04604777 3.97198799]	37.0594	39 	27 	2.94444 
132	83.1505	[ 0.30608365 50.76237624]	[ 0.34640523 56.        ]	[ 0.17586912 39.        ]	[0.04061171 3.07061614]	37.6931	40 	26 	2.33248 
133	89.2506	[ 0.28854831 49.21782178]	[ 0.34640523 56.        ]	[0. 0.]                  	[0.05629863 6.54701801]	37.3168	40 	8  	3.88174 
134	87.5826	[ 0.29688833 50.0990099 ]	[ 0.34640523 58.        ]	[ 0.17518248 37.        ]	[0.04146278 3.55579279]	37.5248	40 	24 	2.67957 
135	82.256 	[ 0.2971806  49.63366337]	[ 0.34868421 55.        ]	[ 0.15744681 35.        ]	[0.05112253 4.3137422 ]	37.3564	40 	22 	2.97376 
136	88.5503	[ 0.29505893 49.61386139]	[ 0.34868421 54.        ]	[ 0.15845824 35.        ]	[0.05205736 4.36450648]	36.901 	40 	26 	3.00002 
137	84.5263	[ 0.29920012 50.06930693]	[ 0.34868421 56.        ]	[ 0.18510158 38.        ]	[0.04021889 3.50461485]	36.6535	40 	7  	4.97406 
138	86.9944	[ 0.2906198  49.51485149]	[ 0.34868421 57.        ]	[ 0.13839286 31.        ]	[0.05224139 4.28123666]	37.2772	40 	6  	4.02497 
139	91.3431	[ 0.29502335 50.10891089]	[ 0.34868421 57.        ]	[ 0.17672414 36.        ]	[0.04675918 3.57909494]	37.6436	40 	28 	2.63857 
140	89.0274	[ 0.2970836  50.14851485]	[ 0.34868421 54.        ]	[ 0.1802935 36.       ]  	[0.04579743 3.69475448]	37.4059	40 	28 	2.97574 
141	83.8866	[ 0.29885798 50.1980198 ]	[ 0.34868421 55.        ]	[ 0.11985019 32.        ]	[0.04665623 3.90232173]	36.4455	40 	3  	5.12705 
142	78.5888	[ 0.29786396 50.07920792]	[ 0.34868421 57.        ]	[ 0.11089866 29.        ]	[0.04623402 4.28832901]	35.3762	40 	5  	5.83409 
143	85.6666	[ 0.29024192 49.69306931]	[ 0.34868421 57.        ]	[ 0.16326531 28.        ]	[0.050689   4.41137722]	36.2277	40 	27 	3.80433 
144	77.842 	[ 0.30398747 50.69306931]	[ 0.34868421 57.        ]	[ 0.18067227 41.        ]	[0.03965117 2.69852389]	34.9802	40 	27 	4.14103 
145	81.3871	[ 0.29428272 49.69306931]	[ 0.34868421 54.        ]	[ 0.14048059 36.        ]	[0.05335156 4.18091509]	35.2871	39 	9  	4.78516 
146	83.0032	[ 0.3011488  50.18811881]	[ 0.34868421 54.        ]	[ 0.16082474 36.        ]	[0.04739065 3.45182653]	35.5743	39 	29 	3.85722 
147	79.6165	[ 0.29850808 49.71287129]	[ 0.34868421 55.        ]	[0. 0.]                  	[0.05076141 6.09388045]	34.7129	39 	19 	4.20828 
148	79.6276	[ 0.29946662 49.87128713]	[ 0.34868421 54.        ]	[ 0.13061224 32.        ]	[0.04965842 4.22079568]	34.6436	39 	26 	4.11369 
149	80.8069	[ 0.294701   50.05940594]	[ 0.34868421 55.        ]	[ 0.12871287 35.        ]	[0.05326383 3.89419925]	34.4851	39 	30 	4.12098 
150	79.4296	[ 0.29537475 49.98019802]	[ 0.34868421 54.        ]	[ 0.16883117 30.        ]	[0.04986774 3.62876352]	34.2178	39 	30 	4.17585 
151	80.6256	[ 0.29913697 49.85148515]	[ 0.34868421 57.        ]	[ 0.17293233 32.        ]	[0.04662945 4.18243886]	34.5743	40 	25 	4.33577 
152	84.7956	[ 0.29409088 49.78217822]	[ 0.34868421 57.        ]	[ 0.18362283 37.        ]	[0.04782662 4.06288187]	34.6139	40 	25 	4.4074  
153	86.6198	[ 0.3001585  50.16831683]	[ 0.34868421 55.        ]	[ 0.17412935 35.        ]	[0.0463564  3.82298755]	35.2079	40 	30 	4.2527  
154	84.8708	[ 0.3037292  50.13861386]	[ 0.34868421 54.        ]	[ 0.12774451 32.        ]	[0.04208018 3.76021303]	34.2079	40 	3  	5.96909 
155	89.4687	[ 0.29236609 49.6039604 ]	[ 0.34868421 56.        ]	[ 0.17375231 38.        ]	[0.05239285 3.85910062]	35.7525	39 	30 	4.13247 
156	83.9195	[ 0.29462048 49.6039604 ]	[ 0.34868421 57.        ]	[ 0.11111111 28.        ]	[0.05115073 4.67790087]	34.6337	40 	3  	5.28724 
157	83.358 	[ 0.29122469 49.38613861]	[ 0.34899329 54.        ]	[ 0.16216216 36.        ]	[0.05627853 4.4365054 ]	34.901 	39 	30 	4.25314 
158	84.2006	[ 0.30068706 50.55445545]	[ 0.34899329 56.        ]	[ 0.18518519 40.        ]	[0.04265405 3.24411195]	35.901 	39 	30 	3.91115 
159	87.1068	[ 0.29772917 49.96039604]	[ 0.34899329 55.        ]	[ 0.13839286 31.        ]	[0.05033443 4.13131195]	36.0891	39 	6  	5.38075 
160	82.8996	[ 0.30332929 50.61386139]	[ 0.34899329 58.        ]	[ 0.10683761 25.        ]	[0.04636822 4.12423482]	36.5941	39 	7  	4.41011 
161	79.9813	[ 0.29957459 49.95049505]	[ 0.34899329 55.        ]	[ 0.13839286 31.        ]	[0.04714123 4.09872291]	36.0594	39 	6  	4.56812 
162	90.04  	[ 0.298618   50.06930693]	[ 0.34899329 56.        ]	[ 0.136 34.   ]          	[0.04611493 3.758179  ]	36.2673	40 	30 	3.41195 
163	91.8884	[ 0.30364519 50.31683168]	[ 0.34899329 57.        ]	[ 0.16666667 27.        ]	[0.04418669 4.02450586]	36.3564	40 	14 	3.86552 
164	92.9549	[ 0.29332202 49.54455446]	[ 0.34899329 56.        ]	[ 0.14364641 31.        ]	[0.05348644 4.14949538]	36.4851	40 	14 	4.0114  
165	91.2695	[ 0.30386506 50.43564356]	[ 0.34899329 54.        ]	[ 0.1880651 36.       ]  	[0.04088624 3.34313495]	36.703 	40 	29 	3.33759 
166	92.2008	[ 0.30343167 50.25742574]	[ 0.35616438 56.        ]	[ 0.16509434 35.        ]	[0.0455531  3.58670114]	36.9406	40 	30 	3.17422 
167	100.046	[ 0.30847474 50.76237624]	[ 0.35616438 56.        ]	[ 0.16666667 31.        ]	[0.04209707 3.55201383]	37.5545	40 	30 	2.5465  
168	104.195	[ 0.30441713 50.23762376]	[ 0.36486486 54.        ]	[ 0.15970962 33.        ]	[0.04130477 3.23394286]	37.6931	40 	30 	2.45652 
169	108.461	[ 0.30043116 49.71287129]	[ 0.36486486 54.        ]	[ 0.10626186 28.        ]	[0.04886065 4.62737578]	37.7723	40 	6  	4.08543 
170	116.896	[ 0.30514508 50.52475248]	[ 0.36486486 57.        ]	[ 0.16335541 36.        ]	[0.04540445 4.02859595]	38.6337	40 	35 	1.14945 
171	107.504	[ 0.29823741 49.88118812]	[ 0.36486486 54.        ]	[ 0.14919355 34.        ]	[0.04676167 3.87243912]	38.3564	40 	6  	3.56158 
172	113.128	[ 0.3030079  50.10891089]	[ 0.36486486 55.        ]	[ 0.18636364 38.        ]	[0.04380454 3.56245824]	38.7426	40 	33 	1.08686 
173	110.235	[ 0.30483659 50.8019802 ]	[ 0.36486486 58.        ]	[ 0.172949 37.      ]    	[0.04683042 3.8357872 ]	38.2277	40 	9  	3.35928 
174	106.547	[ 0.29840861 49.89108911]	[ 0.36486486 58.        ]	[ 0.17142857 33.        ]	[0.04613765 4.66904911]	38.0396	40 	30 	2.44107 
175	132.209	[ 0.30733619 50.66336634]	[ 0.36486486 54.        ]	[ 0.15079365 35.        ]	[0.04214007 3.43043232]	38.1683	40 	30 	1.64148 
176	134.271	[ 0.29772018 49.92079208]	[ 0.34615385 55.        ]	[ 0.11983471 29.        ]	[0.05695264 5.31890551]	37.7129	40 	5  	4.63593 
177	138.602	[ 0.29612222 49.91089109]	[ 0.34615385 55.        ]	[ 0.12406015 33.        ]	[0.05257824 4.71798541]	37.9802	40 	24 	1.57945 
178	142.379	[ 0.30022732 50.84158416]	[ 0.34615385 56.        ]	[ 0.16535433 36.        ]	[0.04600103 3.49180844]	38.198 	40 	36 	0.613702
179	150.101	[ 0.29470311 50.43564356]	[ 0.34640523 56.        ]	[ 0.1328125 31.       ]  	[0.05374285 4.86941524]	38.1881	40 	38 	0.481599
180	151.426	[ 0.30116134 50.66336634]	[ 0.34640523 57.        ]	[ 0.17444219 40.        ]	[0.04891894 3.8724138 ]	38.1188	40 	38 	0.405095
181	147.331	[ 0.29831469 50.02970297]	[ 0.34640523 58.        ]	[ 0.1252302 29.       ]  	[0.0519776 4.7438453]  	37.9406	40 	24 	1.62786 
182	146.052	[ 0.29461518 49.97029703]	[ 0.34640523 55.        ]	[ 0.15132924 31.        ]	[0.05527613 5.11541148]	38.1782	40 	37 	0.569802
183	148.256	[ 0.30466379 50.43564356]	[ 0.35179153 56.        ]	[ 0.1655481 31.       ]  	[0.04753537 4.83062803]	38.1584	40 	37 	0.558156
184	146.749	[ 0.30171118 50.34653465]	[ 0.35179153 55.        ]	[ 0.16263736 31.        ]	[0.04772269 4.43084518]	38.2079	40 	37 	0.602254
185	150.889	[ 0.30314559 50.59405941]	[ 0.35179153 54.        ]	[ 0.14035088 31.        ]	[0.05100227 4.28485294]	38.2574	40 	37 	0.574257
186	145.194	[ 0.31173741 51.20792079]	[ 0.35179153 55.        ]	[ 0.18786693 40.        ]	[0.03740385 3.09684231]	38.1287	40 	29 	1.12279 
187	149.114	[ 0.30246849 50.28712871]	[ 0.35179153 55.        ]	[ 0.16935484 37.        ]	[0.04760596 4.05246932]	38.198 	40 	33 	0.985236
188	148.145	[ 0.31447269 51.13861386]	[ 0.35179153 54.        ]	[ 0.18329939 32.        ]	[0.04200274 3.51525587]	38.2277	39 	33 	1.09798 
189	156.271	[ 0.30365454 50.17821782]	[ 0.34951456 57.        ]	[ 0.15859031 33.        ]	[0.05001235 4.50609277]	38.4851	40 	27 	1.39741 
190	155.997	[ 0.29960778 50.26732673]	[ 0.34951456 55.        ]	[ 0.16962525 30.        ]	[0.05095806 4.04648996]	38.4455	39 	31 	1.14732 
191	153.785	[ 0.30732138 51.08910891]	[ 0.34983498 56.        ]	[ 0.16049383 35.        ]	[0.04658344 3.36875277]	38.5347	40 	31 	1.19043 
192	154.012	[ 0.3111117  50.44554455]	[ 0.35064935 55.        ]	[ 0.17987152 36.        ]	[0.04207509 3.73231871]	38.7921	39 	35 	0.649704
193	157.269	[ 0.31728759 51.36633663]	[ 0.35064935 56.        ]	[ 0.18079096 35.        ]	[0.03937288 2.78156154]	38.8713	40 	37 	0.389551
194	159.963	[ 0.31108441 51.11881188]	[ 0.35064935 56.        ]	[ 0.17105263 36.        ]	[0.04563125 3.85193054]	38.8713	40 	38 	0.389551
195	153.52 	[ 0.31150521 51.02970297]	[ 0.35064935 56.        ]	[ 0.17647059 34.        ]	[0.0463738  3.56955067]	38.8515	40 	38 	0.453504
196	157.949	[ 0.30329553 50.8019802 ]	[ 0.35064935 56.        ]	[ 0.17118998 36.        ]	[0.05057373 3.92509015]	38.901 	40 	38 	0.410384
197	159.281	[ 0.30198204 50.51485149]	[ 0.35064935 57.        ]	[ 0.16203704 35.        ]	[0.051446   4.67691584]	38.9406	40 	38 	0.462918
198	162.17 	[ 0.31436505 51.05940594]	[ 0.35064935 57.        ]	[ 0.17270195 31.        ]	[0.0417699  3.69324184]	38.9406	40 	33 	0.755466
199	161.149	[ 0.3088979  50.81188119]	[ 0.35064935 54.        ]	[ 0.18274112 29.        ]	[0.04715778 3.93942467]	39.0891	40 	38 	0.5468  
200	163.351	[ 0.31085079 51.02970297]	[ 0.3537415 57.       ]  	[ 0.18480493 39.        ]	[0.04396465 3.31051564]	39.198 	40 	38 	0.563226
201	159.719	[ 0.31179431 51.04950495]	[ 0.3537415 55.       ]  	[ 0.17634409 35.        ]	[0.04648717 3.36368562]	39.1782	40 	35 	0.709149
202	157.819	[ 0.30851243 50.43564356]	[ 0.3537415 57.       ]  	[ 0.16 34.  ]            	[0.04746773 4.15876943]	39.1485	40 	35 	0.825175
203	158.785	[ 0.31340223 51.20792079]	[ 0.35179153 55.        ]	[ 0.16698292 31.        ]	[0.04424764 3.94094232]	38.9901	40 	35 	0.764238
204	156.589	[ 0.31102304 51.11881188]	[ 0.35179153 54.        ]	[ 0.18574514 36.        ]	[0.04106372 3.34867235]	39.0297	40 	35 	0.681516
205	159.998	[ 0.31453588 50.76237624]	[ 0.35179153 54.        ]	[ 0.16393443 35.        ]	[0.04480562 4.14382163]	39.1881	40 	38 	0.557805
206	156.512	[ 0.30581222 50.55445545]	[ 0.35179153 55.        ]	[ 0.1216458 33.       ]  	[0.0531494  4.48644879]	38.8713	40 	5  	3.48594 
207	161.224	[ 0.30269273 50.67326733]	[ 0.35179153 56.        ]	[ 0.17578125 35.        ]	[0.05024249 3.95796955]	39.2475	40 	38 	0.55233 
208	165.677	[ 0.30639328 50.18811881]	[ 0.34983498 54.        ]	[ 0.16317992 34.        ]	[0.05085385 4.61747192]	39.4158	40 	38 	0.549839
209	158.087	[ 0.30388393 50.41584158]	[ 0.35051546 55.        ]	[ 0.14468085 34.        ]	[0.05133638 4.15365121]	39.2871	40 	33 	0.800206
210	158.793	[ 0.3025782  50.43564356]	[ 0.35294118 54.        ]	[ 0.17114914 35.        ]	[0.05139999 3.75068533]	39.2772	40 	38 	0.509685
211	165.224	[ 0.30230092 50.51485149]	[ 0.35294118 56.        ]	[ 0.176 32.   ]          	[0.05316956 4.34778619]	39.2673	40 	38 	0.560959
212	160.257	[ 0.29953759 50.51485149]	[ 0.35294118 57.        ]	[ 0.17557252 34.        ]	[0.0531089  4.45130721]	39.3366	40 	38 	0.601602
213	161.132	[ 0.31458092 51.43564356]	[ 0.35294118 55.        ]	[ 0.18141593 41.        ]	[0.03858585 2.67521015]	39.3663	40 	35 	0.740922
214	156.213	[ 0.30131034 50.35643564]	[ 0.35294118 55.        ]	[ 0.15465729 34.        ]	[0.05327407 4.28348003]	39.2178	40 	36 	0.765648
215	156.819	[ 0.3117508  50.44554455]	[ 0.35294118 55.        ]	[ 0.17471264 36.        ]	[0.04646545 3.95137587]	39.2574	40 	36 	0.840244
216	156.85 	[ 0.31089073 50.81188119]	[ 0.35294118 55.        ]	[ 0.15071283 37.        ]	[0.04381089 3.37935746]	39.2673	40 	38 	0.743168
217	152.173	[ 0.30327506 50.21782178]	[ 0.35294118 56.        ]	[ 0.14180929 29.        ]	[0.05027396 4.32493109]	39.198 	40 	33 	1.15201 
218	150.262	[ 0.30487817 50.51485149]	[ 0.35016835 57.        ]	[ 0.17943107 38.        ]	[0.04773791 3.80363001]	39.2376	40 	35 	0.966247
219	150.828	[ 0.29413067 50.32673267]	[ 0.35016835 56.        ]	[ 0.16291161 38.        ]	[0.05615261 4.09324222]	39.3168	40 	36 	0.974229
220	152.976	[ 0.30819957 50.54455446]	[ 0.35016835 56.        ]	[ 0.15789474 36.        ]	[0.04572076 3.67362759]	39.3861	40 	33 	1.04332 
221	149.478	[ 0.31075309 50.43564356]	[ 0.35064935 54.        ]	[ 0.16029144 34.        ]	[0.04562561 3.91345949]	39.3762	40 	33 	1.05165 
222	149.558	[ 0.29420698 49.68316832]	[ 0.35064935 57.        ]	[ 0.13807531 33.        ]	[0.05485027 4.52261795]	39.3861	40 	33 	1.08061 
223	153.576	[ 0.29904558 50.4950495 ]	[ 0.35215947 55.        ]	[ 0.18340611 38.        ]	[0.04855546 3.67928039]	39.6931	40 	38 	0.575792
224	153.108	[ 0.30235795 50.21782178]	[ 0.35099338 56.        ]	[ 0.12144213 32.        ]	[0.04797885 4.26034898]	39.6436	40 	33 	0.874095
225	154.761	[ 0.30702506 50.72277228]	[ 0.35099338 57.        ]	[ 0.15104167 29.        ]	[0.04904186 4.14136059]	39.604 	40 	33 	0.868357
226	157.5  	[ 0.30374893 50.59405941]	[ 0.35099338 56.        ]	[ 0.14130435 37.        ]	[0.05291181 3.8154927 ]	39.6337	40 	34 	0.792574
227	158.379	[ 0.31397063 51.15841584]	[ 0.35099338 58.        ]	[ 0.16703297 32.        ]	[0.04326471 3.7515216 ]	39.8119	40 	38 	0.481599
228	162.932	[ 0.30554907 50.44554455]	[ 0.35099338 56.        ]	[ 0.17272727 37.        ]	[0.04939077 3.88058189]	39.8713	40 	38 	0.459517
229	161.888	[ 0.30722017 50.94059406]	[ 0.35294118 56.        ]	[ 0.1634981 33.       ]  	[0.04999908 3.78067463]	39.8515	40 	38 	0.474835
230	158.091	[ 0.3119308 50.8019802]  	[ 0.35451505 54.        ]	[ 0.14925373 30.        ]	[0.0468518  3.90739285]	39.9109	40 	38 	0.374933
231	157.532	[ 0.30021471 50.48514851]	[ 0.35451505 61.        ]	[ 0.16348774 30.        ]	[0.05258704 5.15428085]	39.8812	40 	34 	0.664326
232	161.024	[ 0.29919226 50.77227723]	[ 0.35451505 57.        ]	[ 0.15578947 35.        ]	[0.05262116 4.30721519]	39.8614	40 	38 	0.507951
233	154.052	[ 0.29584171 49.88118812]	[ 0.35451505 55.        ]	[ 0.17190776 33.        ]	[0.05247219 4.77262642]	39.7723	40 	38 	0.627445
234	159.019	[ 0.30502003 50.65346535]	[ 0.35451505 56.        ]	[ 0.15384615 32.        ]	[0.05057796 4.08919282]	39.8911	40 	38 	0.395544
235	157.494	[ 0.29866441 50.36633663]	[ 0.35294118 56.        ]	[ 0.16122841 40.        ]	[0.05168418 3.69029439]	39.8416	40 	38 	0.502128
236	153.063	[ 0.29840409 50.81188119]	[ 0.35294118 57.        ]	[ 0.13084112 35.        ]	[0.0572347  4.08259496]	39.6733	40 	33 	1.109   
237	154.824	[ 0.29423869 49.56435644]	[ 0.35409836 56.        ]	[ 0.1509434 35.       ]  	[0.0568416  4.91394428]	39.7723	40 	37 	0.643031
238	159.081	[ 0.31438088 51.42574257]	[ 0.35409836 55.        ]	[ 0.16528926 40.        ]	[0.04269597 2.93947707]	39.8416	40 	38 	0.540126
239	153.047	[ 0.31087435 51.18811881]	[ 0.35409836 56.        ]	[ 0.13229572 34.        ]	[0.04602514 3.7356004 ]	39.8515	40 	34 	0.70901 
240	154.952	[ 0.29719707 49.96039604]	[ 0.35409836 55.        ]	[0. 0.]                  	[0.0609962  6.30247601]	39.7822	40 	34 	0.970903
241	154.603	[ 0.29798636 49.86138614]	[ 0.35409836 56.        ]	[ 0.12285012 25.        ]	[0.05917821 5.28781469]	39.8614	40 	38 	0.507951
242	156.302	[ 0.31046231 51.01980198]	[ 0.35409836 56.        ]	[ 0.15250545 35.        ]	[0.04658495 3.88696781]	39.7624	40 	34 	0.810189
243	152.825	[ 0.30702377 50.9009901 ]	[ 0.35409836 55.        ]	[ 0.16058394 33.        ]	[0.04786003 4.06994527]	39.6634	40 	34 	0.904086
244	156.837	[ 0.30050935 50.59405941]	[ 0.35409836 57.        ]	[ 0.18678815 31.        ]	[0.05009477 4.05452496]	39.7624	40 	35 	0.759736
245	156.48 	[ 0.29902259 50.04950495]	[ 0.35409836 56.        ]	[ 0.15175097 38.        ]	[0.05293756 4.25749482]	39.6139	40 	34 	1.13426 
246	149.397	[ 0.30225731 50.4950495 ]	[ 0.35409836 57.        ]	[0. 0.]                  	[0.05733101 6.42184354]	39.505 	40 	34 	1.20743 
247	154.198	[ 0.30382485 50.42574257]	[ 0.35409836 55.        ]	[ 0.15498155 35.        ]	[0.05206996 4.60809992]	39.5644	40 	34 	1.23012 
248	148.264	[ 0.30151181 50.1980198 ]	[ 0.35064935 56.        ]	[ 0.16342412 30.        ]	[0.05004028 4.2426869 ]	39.7525	40 	35 	0.749996
249	155.552	[ 0.30502078 50.73267327]	[ 0.35064935 57.        ]	[ 0.12526096 30.        ]	[0.05005214 4.35751562]	39.7228	40 	36 	0.759348
250	153.64 	[ 0.31345395 51.11881188]	[ 0.35215947 54.        ]	[ 0.1750547 37.       ]  	[0.04451721 3.41599942]	39.703 	40 	34 	0.873647
251	154.161	[ 0.3050897  50.63366337]	[ 0.35494881 55.        ]	[ 0.16176471 34.        ]	[0.0530651  3.93441976]	39.6931	40 	34 	0.962079
252	150.877	[ 0.30045505 49.67326733]	[ 0.35494881 56.        ]	[0. 0.]                  	[0.06203449 6.8522005 ]	39.5149	40 	10 	3.07856 
253	153.244	[ 0.30359279 50.76237624]	[ 0.35494881 57.        ]	[ 0.15568862 29.        ]	[0.05454693 4.69705725]	39.8812	40 	34 	0.649251
254	155.367	[ 0.30611739 51.        ]	[ 0.35494881 56.        ]	[ 0.15966387 38.        ]	[0.04871428 3.73371049]	39.9505	40 	38 	0.294378
255	156.208	[ 0.30409939 50.56435644]	[ 0.35494881 55.        ]	[ 0.16759777 30.        ]	[0.05156396 4.41064384]	39.8119	40 	34 	0.886788
256	155.469	[ 0.31410353 51.1980198 ]	[ 0.35494881 56.        ]	[ 0.19960861 38.        ]	[0.04004973 3.33306211]	39.9604	40 	37 	0.312156
257	151.528	[ 0.30750859 50.58415842]	[ 0.35494881 58.        ]	[ 0.15065913 35.        ]	[0.04964868 4.78087636]	39.9406	40 	38 	0.275098
258	154.811	[ 0.3079373  50.73267327]	[ 0.35494881 57.        ]	[ 0.16513761 35.        ]	[0.04343014 3.83287264]	39.9505	40 	38 	0.294378
259	152.367	[ 0.3100959  51.38613861]	[ 0.35494881 58.        ]	[ 0.16161616 37.        ]	[0.04453534 3.48964606]	39.9208	40 	38 	0.363786
260	148.081	[ 0.30032835 49.93069307]	[ 0.35690236 56.        ]	[0. 0.]                  	[0.06223913 6.87693436]	39.9505	40 	38 	0.258566
261	152.524	[ 0.30652236 50.96039604]	[ 0.35690236 58.        ]	[ 0.15384615 37.        ]	[0.0495999  4.29349218]	39.9604	40 	38 	0.240494
262	149.98 	[ 0.30388591 49.93069307]	[ 0.35215947 54.        ]	[ 0.16152019 29.        ]	[0.05186194 4.94976232]	39.8416	40 	34 	0.875776
263	153.25 	[ 0.30941012 50.71287129]	[ 0.35451505 55.        ]	[0. 0.]                  	[0.05796775 6.11334627]	39.9604	40 	38 	0.278639
264	148.422	[ 0.29905612 50.10891089]	[ 0.35215947 59.        ]	[0. 0.]                  	[0.06437572 6.7543913 ]	39.9208	40 	33 	0.699125
265	154.658	[ 0.30626135 51.02970297]	[ 0.34983498 57.        ]	[ 0.16082474 39.        ]	[0.05037156 3.62186825]	39.9604	40 	38 	0.278639
266	153.149	[ 0.31173371 51.21782178]	[ 0.35294118 56.        ]	[ 0.17391304 36.        ]	[0.0442497  3.47723562]	39.8515	40 	34 	0.70901 
267	149.362	[ 0.31072438 51.03960396]	[ 0.3557047 55.       ]  	[ 0.17349398 33.        ]	[0.0486811  4.01955811]	39.901 	40 	37 	0.456091
268	153.031	[ 0.30530425 51.07920792]	[ 0.3557047 58.       ]  	[ 0.17610063 32.        ]	[0.05004797 4.06063734]	39.8911	40 	38 	0.442786
269	149.398	[ 0.29941467 50.47524752]	[ 0.3557047 58.       ]  	[ 0.16377171 33.        ]	[0.05111664 4.50213164]	39.901 	40 	38 	0.410384
270	152.519	[ 0.29945193 50.18811881]	[ 0.3557047 59.       ]  	[ 0.16216216 33.        ]	[0.05760106 4.70666869]	39.8911	40 	38 	0.341835
271	153.798	[ 0.29939727 49.85148515]	[ 0.3557047 54.       ]  	[ 0.185 33.   ]          	[0.05360623 4.3312956 ]	39.7129	40 	34 	1.06554 
272	154.342	[ 0.31044486 51.0990099 ]	[ 0.3557047 60.       ]  	[ 0.17658349 38.        ]	[0.04741825 3.53344684]	39.8515	40 	34 	0.680509
273	152.196	[ 0.28952382 49.32673267]	[ 0.35526316 56.        ]	[ 0.12716763 33.        ]	[0.06052176 4.76810549]	39.7426	40 	33 	1.11385 
274	149.881	[ 0.30006705 50.41584158]	[ 0.35643564 55.        ]	[ 0.17120623 39.        ]	[0.04970281 3.45341652]	39.505 	40 	34 	1.45305 
275	149.216	[ 0.30412363 50.28712871]	[ 0.35643564 55.        ]	[ 0.14643545 35.        ]	[0.05181027 4.15143214]	39.4851	40 	34 	1.46655 
276	145.12 	[ 0.31216428 51.01980198]	[ 0.35643564 58.        ]	[ 0.14857143 39.        ]	[0.04486975 3.41220929]	39.3069	40 	34 	1.73914 
277	145.27 	[ 0.30598799 50.34653465]	[ 0.35643564 57.        ]	[ 0.1724846 34.       ]  	[0.05140943 4.6744209 ]	39.5446	40 	34 	1.44554 
278	142.773	[ 0.30779577 50.24752475]	[ 0.35643564 58.        ]	[ 0.17085427 34.        ]	[0.04559438 3.96371148]	39.5248	40 	31 	1.60194 
279	144.243	[ 0.30479038 49.98019802]	[ 0.35643564 54.        ]	[0. 0.]                  	[0.05753717 6.01480055]	39.7525	40 	34 	1.12932 
280	146.418	[ 0.31236683 50.74257426]	[ 0.35932203 56.        ]	[ 0.13333333 33.        ]	[0.04700753 3.52263815]	39.5347	40 	15 	2.64599 
281	146.823	[ 0.3129152  50.91089109]	[ 0.35932203 55.        ]	[ 0.16591928 37.        ]	[0.04450997 3.35697592]	39.703 	40 	34 	1.02004 
282	143.557	[ 0.30709172 50.93069307]	[ 0.35932203 56.        ]	[ 0.17657046 38.        ]	[0.05076329 3.52714348]	39.4257	40 	34 	1.43745 
283	144.453	[ 0.30318542 50.3960396 ]	[ 0.35932203 57.        ]	[ 0.16993464 36.        ]	[0.05231229 4.1196924 ]	39.4455	40 	31 	1.57628 
284	141.862	[ 0.30699973 50.32673267]	[ 0.35932203 56.        ]	[ 0.14371257 32.        ]	[0.05042085 4.77640428]	39.5644	40 	31 	1.25403 
285	142.316	[ 0.29698058 49.85148515]	[ 0.35932203 56.        ]	[ 0.15605749 32.        ]	[0.0567231  4.77697891]	39.5248	40 	31 	1.20719 
286	143.216	[ 0.30363408 50.24752475]	[ 0.35932203 55.        ]	[0. 0.]                  	[0.05935976 6.58592249]	39.5743	40 	35 	1.01812 
287	143.259	[ 0.31147892 50.93069307]	[ 0.35932203 56.        ]	[ 0.15757576 35.        ]	[0.05026042 4.10326464]	39.7525	40 	34 	0.825412
288	138.518	[ 0.3081252  50.95049505]	[ 0.35932203 56.        ]	[ 0.16120907 32.        ]	[0.05277234 4.08904898]	39.7129	40 	35 	0.998381
289	138.61 	[ 0.31207779 51.20792079]	[ 0.35526316 56.        ]	[ 0.18376068 39.        ]	[0.04537538 3.38990006]	39.6832	40 	35 	1.09843 
290	136.064	[ 0.30602668 50.40594059]	[ 0.35526316 56.        ]	[0. 0.]                  	[0.05716403 6.26506615]	39.6337	40 	34 	1.14945 
291	141.876	[ 0.31209637 50.98019802]	[ 0.35643564 56.        ]	[ 0.17078652 32.        ]	[0.04592272 4.07596237]	39.7327	40 	34 	1.05202 
292	133.233	[ 0.3125323  51.04950495]	[ 0.35643564 58.        ]	[ 0.18461538 37.        ]	[0.0455333  3.63801773]	39.7525	40 	34 	0.968882
293	133.45 	[ 0.30928891 50.61386139]	[ 0.35643564 56.        ]	[ 0.16736402 32.        ]	[0.05006929 4.43427313]	39.5941	40 	34 	1.23624 
294	128.39 	[ 0.30829128 50.72277228]	[ 0.35643564 57.        ]	[ 0.15765766 35.        ]	[0.0496585  3.98789955]	39.6139	40 	34 	1.1938  
295	125.703	[ 0.30730998 50.        ]	[ 0.35643564 56.        ]	[0. 0.]                  	[0.05748623 6.46391354]	39.3861	40 	34 	1.57311 
296	125.609	[ 0.30555001 50.40594059]	[ 0.35643564 56.        ]	[ 0.1640625 29.       ]  	[0.04786914 4.1795784 ]	39.297 	40 	34 	1.66231 
297	121.789	[ 0.3037074  50.58415842]	[ 0.36 56.  ]            	[ 0.16521739 34.        ]	[0.05285424 4.17978948]	39.3168	40 	27 	1.93422 
298	124.159	[ 0.30492297 50.56435644]	[ 0.36 57.  ]            	[ 0.12958963 30.        ]	[0.05638503 4.78118392]	39.3762	40 	15 	2.72085 
299	123.107	[ 0.30847748 50.43564356]	[ 0.36 56.  ]            	[ 0.10344828 27.        ]	[0.05089674 4.77081856]	39.1782	40 	2  	3.96868 