   	       	                                                          fitness                                                          	               size              
   	       	---------------------------------------------------------------------------------------------------------------------------	---------------------------------
gen	time   	avg                          	max                          	min                          	std                        	avg    	max	min	std      
0  	3.59828	[   0.5300987   202.20792079]	[   0.66583541  364.        ]	[   0.35726795  102.        ]	[  0.04661003  31.79772606]	2.33663	9  	1  	1.83625  
1  	6.05122	[   0.5465051   211.92079208]	[   0.66583541  364.        ]	[   0.47466667  178.        ]	[  0.04928949  31.35794092]	4.10891	14 	1  	3.35934  
2  	10.3805	[   0.57688423  225.32673267]	[   0.66750314  364.        ]	[   0.44569817  158.        ]	[  0.053822    34.51419823]	6.68317	15 	1  	3.97749  
3  	14.2196	[   0.59991349  234.91089109]	[   0.66910867  359.        ]	[   0.46693657  173.        ]	[  0.05005958  34.7263985 ]	8.76238	18 	1  	3.88485  
4  	17.0898	[   0.62053058  247.42574257]	[   0.67904509  365.        ]	[   0.48459384  173.        ]	[  0.04294395  38.28717608]	9.73267	22 	1  	3.97241  
5  	22.5901	[   0.62079679  245.17821782]	[   0.67904509  365.        ]	[  0.17857143  40.        ]  	[  0.07215604  45.01691564]	11.2772	22 	2  	4.66951  
6  	29.0906	[   0.64435073  250.83168317]	[   0.69001297  366.        ]	[   0.48192771  178.        ]	[  0.03696654  29.15614138]	13.4455	27 	2  	5.1077   
7  	33.6175	[   0.65189534  254.96039604]	[   0.69914738  367.        ]	[   0.49734043  179.        ]	[  0.0309336   24.42078355]	14.9802	30 	4  	5.30455  
8  	31.9146	[   0.65098617  252.46534653]	[   0.69914738  360.        ]	[   0.48360656  177.        ]	[  0.03753834  21.71670177]	14.8218	30 	4  	4.67222  
9  	34.1762	[   0.65242477  252.43564356]	[   0.69914738  288.        ]	[   0.53908356  200.        ]	[  0.03353488  18.77085156]	15.1881	27 	6  	4.18084  
10 	36.0525	[   0.65396975  253.32673267]	[   0.69914738  290.        ]	[   0.54666667  205.        ]	[  0.03003599  18.61709473]	15.6535	31 	6  	4.685    
11 	32.8   	[   0.66232081  261.40594059]	[   0.7076537  292.       ]  	[   0.53150685  194.        ]	[  0.03268391  20.1834057 ]	14.8515	29 	7  	4.37678  
12 	33.803 	[   0.66488617  265.40594059]	[   0.7076537  295.       ]  	[   0.50692521  183.        ]	[  0.03890244  22.58501133]	14.8119	29 	3  	5.01821  
13 	34.4424	[   0.67600682  271.87128713]	[   0.70772947  294.        ]	[   0.54790823  203.        ]	[  0.02839481  18.24891879]	15.3069	29 	8  	5.44412  
14 	43.9606	[   0.67761848  272.05940594]	[   0.71611253  299.        ]	[   0.51474531  192.        ]	[  0.03481853  19.82488774]	16.5545	35 	2  	6.7288   
15 	47.4441	[   0.68038174  273.14851485]	[   0.71611253  297.        ]	[   0.54618474  201.        ]	[  0.03258797  19.89496485]	17.396 	32 	10 	7.1047   
16 	59.8643	[   0.67836882  272.59405941]	[   0.72110553  293.        ]	[ 0.  0.]                    	[  0.07213287  30.60841087]	20.0099	32 	8  	7.89723  
17 	74.0264	[   0.68377102  273.26732673]	[   0.72110553  291.        ]	[   0.52870494  198.        ]	[  0.03030617  16.03578368]	21.6931	32 	5  	8.12007  
18 	85.1498	[   0.688453    274.21782178]	[   0.72474747  290.        ]	[   0.53491436  203.        ]	[  0.02564645  14.21518081]	23.0693	33 	4  	7.83905  
19 	105.346	[   0.69665758  276.46534653]	[   0.72474747  296.        ]	[   0.65274151  250.        ]	[ 0.01471733  9.43089966]  	26.505 	36 	12 	5.90791  
20 	114.372	[   0.6992712   276.52475248]	[   0.72681067  293.        ]	[   0.64009662  247.        ]	[ 0.01691347  9.30516099]  	28.3663	36 	14 	4.38657  
21 	119.962	[   0.69772559  275.79207921]	[   0.72681067  294.        ]	[   0.6291834  235.       ]  	[  0.01826652  10.7199424 ]	29.0594	38 	14 	3.84559  
22 	129.33 	[   0.70182382  277.52475248]	[   0.73056995  294.        ]	[   0.64713715  243.        ]	[  0.01620388  10.21510632]	30.1782	38 	15 	2.82981  
23 	127.224	[   0.70549756  279.51485149]	[   0.74349442  300.        ]	[   0.64324324  238.        ]	[ 0.01459941  9.26038498]  	30.0693	38 	20 	2.49458  
24 	127.388	[   0.70358697  278.51485149]	[   0.74349442  300.        ]	[   0.64886515  243.        ]	[ 0.01590859  9.6396601 ]  	30.0594	38 	19 	2.65815  
25 	137.087	[   0.70672224  280.08910891]	[   0.74349442  300.        ]	[   0.65994962  258.        ]	[ 0.01301167  8.35131935]  	30.8515	38 	29 	2.66025  
26 	143.523	[   0.70500623  279.01980198]	[   0.74349442  300.        ]	[   0.64788732  250.        ]	[  0.01542351  10.01580948]	31.0594	38 	14 	3.9946   
27 	145.227	[   0.70298364  277.74257426]	[   0.74349442  300.        ]	[   0.59139785  220.        ]	[  0.02016463  12.16931172]	31.1485	38 	17 	3.92854  
28 	145.887	[   0.70611122  280.18811881]	[   0.7327478  297.       ]  	[   0.63363755  236.        ]	[  0.01624288  10.75626722]	31.4356	38 	14 	4.2014   
29 	146.731	[   0.70437328  278.32673267]	[   0.7327478  305.       ]  	[   0.63647799  245.        ]	[  0.01854901  11.72887518]	32.4158	38 	14 	4.17505  
30 	141.889	[   0.70544982  279.07920792]	[   0.73341677  298.        ]	[   0.62165605  244.        ]	[  0.01988754  11.58753442]	32.0891	39 	14 	4.49224  
31 	149.859	[   0.70746702  280.84158416]	[   0.73341677  298.        ]	[   0.63783784  236.        ]	[  0.01892007  11.50783863]	33.7327	40 	19 	4.03178  
32 	150.559	[   0.70992353  281.65346535]	[   0.74907293  303.        ]	[   0.64379947  244.        ]	[  0.01753794  10.70711399]	34.1386	40 	15 	3.80211  
33 	144.184	[   0.7120766   282.82178218]	[   0.74907293  303.        ]	[   0.64736842  246.        ]	[  0.01802777  11.3359116 ]	34.2871	40 	15 	3.96104  
34 	144.331	[   0.71035055  281.54455446]	[   0.74907293  303.        ]	[   0.4966443  185.       ]  	[  0.03049351  16.59686524]	34.901 	40 	5  	4.18035  
35 	152.428	[   0.71585079  284.85148515]	[   0.74907293  303.        ]	[   0.64210526  244.        ]	[  0.0175586  10.6802178]  	35.6238	40 	19 	2.55572  
36 	152.305	[   0.71479303  284.07920792]	[   0.74907293  303.        ]	[   0.62933333  236.        ]	[  0.0208122   11.82687255]	35.8317	39 	17 	2.80406  
37 	149.122	[   0.71295673  282.92079208]	[   0.74907293  303.        ]	[   0.65122616  239.        ]	[  0.02103724  12.76728738]	35.9802	40 	20 	2.03912  
38 	144.368	[   0.71581359  284.43564356]	[   0.74907293  303.        ]	[   0.49799197  186.        ]	[  0.02780875  14.06942886]	35.5842	39 	8  	3.67293  
39 	149.223	[   0.7186202   286.30693069]	[   0.74907293  303.        ]	[   0.65612648  249.        ]	[  0.01815367  11.47683209]	35.703 	40 	14 	2.99354  
40 	146.275	[   0.7202114   286.83168317]	[   0.74907293  305.        ]	[   0.64792503  237.        ]	[  0.02030393  12.13543156]	35.4059	39 	22 	2.40946  
41 	143.835	[   0.71869404  285.58415842]	[   0.74937343  303.        ]	[   0.63772049  235.        ]	[  0.02234201  13.43283057]	35.2574	36 	14 	3.17057  
42 	149.537	[   0.7211234   286.67326733]	[   0.75434243  304.        ]	[   0.65338645  246.        ]	[  0.01894256  11.47887333]	35.8515	40 	24 	1.55676  
43 	147.903	[   0.71792931  284.2970297 ]	[   0.75716065  304.        ]	[   0.64900662  244.        ]	[  0.02322556  13.39539196]	36.1188	40 	33 	0.799593 
44 	147.957	[   0.72372436  288.04950495]	[   0.75434243  304.        ]	[   0.65806452  246.        ]	[  0.01871954  10.15657251]	35.4653	40 	14 	3.83977  
45 	149.49 	[   0.72045947  286.24752475]	[   0.75434243  305.        ]	[   0.64489796  237.        ]	[  0.01945892  11.44025024]	35.5941	40 	14 	3.14085  
46 	155.045	[   0.7242929   289.02970297]	[   0.75434243  306.        ]	[   0.66928105  252.        ]	[  0.01701931  10.33541968]	36.1188	40 	22 	1.79265  
47 	149.674	[   0.72058908  286.64356436]	[   0.75434243  308.        ]	[   0.66047745  241.        ]	[  0.02046665  12.28101986]	35.3663	40 	14 	3.7515   
48 	153.707	[   0.72288635  287.73267327]	[   0.75434243  304.        ]	[   0.59165613  234.        ]	[  0.02040291  11.1620743 ]	35.6436	40 	7  	3.54765  
49 	158.478	[   0.72228161  287.62376238]	[   0.75555556  306.        ]	[   0.66141732  252.        ]	[  0.01970932  11.50363824]	35.604 	40 	14 	3.52383  
50 	161.725	[   0.72434324  288.59405941]	[   0.75555556  306.        ]	[   0.64822134  246.        ]	[  0.0200755   11.58966612]	35.8218	40 	14 	3.34308  
51 	159.542	[   0.72291782  287.89108911]	[   0.75836431  306.        ]	[   0.57759784  214.        ]	[  0.02489365  14.07891548]	35.9406	39 	14 	3.10165  
52 	168.64 	[   0.72252774  288.65346535]	[   0.75836431  306.        ]	[   0.47291942  179.        ]	[  0.03051076  15.43201997]	36.099 	40 	5  	4.06751  
53 	173.108	[   0.72282991  287.89108911]	[   0.75836431  309.        ]	[   0.66139657  249.        ]	[  0.01858015  11.86716995]	36.6634	40 	33 	1.37356  
54 	172.124	[   0.72089989  287.51485149]	[   0.75836431  306.        ]	[   0.52232747  193.        ]	[  0.03263588  16.46996298]	36.0198	39 	3  	4.75744  
55 	172.915	[   0.72350913  288.07920792]	[   0.75836431  306.        ]	[   0.63229308  233.        ]	[  0.02188365  13.59505091]	36.7426	40 	22 	2.77419  
56 	174.317	[   0.71786907  286.46534653]	[   0.75836431  306.        ]	[ 0.  0.]                    	[  0.07477287  31.06191975]	37.4455	40 	33 	1.69142  
57 	177.437	[   0.72525714  289.00990099]	[   0.75836431  306.        ]	[   0.6449935  248.       ]  	[  0.02049679  12.07771456]	37.505 	40 	22 	2.26302  
58 	167.444	[   0.72349915  288.58415842]	[   0.75836431  309.        ]	[   0.5984252  228.       ]  	[  0.02533437  14.33908135]	37.495 	40 	14 	3.85023  
59 	169.522	[   0.72423848  289.04950495]	[   0.75836431  308.        ]	[   0.5897772  225.       ]  	[  0.0240253   12.40917597]	37.3663	40 	18 	3.70903  
60 	161.664	[   0.72481188  288.66336634]	[   0.7625  307.    ]        	[   0.62565445  239.        ]	[  0.02319296  13.47919352]	38.2871	40 	14 	2.91237  
61 	166.349	[   0.72201711  286.97029703]	[   0.7625  305.    ]        	[   0.50273224  184.        ]	[  0.03102493  15.94573437]	37.6832	40 	6  	3.95001  
62 	169.821	[   0.72290726  286.84158416]	[   0.76595745  306.        ]	[   0.58730159  222.        ]	[  0.02892393  15.48920587]	37.3465	40 	14 	3.97127  
63 	166.993	[   0.72849796  289.23762376]	[   0.76595745  307.        ]	[   0.61618799  236.        ]	[  0.02337541  12.83185124]	37.5347	40 	13 	4.30879  
64 	166.642	[   0.72892808  289.37623762]	[   0.76595745  307.        ]	[   0.65963061  250.        ]	[  0.02008388  11.77079074]	38.5545	40 	22 	1.89567  
65 	166.403	[   0.73099764  290.28712871]	[   0.76595745  306.        ]	[   0.65863454  246.        ]	[  0.01861639  10.05562414]	38.6436	40 	29 	1.33189  
66 	163.533	[   0.72817615  288.41584158]	[   0.76633166  308.        ]	[   0.64857531  234.        ]	[  0.02610717  14.49087615]	38.2376	40 	14 	3.57701  
67 	165.785	[   0.7271398   286.84158416]	[   0.76633166  309.        ]	[   0.6474443  242.       ]  	[  0.02290579  13.19220643]	38.6139	40 	33 	1.17709  
68 	159.631	[   0.73191209  289.67326733]	[   0.76633166  310.        ]	[   0.66488652  242.        ]	[  0.01991612  11.43046902]	38.7129	40 	33 	1.07479  
69 	157.261	[   0.73111625  289.03960396]	[   0.76865672  311.        ]	[   0.62204724  237.        ]	[  0.02408636  13.53025271]	38.4158	40 	14 	3.03533  
70 	160.018	[   0.72908064  287.27722772]	[   0.76865672  309.        ]	[   0.63446475  243.        ]	[  0.02255406  12.23136595]	38.5743	40 	19 	2.68972  
71 	156.348	[   0.72991486  287.75247525]	[   0.76865672  309.        ]	[   0.64364982  250.        ]	[  0.02616222  13.070567  ]	37.9505	40 	14 	4.15629  
72 	158.671	[   0.73203867  289.01980198]	[   0.76865672  309.        ]	[   0.63366337  235.        ]	[  0.02554038  13.86567826]	38.5743	40 	14 	2.80857  
73 	157.164	[   0.72895651  286.73267327]	[   0.76865672  309.        ]	[   0.62307692  241.        ]	[  0.02558163  12.69668319]	38.1089	40 	14 	4.27496  
74 	157.223	[   0.73223191  289.22772277]	[   0.76865672  309.        ]	[   0.64850843  244.        ]	[  0.02348364  12.37282329]	38.703 	40 	22 	2.39448  
75 	155.06 	[   0.73531974  291.02970297]	[   0.77075589  311.        ]	[   0.64759428  245.        ]	[  0.02037431  11.43423334]	38.802 	40 	33 	1.24296  
76 	156.435	[   0.73284272  289.7029703 ]	[   0.77075589  311.        ]	[   0.65128205  250.        ]	[  0.02109102  11.63771996]	38.6832	40 	29 	1.52816  
77 	154.61 	[   0.73656276  291.45544554]	[   0.77075589  311.        ]	[   0.651341  244.      ]    	[  0.02031798  11.90018284]	38.3069	40 	14 	3.18332  
78 	157.41 	[   0.73136298  288.8019802 ]	[   0.77210461  311.        ]	[   0.53524804  205.        ]	[  0.03184388  16.11654325]	38.4059	40 	8  	3.36605  
79 	160.246	[   0.7351782   290.26732673]	[   0.77210461  311.        ]	[   0.59259259  224.        ]	[  0.02579767  13.75232912]	38.5149	40 	14 	2.79183  
80 	163.54 	[   0.72837308  286.85148515]	[   0.77210461  310.        ]	[   0.6385696  238.       ]  	[  0.03061396  16.14561593]	38.0693	40 	22 	3.16934  
81 	165.975	[   0.73503616  290.10891089]	[   0.77210461  310.        ]	[   0.66055046  252.        ]	[  0.02340973  12.25302629]	38.3465	40 	23 	2.40229  
82 	170.445	[   0.74001079  292.22772277]	[   0.77210461  310.        ]	[   0.66314399  251.        ]	[  0.02103665  11.56289832]	38.6634	40 	29 	1.73649  
83 	177.995	[   0.73644212  291.73267327]	[   0.77210461  311.        ]	[   0.63227513  239.        ]	[  0.02586341  13.90981638]	38.9604	40 	24 	1.74583  
84 	185.956	[   0.73877083  291.83168317]	[   0.77210461  310.        ]	[   0.65612648  248.        ]	[  0.0234456   12.98595533]	39.2079	40 	33 	0.761926 
85 	191.63 	[   0.7369207   292.06930693]	[   0.77210461  315.        ]	[   0.65691489  247.        ]	[  0.01995149  10.87758839]	39.3069	40 	36 	0.67108  
86 	175.641	[   0.73975233  292.9009901 ]	[   0.77210461  312.        ]	[   0.64452645  257.        ]	[  0.01906589  10.27975512]	38.5941	40 	14 	3.48172  
87 	176.81 	[   0.73741207  291.47524752]	[   0.77210461  310.        ]	[   0.64402174  237.        ]	[  0.02317653  13.53513511]	38.7723	40 	23 	2.52073  
88 	175.185	[   0.73232353  289.63366337]	[   0.77210461  310.        ]	[   0.63184713  236.        ]	[  0.03027783  15.478329  ]	38.6832	40 	17 	3.23634  
89 	179.646	[   0.73506874  290.12871287]	[   0.77403246  310.        ]	[   0.61744966  228.        ]	[  0.02862263  15.52491665]	38.8416	40 	23 	2.10484  
90 	177.81 	[   0.73785831  292.01980198]	[   0.77403246  313.        ]	[   0.53867403  195.        ]	[  0.02811282  15.01944627]	38.6139	40 	1  	4.15294  
91 	187.11 	[   0.73670993  290.55445545]	[   0.77403246  310.        ]	[   0.6384106  241.       ]  	[  0.02415043  12.2195066 ]	38.7525	40 	23 	2.33529  
92 	191.098	[   0.73331146  288.41584158]	[   0.77586207  315.        ]	[   0.60557769  228.        ]	[  0.03204994  16.68892283]	38.7525	40 	8  	3.99357  
93 	197.798	[   0.73790538  290.57425743]	[   0.77586207  315.        ]	[   0.61986755  234.        ]	[  0.02745463  14.35707749]	39.198 	40 	18 	2.17556  
94 	207.704	[   0.74008266  293.65346535]	[   0.77586207  370.        ]	[   0.6379085  244.       ]  	[  0.02301886  13.87171468]	39.0594	40 	1  	3.97722  
95 	233.355	[   0.74345738  293.58415842]	[   0.77586207  315.        ]	[   0.671875  258.      ]    	[  0.02011879  11.10995212]	39.6832	40 	33 	0.795167 
96 	239.756	[   0.74002935  291.87128713]	[   0.77586207  315.        ]	[   0.63243243  234.        ]	[  0.02423672  12.8453585 ]	39.7228	40 	34 	0.705267 
97 	243.226	[   0.74476299  294.43564356]	[   0.78163772  315.        ]	[   0.65240642  244.        ]	[  0.01994404  11.62909959]	39.8218	40 	39 	0.382696 
98 	249.373	[   0.74375038  294.1980198 ]	[   0.78163772  315.        ]	[   0.63867684  251.        ]	[  0.02363325  12.70302046]	39.8812	40 	39 	0.323567 
99 	247.933	[   0.74290912  292.76237624]	[   0.7826087  315.       ]  	[   0.65435356  248.        ]	[  0.02205297  12.32573458]	39.7723	40 	33 	0.769225 
100	247.849	[   0.73999168  290.97029703]	[   0.7826087  315.       ]  	[   0.62465753  228.        ]	[  0.0240482   13.53064395]	39.6337	40 	26 	1.56523  
101	254.715	[   0.74162784  292.15841584]	[   0.7826087  317.       ]  	[   0.65785997  249.        ]	[  0.02081534  11.53190381]	39.8713	40 	39 	0.334882 
102	251.247	[   0.74644736  294.86138614]	[   0.7826087  315.       ]  	[   0.67708333  256.        ]	[  0.0183429   10.61386139]	39.8119	40 	33 	0.754037 
103	243.828	[   0.74414053  293.33663366]	[   0.7826087  315.       ]  	[   0.57601978  233.        ]	[  0.02441351  11.41848183]	39.3168	40 	2  	3.85358  
104	242.148	[   0.74383846  293.2970297 ]	[   0.7826087  315.       ]  	[   0.61684783  227.        ]	[  0.02686618  14.57486277]	39.7327	40 	30 	1.04257  
105	247.396	[   0.7426088   292.53465347]	[   0.7826087  315.       ]  	[   0.66666667  250.        ]	[  0.02402662  12.42527316]	39.8317	40 	34 	0.661072 
106	249.515	[   0.74433     293.38613861]	[   0.7826087  315.       ]  	[   0.65652725  253.        ]	[  0.02185363  11.84049964]	39.7723	40 	34 	0.877453 
107	320.23 	[   0.73878325  291.05940594]	[   0.7826087  315.       ]  	[   0.56341789  211.        ]	[  0.03014889  15.0502931 ]	39.4356	40 	2  	3.80311  
108	438.367	[   0.73749651  290.04950495]	[   0.7826087  315.       ]  	[   0.6544021  249.       ]  	[  0.02416499  12.77945151]	39.6634	40 	30 	1.30708  
109	445.773	[   0.74477935  293.0990099 ]	[   0.7826087  315.       ]  	[   0.64986737  245.        ]	[  0.02258488  12.24624004]	39.5545	40 	30 	1.5252   
110	432.173	[   0.74693559  293.94059406]	[   0.7826087  315.       ]  	[   0.67379679  252.        ]	[  0.01935835  10.93438738]	39.6832	40 	34 	1.0524   
111	424.235	[   0.74511315  293.71287129]	[   0.7826087  315.       ]  	[   0.65200517  246.        ]	[  0.02023326  11.17222212]	39.5842	40 	30 	1.24493  
112	417.793	[   0.7464653   294.36633663]	[   0.7826087  316.       ]  	[   0.64295125  244.        ]	[  0.02057005  10.85340917]	39.6634	40 	33 	0.967565 
113	419.348	[   0.7449594   294.18811881]	[   0.7826087  315.       ]  	[   0.64332036  248.        ]	[  0.02179952  10.97586269]	39.6337	40 	30 	1.19174  
114	429.912	[   0.74453609  293.87128713]	[   0.7826087  315.       ]  	[   0.64489796  237.        ]	[  0.02262505  12.23261617]	39.5644	40 	34 	1.19749  
115	419.148	[   0.7438635   293.36633663]	[   0.7826087  315.       ]  	[   0.66845638  249.        ]	[  0.01819058  10.81044853]	39.4356	40 	24 	2.00206  
116	415.537	[   0.74546947  294.53465347]	[   0.7757732  310.       ]  	[   0.65194805  244.        ]	[  0.01973061  10.59568785]	39.7426	40 	39 	0.437216 
117	401.764	[   0.74109452  291.53465347]	[   0.7757732  313.       ]  	[   0.63186813  230.        ]	[  0.02354426  12.80049841]	39.6436	40 	33 	0.803263 
118	388.803	[   0.73865923  290.4950495 ]	[   0.77928483  316.        ]	[   0.64690027  240.        ]	[  0.02561401  13.45003498]	39.6535	40 	39 	0.475866 
119	366.765	[   0.7439022   292.82178218]	[   0.77928483  316.        ]	[   0.6424581  230.       ]  	[  0.02392173  13.31075352]	39.3267	40 	24 	2.27387  
120	371.764	[   0.74409163  292.95049505]	[   0.77928483  316.        ]	[   0.65620915  251.        ]	[  0.01819445  10.28733359]	39.6535	40 	39 	0.475866 
121	357.769	[   0.74119942  291.91089109]	[   0.77928483  316.        ]	[   0.65882353  246.        ]	[  0.02207082  12.9592652 ]	39.4158	40 	29 	1.23695  
122	361.308	[   0.7314138   288.33663366]	[   0.77928483  316.        ]	[ 0.  0.]                    	[  0.07764381  32.13008128]	39.3366	40 	24 	1.92059  
123	364.342	[   0.73591001  289.30693069]	[   0.77928483  316.        ]	[   0.63013699  230.        ]	[  0.03165908  17.34606559]	39.3663	40 	24 	1.61505  
124	345.75 	[   0.74585331  294.62376238]	[   0.77530864  314.        ]	[   0.65116279  250.        ]	[  0.02194805  12.2667154 ]	39.1683	40 	24 	2.21636  
125	344.789	[   0.74654516  295.0990099 ]	[   0.77435265  314.        ]	[   0.67010309  257.        ]	[  0.02045287  11.75955895]	39.3366	40 	24 	1.63063  
126	349.643	[   0.74182752  292.24752475]	[   0.77791719  314.        ]	[   0.63387978  232.        ]	[  0.0231486   13.41892113]	39.0891	40 	19 	2.66291  
127	340.213	[   0.74232165  292.65346535]	[   0.77791719  313.        ]	[   0.62842243  236.        ]	[  0.02493102  13.64067566]	39.1287	40 	24 	1.95323  
128	326.014	[   0.7384828   290.88118812]	[   0.77791719  311.        ]	[   0.63239075  240.        ]	[  0.0280444   14.76635668]	39.1089	40 	28 	1.41352  
129	318.87 	[   0.74125983  291.84158416]	[   0.77791719  311.        ]	[   0.64295486  235.        ]	[  0.0268922   15.16884031]	38.8515	40 	23 	2.4389   
130	320.431	[   0.74353294  294.11881188]	[   0.77791719  313.        ]	[   0.65354331  249.        ]	[  0.02601646  14.12412242]	39.3564	40 	30 	1.1396   
131	323.153	[   0.74596795  295.18811881]	[   0.77791719  312.        ]	[   0.6560425  247.       ]  	[  0.02222549  12.23022783]	39.2673	40 	24 	2.07241  
132	331.295	[   0.7452175   295.18811881]	[   0.77987421  310.        ]	[   0.65047233  241.        ]	[  0.02333904  12.44768289]	39.6733	40 	39 	0.469019 
133	327.545	[   0.74543389  294.43564356]	[   0.77987421  312.        ]	[   0.65891473  245.        ]	[  0.02246388  13.1589038 ]	39.3366	40 	23 	2.07425  
134	332.886	[   0.7452797   294.33663366]	[   0.78121137  316.        ]	[   0.66842801  253.        ]	[  0.02349561  12.94793628]	39.6337	40 	29 	1.15803  
135	335.926	[   0.7440364   293.95049505]	[   0.78121137  316.        ]	[   0.66145833  249.        ]	[  0.02388063  13.17165892]	39.297 	40 	29 	2.20506  
136	330.687	[   0.74438242  294.41584158]	[   0.77306733  314.        ]	[   0.66844208  251.        ]	[  0.02226771  13.31735065]	39.7723	40 	37 	0.485047 
137	342.876	[   0.74760212  296.15841584]	[   0.77721519  310.        ]	[   0.66666667  257.        ]	[ 0.01859844  9.75616857]  	39.7723	40 	29 	1.12471  
138	335.71 	[   0.74275518  292.88118812]	[   0.77721519  310.        ]	[   0.65012407  255.        ]	[  0.02634306  13.63766416]	39.3366	40 	22 	2.65985  
139	336.818	[   0.74588928  294.89108911]	[   0.78140704  312.        ]	[   0.6391478  240.       ]  	[  0.02669869  13.68015184]	39.3861	40 	29 	2.12468  
140	344.005	[   0.74338965  293.76237624]	[   0.78140704  313.        ]	[   0.65019506  244.        ]	[  0.02757011  14.53786351]	39.7228	40 	29 	1.37242  
141	351.304	[   0.74469399  293.89108911]	[   0.78140704  314.        ]	[   0.63213811  238.        ]	[  0.0267193   13.94181757]	39.8218	40 	34 	0.860532 
142	352.722	[   0.74372198  292.86138614]	[   0.78140704  311.        ]	[   0.62402089  239.        ]	[  0.02719286  14.39542674]	39.2079	40 	11 	3.28608  
143	364.61 	[   0.74674749  294.25742574]	[   0.78140704  311.        ]	[   0.64857881  251.        ]	[  0.02257491  11.64971717]	39.1287	40 	29 	2.16023  
144	373.736	[   0.74755489  294.98019802]	[   0.78140704  311.        ]	[   0.66666667  262.        ]	[ 0.01930402  9.88345973]  	39.3366	40 	29 	1.97147  
145	365.712	[   0.74733907  294.83168317]	[   0.78436318  311.        ]	[   0.64878672  254.        ]	[  0.02305154  11.30851717]	39.4059	40 	29 	1.95584  
146	367.146	[   0.74905452  295.56435644]	[   0.78436318  311.        ]	[   0.64986737  245.        ]	[  0.02298401  11.55907414]	39.5149	40 	29 	1.76665  
147	368.643	[   0.74171856  291.73267327]	[   0.78436318  311.        ]	[   0.64857531  239.        ]	[  0.03222798  16.53432738]	39.6337	40 	29 	1.5841   
148	367.838	[   0.74613245  293.20792079]	[   0.78436318  311.        ]	[   0.65240642  244.        ]	[  0.02732262  14.38186209]	39.4158	40 	34 	1.73643  
149	372.161	[   0.74033133  290.97029703]	[   0.78436318  311.        ]	[   0.63237139  240.        ]	[  0.03500298  17.61381964]	39.3663	40 	29 	1.94337  
150	364.882	[   0.74809223  294.4950495 ]	[   0.78436318  313.        ]	[   0.6455863  245.       ]  	[  0.02381611  12.70193231]	39.5545	40 	34 	1.48574  
151	354.373	[   0.75176404  296.24752475]	[   0.78436318  315.        ]	[   0.65785997  249.        ]	[  0.02039039  10.75598469]	39.1881	40 	29 	2.22369  
152	349.32 	[   0.74844271  294.59405941]	[   0.78436318  317.        ]	[   0.63588391  235.        ]	[  0.02703636  13.71143789]	39.3663	40 	29 	1.88124  
153	357.206	[   0.74948978  294.88118812]	[   0.78436318  313.        ]	[   0.66233766  250.        ]	[  0.02386715  12.31218275]	39.3663	40 	29 	1.83326  
154	363.204	[   0.74718679  293.23762376]	[   0.78436318  312.        ]	[   0.6435247  241.       ]  	[  0.02839582  14.43877378]	39.2376	40 	26 	2.3257   
155	365.971	[   0.75498469  297.86138614]	[   0.78436318  311.        ]	[   0.64993395  246.        ]	[  0.0213043  11.0256494]  	39.6535	40 	29 	1.33821  
156	355.749	[   0.74438329  292.40594059]	[   0.78436318  311.        ]	[   0.65044814  246.        ]	[  0.03056973  15.08666595]	39.5743	40 	29 	1.73688  
157	359.844	[   0.75125244  295.74257426]	[   0.78436318  311.        ]	[   0.62942779  231.        ]	[  0.02497577  13.04269718]	39.6832	40 	29 	1.31202  
158	358.996	[   0.75192829  295.87128713]	[   0.78436318  314.        ]	[   0.64566929  243.        ]	[  0.02362416  12.38464665]	39.6436	40 	29 	1.40427  
159	362.113	[   0.75028471  295.13861386]	[   0.78436318  313.        ]	[   0.6440678  247.       ]  	[  0.02588142  12.85719716]	39.6634	40 	29 	1.62455  
160	363.037	[   0.74820471  294.3960396 ]	[   0.78544542  315.        ]	[   0.61930295  231.        ]	[  0.02857575  14.17994624]	39.6832	40 	29 	1.50202  
161	358.405	[   0.74869614  294.64356436]	[   0.78544542  313.        ]	[   0.63906856  247.        ]	[  0.0300919   14.57896502]	39.802 	40 	29 	1.26663  
162	365.346	[   0.74984031  295.76237624]	[   0.78544542  313.        ]	[   0.61924686  222.        ]	[  0.0238893  12.3642318]  	39.8812	40 	34 	0.721483 
163	358.347	[   0.7495326   295.06930693]	[   0.78117048  312.        ]	[   0.63479416  239.        ]	[  0.02533109  12.47116073]	39.5941	40 	29 	1.91491  
164	371.369	[   0.74834601  294.38613861]	[   0.78117048  310.        ]	[   0.65888457  254.        ]	[  0.02346059  12.27084631]	39.7525	40 	29 	1.55688  
165	365.898	[   0.7473366   293.67326733]	[   0.78117048  310.        ]	[   0.65019506  247.        ]	[  0.0261958   13.92277777]	39.8911	40 	29 	1.08911  
166	362.602	[   0.74895235  294.75247525]	[   0.78184111  313.        ]	[   0.64332036  248.        ]	[  0.0268433   13.05464975]	39.6931	40 	29 	1.65752  
167	377.169	[   0.75045089  295.53465347]	[   0.78184111  316.        ]	[   0.67008986  256.        ]	[  0.02385013  12.4642573 ]	39.9901	40 	39 	0.0990099
168	376.241	[   0.74662228  293.48514851]	[   0.78282828  310.        ]	[   0.65637066  243.        ]	[  0.02863474  14.83080408]	39.8317	40 	29 	1.23536  
169	378.862	[   0.74827337  294.30693069]	[   0.78282828  311.        ]	[   0.63947368  243.        ]	[  0.02591863  13.29836034]	39.8218	40 	34 	1.0186   
170	380.512	[   0.74951185  294.6039604 ]	[   0.78688525  313.        ]	[   0.65565438  250.        ]	[  0.02556397  12.4694313 ]	39.7723	40 	29 	1.36346  
171	372.71 	[   0.74858904  293.74257426]	[   0.78688525  312.        ]	[   0.65882353  252.        ]	[  0.02536136  12.45240719]	39.4752	40 	29 	2.15991  
172	380.96 	[   0.74810507  294.1980198 ]	[   0.78688525  312.        ]	[   0.64379947  244.        ]	[  0.02324101  11.72964409]	39.9406	40 	34 	0.594059 
173	371.068	[   0.74773169  293.51485149]	[   0.78688525  312.        ]	[   0.63376623  244.        ]	[  0.02566787  13.33098368]	39.7228	40 	34 	1.22772  
174	362.503	[   0.74835341  293.68316832]	[   0.78688525  313.        ]	[   0.6395806  244.       ]  	[  0.02833674  14.96724522]	39.6139	40 	29 	1.57939  
175	358.328	[   0.7467718   293.12871287]	[   0.78688525  312.        ]	[   0.61784288  232.        ]	[  0.03152116  15.9595177 ]	39.4752	40 	34 	1.62648  
176	369.824	[   0.75131662  296.1980198 ]	[   0.78688525  312.        ]	[   0.63671374  248.        ]	[  0.02222159  10.75839051]	39.5842	40 	34 	1.46421  
177	361.766	[   0.75007695  295.14851485]	[   0.78688525  312.        ]	[   0.65530799  242.        ]	[  0.02513961  13.84166915]	39.7426	40 	29 	1.39059  
178	372.389	[   0.74727039  294.06930693]	[   0.78688525  312.        ]	[   0.64480874  236.        ]	[  0.02794196  14.9568736 ]	39.7723	40 	29 	1.36346  
179	361.476	[   0.75194609  296.96039604]	[   0.78688525  312.        ]	[   0.66756757  247.        ]	[  0.02025538  10.57918823]	39.7723	40 	29 	1.29646  
180	360.612	[   0.75129338  295.98019802]	[   0.78688525  315.        ]	[   0.63709677  237.        ]	[  0.02606478  13.67731387]	39.7129	40 	29 	1.41657  
181	370.192	[   0.75081935  296.2970297 ]	[   0.78688525  316.        ]	[   0.64721485  244.        ]	[  0.02557936  12.19604266]	39.8317	40 	29 	1.16099  
182	366.3  	[   0.74997124  295.1980198 ]	[   0.78688525  314.        ]	[   0.65449804  250.        ]	[  0.02474442  12.10680179]	39.802 	40 	29 	1.26663  
183	364.668	[   0.74980443  295.36633663]	[   0.78688525  312.        ]	[   0.65965834  248.        ]	[  0.02481412  12.6957721 ]	39.8614	40 	29 	1.12602  
184	361.089	[   0.74729547  293.63366337]	[   0.78688525  312.        ]	[   0.50526316  192.        ]	[  0.03681791  17.6661688 ]	39.2772	40 	4  	4.00771  
185	367.942	[   0.74989546  294.89108911]	[   0.78688525  313.        ]	[   0.64181092  241.        ]	[  0.02600507  13.33268224]	39.9406	40 	36 	0.441011 
186	381.764	[   0.75247036  295.99009901]	[   0.78688525  314.        ]	[   0.65251989  246.        ]	[  0.02363222  11.9068123 ]	39.802 	40 	34 	0.912182 
187	376.449	[   0.75148663  295.44554455]	[   0.78688525  312.        ]	[   0.62448418  227.        ]	[  0.02297416  12.67997193]	39.802 	40 	34 	1.03426  
188	386.394	[   0.74884841  294.44554455]	[   0.78787879  312.        ]	[   0.65246338  245.        ]	[  0.02810075  14.13336425]	39.6436	40 	30 	1.54525  
189	379.535	[   0.75292139  296.48514851]	[   0.78787879  312.        ]	[   0.66233766  255.        ]	[  0.02080275  10.13044999]	39.5842	40 	34 	1.46421  
190	384.346	[   0.74817963  293.81188119]	[   0.78787879  312.        ]	[   0.47856155  173.        ]	[  0.03591966  17.62576471]	39.4257	40 	6  	3.56647  
191	390.487	[   0.74754005  293.45544554]	[   0.78787879  312.        ]	[   0.51621622  191.        ]	[  0.0312192   14.79063441]	39.4455	40 	7  	3.56405  
192	402.88 	[   0.75013866  294.62376238]	[   0.78787879  312.        ]	[   0.66055046  251.        ]	[  0.02457772  12.9636594 ]	39.7228	40 	29 	1.63573  
193	398.774	[   0.7474445   294.21782178]	[   0.79  316.  ]            	[   0.65263158  245.        ]	[  0.02605332  13.0213868 ]	39.8416	40 	30 	1.14954  
194	381.037	[   0.74815674  294.27722772]	[   0.79104478  318.        ]	[   0.64473684  245.        ]	[  0.02610836  13.39138101]	39.7228	40 	29 	1.63573  
195	368.026	[   0.74667751  293.55445545]	[   0.79104478  318.        ]	[   0.64566929  239.        ]	[  0.02888537  14.76447117]	39.9703	40 	37 	0.29703  
196	366.41 	[   0.74709677  293.8019802 ]	[   0.79104478  318.        ]	[   0.6536965  250.       ]  	[  0.02817887  13.98798622]	40     	40 	40 	0        
197	357.502	[   0.7511958   295.65346535]	[   0.79104478  318.        ]	[   0.65047233  241.        ]	[  0.02344626  12.58038363]	39.8713	40 	29 	1.10501  
198	347.921	[   0.74731061  293.11881188]	[   0.77777778  313.        ]	[   0.64651774  246.        ]	[  0.02970452  15.47613118]	39.9802	40 	38 	0.19802  
199	350.241	[   0.74875731  294.22772277]	[   0.78490566  312.        ]	[   0.60952381  224.        ]	[  0.02837775  14.65435507]	39.7624	40 	34 	1.10039  
200	344.105	[   0.75063691  295.61386139]	[   0.78490566  312.        ]	[   0.66928105  249.        ]	[  0.02431495  12.69674496]	39.7129	40 	29 	1.47814  
201	339.856	[   0.74744526  294.45544554]	[   0.78490566  313.        ]	[   0.65427509  245.        ]	[  0.02809096  14.06387462]	39.7822	40 	30 	1.28667  
202	340.773	[   0.75147826  296.05940594]	[   0.785  314.   ]          	[   0.65703022  247.        ]	[  0.0243744   12.65992491]	39.8416	40 	30 	1.14954  
203	337.725	[   0.74675777  293.7029703 ]	[   0.785  316.   ]          	[   0.5026738  188.       ]  	[  0.03612473  17.53104435]	39.3366	40 	6  	3.67296  
204	347.878	[   0.75014865  295.43564356]	[   0.785  314.   ]          	[   0.65616798  248.        ]	[  0.02684718  14.21296009]	39.5743	40 	29 	1.61274  
205	346.962	[   0.74731329  293.53465347]	[   0.78553616  315.        ]	[   0.65963061  245.        ]	[  0.02712933  14.35239957]	39.6832	40 	29 	1.44147  
206	354.638	[   0.75105988  296.33663366]	[   0.78553616  315.        ]	[   0.62387677  240.        ]	[  0.02788514  13.6420123 ]	39.8218	40 	34 	0.800941 
207	346.966	[   0.7525846   297.64356436]	[   0.78553616  315.        ]	[   0.64842681  237.        ]	[  0.02350498  12.49917554]	39.3366	40 	28 	2.02596  
208	348.107	[   0.74913899  295.73267327]	[   0.78553616  315.        ]	[   0.63936592  242.        ]	[  0.02320491  11.95692855]	39.3267	40 	29 	2.18051  
209	344.281	[   0.75259457  297.52475248]	[   0.7875  315.    ]        	[   0.6412615  244.       ]  	[  0.02210651  11.52663215]	39.7129	40 	30 	1.40956  
210	348.962	[   0.75055267  295.97029703]	[   0.7875  315.    ]        	[   0.67368421  256.        ]	[  0.02219249  11.74940946]	39.9109	40 	34 	0.661517 
211	352.652	[   0.75128864  296.37623762]	[   0.7875  316.    ]        	[   0.6692607  258.       ]  	[  0.01979222  10.56788661]	39.7723	40 	34 	1.0613   
212	341.728	[   0.74704447  294.58415842]	[   0.7875  320.    ]        	[   0.6435247  240.       ]  	[  0.0261613   13.39666526]	39.4257	40 	29 	1.86339  
213	338.654	[   0.75051252  296.26732673]	[   0.7875  315.    ]        	[   0.66838046  254.        ]	[  0.02308795  12.00980712]	39.1485	40 	29 	2.19985  
214	344.113	[   0.74912307  295.92079208]	[   0.7875  315.    ]        	[   0.64200793  243.        ]	[  0.0262864   13.07532115]	39.5545	40 	34 	1.54455  
215	335.463	[   0.7507486   295.98019802]	[   0.7875  315.    ]        	[   0.6484375  249.       ]  	[  0.02615836  13.53688046]	39.4455	40 	34 	1.71467  
216	337.989	[   0.74791209  294.55445545]	[   0.7875  318.    ]        	[   0.49459459  183.        ]	[  0.03613708  17.2961824 ]	39.3465	40 	1  	4.00355  
217	330.194	[   0.75204825  295.91089109]	[   0.7875  315.    ]        	[   0.64736842  231.        ]	[  0.02392876  13.05441696]	39.4455	40 	29 	1.8047   
218	326.347	[   0.74648931  293.21782178]	[   0.7875  315.    ]        	[   0.65104167  246.        ]	[  0.03013169  15.16483945]	39.3366	40 	29 	2.11678  
219	331.299	[   0.74773429  294.34653465]	[   0.78787879  315.        ]	[   0.66488652  249.        ]	[  0.0241805   12.88673863]	39.4059	40 	29 	2.14881  
220	346.145	[   0.74723467  294.35643564]	[   0.7875  315.    ]        	[   0.63600526  242.        ]	[  0.02739672  13.83680281]	39.7327	40 	29 	1.60378  
221	340    	[   0.74293502  292.3960396 ]	[   0.7875  315.    ]        	[   0.63709677  237.        ]	[  0.03156521  16.11842265]	39.5149	40 	29 	2.02271  
222	335.281	[   0.74940386  296.37623762]	[   0.7875  315.    ]        	[   0.63446475  243.        ]	[  0.02242103  11.43197832]	39.5743	40 	29 	1.6848   
223	340.173	[   0.74204631  292.6039604 ]	[   0.7875  315.    ]        	[ 0.  0.]                    	[  0.07736012  31.60902215]	39.7723	40 	34 	1.07059  
224	329.756	[   0.74381059  292.72277228]	[   0.7875  315.    ]        	[   0.53104359  201.        ]	[  0.03584278  18.417662  ]	39.3267	40 	2  	3.93036  
225	339.044	[   0.74144909  291.81188119]	[   0.7875  315.    ]        	[   0.63157895  229.        ]	[  0.03163705  16.49465132]	39.5941	40 	34 	1.3872   
226	324.295	[   0.74882469  296.17821782]	[   0.7875  316.    ]        	[   0.53417722  211.        ]	[  0.02939252  13.76996016]	39.2772	40 	6  	3.56862  
227	330.555	[   0.75039127  295.99009901]	[   0.7875  315.    ]        	[   0.64682003  239.        ]	[  0.02658781  14.31643454]	39.6337	40 	29 	1.53328  
228	327.831	[   0.74528951  293.82178218]	[   0.7875  315.    ]        	[   0.54025974  208.        ]	[  0.03200402  15.24934411]	38.9208	40 	4  	4.16892  
229	325.606	[   0.74747955  295.06930693]	[   0.7875  315.    ]        	[   0.64961637  248.        ]	[  0.02628551  12.86353156]	39.6139	40 	34 	1.44174  
230	330.155	[   0.74483854  293.23762376]	[   0.7875  315.    ]        	[   0.6374502  240.       ]  	[  0.02916346  15.80960262]	39.604 	40 	29 	1.76926  
231	334.33 	[   0.74760845  294.28712871]	[   0.7875  315.    ]        	[   0.65  247.  ]            	[  0.02590321  13.42624638]	39.7129	40 	29 	1.47814  
232	332.272	[   0.74292442  292.23762376]	[   0.78117048  313.        ]	[   0.57909605  205.        ]	[  0.03668158  18.97165604]	39.6139	40 	1  	3.86139  
233	336.948	[   0.75013289  295.5049505 ]	[   0.78117048  313.        ]	[   0.66582278  255.        ]	[  0.02421218  11.98069715]	39.9604	40 	38 	0.278639 
234	341.96 	[   0.75058078  295.95049505]	[   0.78757764  317.        ]	[   0.65530799  246.        ]	[  0.02659606  13.67180827]	39.7426	40 	29 	1.39059  
235	344.046	[   0.75211295  296.79207921]	[   0.78757764  317.        ]	[   0.65435356  248.        ]	[  0.02303981  11.8165154 ]	39.8218	40 	29 	1.15524  
236	332.055	[   0.7506617   295.57425743]	[   0.78757764  317.        ]	[   0.64602961  240.        ]	[  0.02300286  12.71807518]	39.7822	40 	32 	1.07725  
237	328.419	[   0.75127339  296.26732673]	[   0.78757764  317.        ]	[   0.64072633  247.        ]	[  0.02463403  11.83290519]	39.802 	40 	34 	0.944183 
238	330.015	[   0.75039471  295.95049505]	[   0.78757764  317.        ]	[   0.62187088  236.        ]	[  0.0278834   13.89805616]	39.2277	40 	11 	3.40611  
239	327.974	[   0.75097972  295.85148515]	[   0.78757764  317.        ]	[   0.64900662  245.        ]	[  0.02381138  12.75619526]	39.8218	40 	34 	1.0186   
240	326.99 	[   0.7432579   291.86138614]	[   0.78757764  317.        ]	[   0.53867403  195.        ]	[  0.03602882  18.39179203]	38.8812	40 	1  	4.32878  
241	330.93 	[   0.75123074  297.21782178]	[   0.78757764  317.        ]	[   0.63783784  236.        ]	[  0.02156688  11.13072988]	39.6634	40 	32 	1.38791  
242	332.005	[   0.74793753  295.        ]	[   0.78757764  317.        ]	[   0.65943012  243.        ]	[  0.02625858  13.75096756]	39.8119	40 	32 	1.09646  
243	327.563	[   0.74730918  293.66336634]	[   0.78757764  317.        ]	[   0.64489796  237.        ]	[  0.02743789  15.08410561]	39.5941	40 	29 	1.74729  
244	325.763	[   0.75048592  295.46534653]	[   0.78757764  317.        ]	[   0.66495507  257.        ]	[  0.02163752  11.86855764]	39.7723	40 	32 	1.17634  
245	327.658	[   0.74120267  290.78217822]	[   0.78757764  317.        ]	[ 0.  0.]                    	[  0.07885555  32.37729432]	39.6535	40 	29 	1.74875  
246	330.781	[   0.74938651  293.53465347]	[   0.78757764  317.        ]	[   0.64066852  230.        ]	[  0.02602831  13.46544118]	39.6832	40 	32 	1.39965  
247	333.178	[   0.75090999  294.75247525]	[   0.78757764  317.        ]	[   0.6374829  233.       ]  	[  0.02684142  13.95211467]	39.802 	40 	32 	1.14338  
248	335.034	[   0.74971797  293.7029703 ]	[   0.78757764  317.        ]	[   0.65141319  242.        ]	[  0.02546527  13.98764982]	39.7624	40 	29 	1.42223  
249	331.541	[   0.75210658  294.38613861]	[   0.78451613  312.        ]	[   0.64777328  240.        ]	[  0.02447358  13.080838  ]	39.9406	40 	34 	0.594059 
250	330.974	[   0.75126144  294.05940594]	[   0.78451613  312.        ]	[   0.63500678  234.        ]	[  0.02541068  13.76019642]	39.8218	40 	32 	1.05677  
251	342.264	[   0.74645871  291.41584158]	[   0.78451613  312.        ]	[   0.51144011  190.        ]	[  0.03516572  16.71619084]	39.2673	40 	1  	4.34614  
252	352.31 	[   0.7492476  293.2970297]  	[   0.78481013  311.        ]	[   0.65389527  256.        ]	[  0.02468283  11.99549796]	39.802 	40 	32 	1.14338  
253	353.897	[   0.74765745  291.77227723]	[   0.78481013  311.        ]	[   0.62734584  232.        ]	[  0.02932473  15.06874096]	39.802 	40 	34 	1.03426  
254	357.931	[   0.75068551  293.71287129]	[   0.78481013  315.        ]	[   0.63648469  239.        ]	[  0.02546969  11.49889072]	39.7723	40 	34 	1.08893  
255	363.27 	[   0.75237109  293.81188119]	[   0.78481013  310.        ]	[   0.634278  235.      ]    	[  0.02172488  10.96593544]	39.7426	40 	32 	1.27934  
256	379.429	[   0.74890816  291.92079208]	[   0.78481013  310.        ]	[   0.65359477  240.        ]	[  0.02621831  12.83149218]	39.8911	40 	34 	0.76948  
257	377.562	[   0.75135761  292.57425743]	[   0.78481013  313.        ]	[   0.66666667  249.        ]	[  0.02168082  11.11002271]	39.8416	40 	32 	1.0023   
258	383.568	[   0.74942816  292.12871287]	[   0.78481013  312.        ]	[   0.64032698  235.        ]	[  0.0241994   12.08522817]	39.8416	40 	32 	1.11455  
259	378.114	[   0.74855471  291.77227723]	[   0.78481013  310.        ]	[   0.63900415  231.        ]	[  0.02843123  14.82630869]	39.8614	40 	32 	0.985335 
260	389.07 	[   0.74879716  291.98019802]	[   0.78481013  313.        ]	[   0.63870095  236.        ]	[  0.02577203  12.92091726]	39.9406	40 	34 	0.594059 
261	383.94 	[   0.74936858  292.25742574]	[   0.78481013  310.        ]	[   0.65530799  250.        ]	[  0.02637949  12.24393442]	39.8416	40 	32 	1.11455  
262	390.026	[   0.7490091   291.53465347]	[   0.78481013  310.        ]	[   0.63576159  240.        ]	[  0.02589307  12.58756605]	39.9109	40 	31 	0.891089 
263	385.867	[   0.75379887  293.94059406]	[   0.78481013  314.        ]	[   0.65159574  245.        ]	[  0.02372653  11.64986022]	39.9802	40 	38 	0.19802  
264	389.452	[   0.75672001  294.25742574]	[   0.78481013  310.        ]	[   0.65060241  243.        ]	[  0.0237487   12.20505776]	39.9406	40 	34 	0.594059 
265	383.562	[   0.75322813  292.78217822]	[   0.78481013  310.        ]	[   0.63538874  235.        ]	[  0.02821973  13.8654096 ]	39.9406	40 	34 	0.594059 
266	378.855	[   0.74850211  291.10891089]	[   0.78481013  314.        ]	[   0.63852243  242.        ]	[  0.02509967  12.51051122]	39.9406	40 	34 	0.594059 
267	373.892	[   0.7513177   292.79207921]	[   0.78481013  310.        ]	[   0.64659686  245.        ]	[  0.02632094  13.72020035]	39.9406	40 	34 	0.594059 
268	374.581	[   0.74597844  290.22772277]	[   0.78481013  310.        ]	[   0.64052288  243.        ]	[  0.03035091  14.74058262]	39.7426	40 	32 	1.27934  
269	373.728	[   0.75352031  294.82178218]	[   0.7893401  313.       ]  	[   0.64807437  244.        ]	[  0.02126092  10.27868701]	39.4752	40 	31 	1.81629  
270	382.84 	[   0.75072855  292.81188119]	[   0.7893401  311.       ]  	[   0.65057179  251.        ]	[  0.02860738  12.46119749]	39.802 	40 	32 	1.14338  
271	382.327	[   0.75096823  293.11881188]	[   0.7893401  316.       ]  	[   0.64088398  232.        ]	[  0.03078439  15.35731975]	39.8515	40 	32 	0.98891  
272	364.508	[   0.74548849  291.40594059]	[   0.7893401  311.       ]  	[ 0.  0.]                    	[  0.08073744  32.61997754]	39.5644	40 	5  	3.51071  
273	362.571	[   0.7499061   293.06930693]	[   0.7893401  312.       ]  	[   0.63600526  242.        ]	[  0.02773451  13.25922614]	39.8911	40 	34 	0.673413 
274	363.177	[   0.74918345  291.89108911]	[   0.7893401  311.       ]  	[   0.64516129  240.        ]	[  0.03042565  14.41664398]	39.802 	40 	32 	1.15201  
275	373.171	[   0.74849285  292.25742574]	[   0.7893401  311.       ]  	[   0.64165589  242.        ]	[  0.02856017  13.86187411]	39.8317	40 	32 	1.02512  
276	374.801	[   0.75119623  293.0990099 ]	[   0.7893401  316.       ]  	[   0.65006553  247.        ]	[  0.02900869  13.80092187]	39.9208	40 	32 	0.792079 
277	374.651	[   0.75018218  291.56435644]	[   0.7893401  311.       ]  	[   0.64248705  247.        ]	[  0.02932631  13.93081622]	39.9109	40 	32 	0.79726  
278	372.228	[   0.75180085  292.68316832]	[   0.78980892  311.        ]	[   0.51891892  192.        ]	[  0.03538593  16.22669277]	39.5446	40 	1  	3.90107  
279	379.652	[   0.75382106  293.52475248]	[   0.78980892  310.        ]	[   0.66233766  252.        ]	[  0.02541612  12.10808915]	39.8317	40 	32 	1.02512  
280	383.537	[   0.74951937  291.92079208]	[   0.78980892  311.        ]	[   0.52  195.  ]            	[  0.03860877  17.88504722]	39.5743	40 	3  	3.70535  
281	386.456	[   0.75574101  294.42574257]	[   0.78980892  310.        ]	[   0.63599459  235.        ]	[  0.02577366  11.83830545]	39.9802	40 	38 	0.19802  
282	385.728	[   0.74841978  291.91089109]	[   0.78980892  310.        ]	[   0.63466667  234.        ]	[  0.03351162  15.65222219]	39.9406	40 	34 	0.594059 
283	381.469	[   0.75157712  292.56435644]	[   0.78980892  310.        ]	[   0.64411367  238.        ]	[  0.02818063  13.57080139]	39.9901	40 	39 	0.0990099
284	370.611	[   0.75304589  293.27722772]	[   0.78980892  310.        ]	[   0.65894466  245.        ]	[  0.02346375  11.25854466]	39.7525	40 	31 	1.41705  
285	370.99 	[   0.75491907  294.42574257]	[   0.79028133  310.        ]	[   0.62698413  237.        ]	[  0.02738494  12.1958819 ]	39.9208	40 	32 	0.792079 
286	366.077	[   0.75234668  292.63366337]	[   0.79028133  309.        ]	[   0.64892269  247.        ]	[  0.02896087  13.3206627 ]	39.8614	40 	32 	0.985335 
287	372.273	[   0.75254256  292.66336634]	[   0.79028133  310.        ]	[   0.63979194  244.        ]	[  0.03134378  15.04072177]	39.8911	40 	34 	0.76948  
288	381.193	[   0.75600237  294.42574257]	[   0.79028133  309.        ]	[   0.63355705  236.        ]	[  0.02584186  11.90336215]	39.8812	40 	34 	0.835916 
289	371.107	[   0.75516323  294.06930693]	[   0.79028133  309.        ]	[   0.65364583  251.        ]	[  0.0255916   12.36672109]	39.8614	40 	32 	0.985335 
290	382.929	[   0.7560031   294.13861386]	[   0.79028133  310.        ]	[   0.63600526  242.        ]	[  0.02236898  10.6743235 ]	39.7723	40 	32 	1.17634  
291	374.65 	[   0.74604897  289.81188119]	[   0.79028133  312.        ]	[   0.51682369  192.        ]	[  0.03864528  17.45813259]	39.3663	40 	10 	3.33812  
292	386.863	[   0.75697245  295.40594059]	[   0.79028133  310.        ]	[   0.64583333  244.        ]	[  0.02352404  11.22160065]	40     	40 	40 	0        
293	387.84 	[   0.74431948  289.53465347]	[   0.79028133  309.        ]	[ 0.  0.]                    	[  0.07937864  31.84665124]	39.9208	40 	35 	0.574769 
294	385.258	[   0.75299038  292.59405941]	[   0.79028133  309.        ]	[   0.64052288  245.        ]	[  0.0257816   12.73272716]	39.8317	40 	34 	0.901806 
295	409.78 	[   0.75097666  291.96039604]	[   0.78826531  310.        ]	[   0.63297872  237.        ]	[  0.03103562  15.05430486]	39.8713	40 	34 	0.84036  
296	437.571	[   0.75144025  292.47524752]	[   0.78826531  311.        ]	[   0.49035813  178.        ]	[  0.03892606  18.03823994]	39.5149	40 	1  	3.9089   
297	461.517	[   0.7479925   290.55445545]	[   0.78826531  310.        ]	[ 0.  0.]                    	[  0.07987557  32.25224691]	39.8416	40 	32 	1.11455  
298	479.574	[   0.75507399  293.2970297 ]	[   0.78826531  311.        ]	[   0.59593023  205.        ]	[  0.02975679  15.94827316]	39.9703	40 	37 	0.29703  
299	474.556	[   0.76090275  296.75247525]	[   0.79230769  311.        ]	[   0.65177398  248.        ]	[  0.0267875   12.22755041]	39.9109	40 	34 	0.661517 