   	       	                                                           fitness                                                           	               size              
   	       	-----------------------------------------------------------------------------------------------------------------------------	---------------------------------
gen	time   	avg                          	max                          	min                          	std                          	avg    	max	min	std      
0  	38.7147	[   0.37955052  160.7029703 ]	[   0.75  380.  ]            	[ 0.  0.]                    	[   0.26941686  133.21801862]	2.72277	10 	1  	2.1393   
1  	53.583 	[   0.44710491  191.88118812]	[   0.75148633  380.        ]	[ 0.  0.]                    	[   0.26906315  132.03744497]	4.0396 	13 	1  	3.13056  
2  	84.6975	[   0.46624072  184.91089109]	[   0.75828221  380.        ]	[ 0.  0.]                    	[   0.27254912  121.43694929]	5.30693	13 	1  	3.02708  
3  	100.401	[   0.50096141  199.83168317]	[   0.7617866  380.       ]  	[ 0.  0.]                    	[   0.27010254  122.00755287]	6.76238	16 	1  	3.39525  
4  	123.048	[   0.58115178  235.28712871]	[   0.7617866  379.       ]  	[ 0.  0.]                    	[   0.22696257  102.98604506]	7.9901 	18 	1  	3.67355  
5  	144.231	[   0.61006293  242.86138614]	[   0.7617866  379.       ]  	[ 0.  0.]                    	[  0.20742693  96.19329032]  	8.75248	21 	1  	4.02567  
6  	161.535	[   0.64018107  257.93069307]	[   0.7617866  380.       ]  	[ 0.  0.]                    	[  0.18524644  89.29373681]  	10.4059	24 	1  	4.96957  
7  	178.285	[   0.63885896  254.91089109]	[   0.7617866  380.       ]  	[ 0.  0.]                    	[  0.21150564  92.85420265]  	11.1683	28 	1  	5.16091  
8  	198.464	[   0.6922603   280.55445545]	[   0.77040816  380.        ]	[ 0.  0.]                    	[  0.14082744  65.01644503]  	12.1386	28 	2  	4.83189  
9  	212.869	[   0.71717735  290.87128713]	[   0.77040816  380.        ]	[ 0.01044386  2.        ]    	[  0.10342034  49.41733038]  	13.0594	28 	4  	5.12192  
10 	213.354	[   0.71406442  288.32673267]	[   0.77040816  376.        ]	[  0.12019231  25.        ]  	[  0.0971474   49.80955988]  	13.1485	28 	2  	5.00967  
11 	213.492	[   0.71133304  291.01980198]	[   0.77040816  380.        ]	[ 0.  0.]                    	[  0.13602971  59.91230889]  	15.3168	40 	4  	6.67333  
12 	222.054	[   0.7256724   294.72277228]	[   0.77040816  334.        ]	[  0.06549118  13.        ]  	[  0.11437491  50.69128439]  	17.297 	40 	5  	7.05361  
13 	219.942	[   0.730597    296.47524752]	[   0.77040816  370.        ]	[  0.10526316  22.        ]  	[  0.08510652  41.61030767]  	18.2673	40 	1  	8.05168  
14 	239.702	[   0.73451477  291.67326733]	[   0.77080666  337.        ]	[   0.36363636  102.        ]	[  0.07298748  39.63149785]  	18.8416	34 	5  	7.92381  
15 	238.466	[   0.72779691  287.83168317]	[   0.77080666  332.        ]	[  0.10757946  22.        ]  	[  0.10637518  49.24862551]  	18.0198	34 	4  	7.35787  
16 	235.118	[   0.73088428  288.4950495 ]	[   0.77080666  336.        ]	[ 0.03076923  6.        ]    	[  0.10146431  45.81811302]  	18.495 	37 	4  	7.69161  
17 	242.557	[   0.70966937  279.01980198]	[   0.77080666  355.        ]	[ 0.  0.]                    	[  0.15331493  66.99844541]  	19.7723	40 	5  	8.19428  
18 	249.311	[   0.73617593  289.79207921]	[   0.77080666  348.        ]	[ 0.  0.]                    	[  0.10006288  43.89418348]  	18.5743	40 	5  	8.17548  
19 	240.521	[   0.71835303  282.1980198 ]	[   0.77080666  318.        ]	[ 0.00524934  1.        ]    	[  0.1517818   63.13854322]  	17.8515	40 	6  	7.55493  
20 	245.262	[   0.70914705  280.23762376]	[   0.77080666  336.        ]	[ 0.  0.]                    	[  0.16167461  68.69406254]  	19.3267	40 	5  	8.38092  
21 	260.578	[   0.74624746  295.57425743]	[   0.77080666  328.        ]	[ 0.  0.]                    	[  0.0843362   35.53588245]  	21.9307	40 	7  	8.11094  
22 	243.774	[   0.72050129  288.51485149]	[   0.77080666  375.        ]	[ 0.  0.]                    	[  0.13237011  55.14833532]  	21.4851	40 	6  	8.23253  
23 	275.818	[   0.73716262  292.45544554]	[   0.77139208  380.        ]	[ 0.  0.]                    	[  0.09503498  42.76033249]  	22.6337	40 	1  	8.39109  
24 	273.594	[   0.73898496  292.10891089]	[   0.77435897  339.        ]	[ 0.  0.]                    	[  0.10977808  45.29745496]  	23.9703	40 	3  	9.12884  
25 	268.819	[   0.74402964  294.33663366]	[   0.77435897  346.        ]	[  0.09836066  21.        ]  	[  0.08205209  37.62063822]  	26.9505	40 	1  	9.05798  
26 	290.054	[   0.74092526  293.81188119]	[   0.77435897  380.        ]	[ 0.  0.]                    	[  0.1051764   46.06210033]  	26.5248	40 	6  	7.21466  
27 	280.121	[   0.74391542  293.45544554]	[   0.7755102  332.       ]  	[  0.13063063  29.        ]  	[  0.07955564  37.5023497 ]  	24.5743	40 	2  	7.4798   
28 	278.782	[   0.73765375  294.73267327]	[   0.7755102  368.       ]  	[ 0.  0.]                    	[  0.10364192  43.94052936]  	24.8416	37 	4  	7.04966  
29 	290.544	[   0.75330577  296.77227723]	[   0.77821012  323.        ]	[   0.43298969  147.        ]	[  0.04053855  19.88724711]  	26.4554	38 	11 	6.00252  
30 	311.29 	[   0.75301292  296.72277228]	[   0.77821012  316.        ]	[  0.065  13.   ]            	[  0.07099446  29.98551426]  	27.6832	38 	6  	5.98336  
31 	310.653	[   0.74955617  296.22772277]	[   0.77821012  380.        ]	[ 0.  0.]                    	[  0.08411943  35.43949835]  	28.9901	38 	2  	5.0961   
32 	312.186	[   0.74505506  291.7029703 ]	[   0.77821012  314.        ]	[  0.14849188  32.        ]  	[  0.09063579  41.23863049]  	29.3663	39 	10 	4.55923  
33 	300.878	[   0.73597974  290.35643564]	[   0.77889447  363.        ]	[ 0.  0.]                    	[  0.11669188  47.95884873]  	28.8911	39 	3  	5.80526  
34 	293.859	[   0.73965931  291.69306931]	[   0.78030303  315.        ]	[ 0.  0.]                    	[  0.09665477  39.87573335]  	28.495 	40 	7  	6.25628  
35 	306.349	[   0.75789597  298.25742574]	[   0.78184111  315.        ]	[   0.50598802  169.        ]	[  0.04489321  20.68464464]  	28.2574	38 	6  	5.16395  
36 	315.438	[   0.75754208  298.36633663]	[   0.78227848  323.        ]	[  0.29749104  81.        ]  	[  0.0660806   31.49342939]  	27.8713	38 	6  	4.6643   
37 	300.913	[   0.73538257  290.33663366]	[   0.78227848  323.        ]	[ 0.01041667  2.        ]    	[  0.12920728  56.08767487]  	27.7426	38 	6  	4.12827  
38 	317.466	[   0.75394296  298.51485149]	[   0.78411911  338.        ]	[  0.24390244  65.        ]  	[  0.06271293  27.58555148]  	28.0891	40 	8  	5.43749  
39 	294.054	[   0.74311294  295.24752475]	[   0.78227848  357.        ]	[ 0.00522193  1.        ]    	[  0.09570509  42.04391997]  	28.3762	38 	6  	4.28179  
40 	302.141	[   0.74475395  295.86138614]	[   0.78337531  361.        ]	[ 0.  0.]                    	[  0.10560623  46.67075105]  	27.4158	40 	5  	4.6783   
41 	294.605	[   0.73615386  292.41584158]	[   0.78337531  355.        ]	[ 0.  0.]                    	[  0.11503791  50.92554599]  	27.2673	40 	3  	5.51845  
42 	295.122	[   0.75432019  300.03960396]	[   0.78337531  370.        ]	[   0.35826087  103.        ]	[  0.06861346  33.92038459]  	27.9604	39 	1  	6.1482   
43 	308.81 	[   0.7354578   292.27722772]	[   0.78337531  317.        ]	[ 0.  0.]                    	[  0.1309868   56.57066357]  	29.1485	40 	10 	5.61008  
44 	299.1  	[   0.74105975  296.63366337]	[   0.78337531  335.        ]	[  0.11650485  24.        ]  	[  0.10240077  45.50393798]  	29.2772	40 	6  	5.77313  
45 	309.385	[   0.73814903  296.10891089]	[   0.78455791  352.        ]	[ 0.  0.]                    	[  0.1053013   46.38194873]  	29.6337	39 	1  	6.70853  
46 	319.433	[   0.75058823  298.44554455]	[   0.78455791  331.        ]	[  0.15913978  37.        ]  	[  0.08333406  38.35619285]  	30.2574	39 	18 	4.3819   
47 	306.155	[   0.73504622  292.28712871]	[   0.78455791  320.        ]	[ 0.  0.]                    	[  0.11822429  52.83831805]  	29.6634	39 	2  	7.26619  
48 	319.201	[   0.75516336  300.72277228]	[   0.78580482  321.        ]	[   0.46022727  162.        ]	[  0.05821066  27.32500353]  	30.4455	40 	3  	5.65594  
49 	305.197	[   0.73005493  290.79207921]	[   0.78580482  347.        ]	[ 0.  0.]                    	[  0.14175636  61.60305972]  	30.1881	40 	1  	6.17358  
50 	300.095	[   0.7368841   296.56435644]	[   0.78651685  380.        ]	[ 0.  0.]                    	[  0.11814952  55.17486439]  	29.9109	37 	4  	5.78338  
51 	307.743	[   0.73327901  289.58415842]	[   0.78651685  320.        ]	[  0.0729927  15.       ]    	[  0.12765058  59.19982394]  	30.4257	39 	5  	5.34057  
52 	313.174	[   0.74639531  298.24752475]	[   0.7866005  340.       ]  	[ 0.02072539  4.        ]    	[  0.10652481  48.41720624]  	31.2772	37 	3  	5.39549  
53 	311.455	[   0.74509843  297.56435644]	[   0.7866005  328.       ]  	[ 0.  0.]                    	[  0.10075422  43.84252103]  	31.6238	39 	6  	4.66894  
54 	331.396	[   0.75841786  303.9009901 ]	[   0.7866005  331.       ]  	[  0.29699248  79.        ]  	[  0.0652877   30.52040543]  	32.4851	39 	10 	4.28817  
55 	309.628	[   0.74082373  296.21782178]	[   0.78773006  365.        ]	[  0.11320755  24.        ]  	[  0.11160023  52.92430686]  	31.802 	39 	1  	5.66913  
56 	316.992	[   0.75171856  300.54455446]	[   0.78773006  322.        ]	[  0.1938326  44.       ]    	[  0.08814201  41.82176343]  	32.6238	39 	13 	4.32092  
57 	324.004	[   0.74812625  298.83168317]	[   0.78773006  321.        ]	[ 0.  0.]                    	[  0.0948722   39.87432468]  	33.2178	40 	6  	4.77328  
58 	322.836	[   0.75318796  300.65346535]	[   0.78773006  329.        ]	[  0.31836735  78.        ]  	[  0.07881462  39.67926751]  	33.3465	40 	6  	5.6137   
59 	294.9  	[   0.70509297  282.46534653]	[   0.78773006  380.        ]	[ 0.  0.]                    	[  0.1699721   73.99244869]  	32.7327	39 	3  	7.71894  
60 	324.048	[   0.74201912  298.01980198]	[   0.78773006  353.        ]	[ 0.  0.]                    	[  0.11728025  53.53614125]  	34.7525	39 	11 	4.42407  
61 	332.996	[   0.74610927  299.22772277]	[   0.78757764  322.        ]	[ 0.  0.]                    	[  0.1078816   46.93831663]  	35.2673	40 	3  	5.42618  
62 	321.658	[   0.75209018  303.30693069]	[   0.78757764  331.        ]	[   0.4237037  143.       ]  	[  0.06308752  28.22601236]  	34.6931	40 	3  	6.843    
63 	331.818	[   0.74300046  297.55445545]	[   0.78757764  325.        ]	[  0.17040359  38.        ]  	[  0.10991629  51.82347708]  	35.099 	40 	6  	5.03553  
64 	340.333	[   0.76756899  310.5049505 ]	[   0.78757764  374.        ]	[   0.5326087  196.       ]  	[  0.03258223  17.12483216]  	35.7129	40 	19 	3.46792  
65 	349.488	[   0.75875345  302.30693069]	[   0.78757764  323.        ]	[  0.26584867  65.        ]  	[  0.0684087   36.75440098]  	36.0693	40 	19 	3.77658  
66 	337.688	[   0.74151813  297.63366337]	[   0.78824969  323.        ]	[ 0.03598972  7.        ]    	[  0.13190357  57.55956412]  	36.1584	40 	5  	5.89467  
67 	352.092	[   0.7683123   308.65346535]	[   0.78757764  323.        ]	[   0.52315394  209.        ]	[  0.03194823  14.41426387]  	36.396 	40 	19 	3.82042  
68 	346.756	[   0.76629463  310.04950495]	[   0.78757764  342.        ]	[   0.4867872  175.       ]  	[  0.03923614  17.39259899]  	37.1485	40 	19 	3.29231  
69 	355.757	[   0.76964666  309.85148515]	[   0.78757764  321.        ]	[   0.4895288  187.       ]  	[  0.03796497  17.84830809]  	37.396 	40 	20 	3.50694  
70 	361.412	[   0.77475532  312.5049505 ]	[   0.78757764  340.        ]	[   0.69509044  269.        ]	[ 0.01197736  8.05626718]    	37.495 	40 	17 	3.75914  
71 	347.466	[   0.73814043  296.9009901 ]	[   0.79006211  322.        ]	[ 0.  0.]                    	[  0.13647298  58.45053845]  	37.2871	40 	9  	5.09385  
72 	362.819	[   0.76408073  308.52475248]	[   0.79006211  322.        ]	[   0.35951134  103.        ]	[  0.05162098  23.88196803]  	37.4158	40 	5  	4.81595  
73 	345.587	[   0.74628517  300.97029703]	[   0.79006211  331.        ]	[ 0.  0.]                    	[  0.10955405  48.51425338]  	37.2079	40 	4  	5.8569   
74 	357.764	[   0.75829864  306.31683168]	[   0.79006211  323.        ]	[ 0.01558442  3.        ]    	[  0.09095172  39.70433567]  	37.3267	40 	18 	4.57091  
75 	358.415	[   0.76441685  307.55445545]	[   0.79006211  326.        ]	[   0.40988372  141.        ]	[  0.05378023  26.86839037]  	37.6139	40 	22 	4.1074   
76 	354.718	[   0.75762589  305.73267327]	[   0.79006211  336.        ]	[ 0.02072539  4.        ]    	[  0.09039433  40.84888624]  	36.9901	40 	6  	4.77306  
77 	356.837	[   0.77168099  311.7029703 ]	[   0.79006211  322.        ]	[   0.53524492  224.        ]	[  0.02681301  10.11375356]  	36.7525	40 	19 	3.07789  
78 	344.444	[   0.74452246  298.76237624]	[   0.79006211  327.        ]	[ 0.  0.]                    	[  0.12986019  56.75169968]  	35.1683	40 	6  	6.61392  
79 	346.044	[   0.75672489  304.73267327]	[   0.79006211  327.        ]	[ 0.  0.]                    	[  0.09120153  40.3563069 ]  	36.5347	40 	3  	4.65772  
80 	336.175	[   0.75163628  302.43564356]	[   0.79110012  326.        ]	[  0.21338912  51.        ]  	[  0.08697859  41.61764093]  	36.3663	40 	19 	4.49581  
81 	348.088	[   0.76123584  307.36633663]	[   0.79110012  324.        ]	[ 0.00524934  1.        ]    	[  0.08378345  33.84581311]  	36.5347	40 	12 	4.67046  
82 	373.96 	[   0.76117759  307.67326733]	[   0.79110012  380.        ]	[ 0.02035623  4.        ]    	[  0.0830969   35.60901791]  	37.1683	40 	9  	5.14747  
83 	376.589	[   0.76699264  308.76237624]	[   0.79110012  323.        ]	[  0.14718615  34.        ]  	[  0.07367244  34.74778959]  	38.7723	40 	18 	3.67459  
84 	397.06 	[   0.7789359   316.48514851]	[   0.79110012  380.        ]	[   0.67197171  301.        ]	[ 0.01319714  7.82812126]    	39.3663	40 	20 	2.37029  
85 	395.031	[   0.77029117  311.88118812]	[   0.79115479  324.        ]	[ 0.00524934  1.        ]    	[  0.07850667  32.07981603]  	39.1881	40 	12 	3.92684  
86 	384.807	[   0.7654783   310.76237624]	[   0.79166667  380.        ]	[   0.40764331  128.        ]	[  0.05347999  27.6334381 ]  	39.4356	40 	19 	3.13213  
87 	388.332	[   0.77261172  311.68316832]	[   0.79166667  324.        ]	[   0.46723647  160.        ]	[  0.0451914   22.78610428]  	39.9208	40 	38 	0.304526 
88 	395.47 	[   0.75489102  304.63366337]	[   0.79306072  323.        ]	[ 0.  0.]                    	[  0.13408361  53.93794065]  	38.7426	40 	1  	6.13972  
89 	371.88 	[   0.75882878  305.84158416]	[   0.79306072  362.        ]	[  0.2739212  73.       ]    	[  0.08459775  41.62818273]  	39.5941	40 	5  	3.46747  
90 	394.434	[   0.7731742   310.95049505]	[   0.79306072  324.        ]	[   0.48405797  167.        ]	[  0.0349375   16.81841061]  	39.8317	40 	36 	0.6145   
91 	394.112	[   0.76447599  308.62376238]	[   0.79151061  327.        ]	[ 0.02051282  4.        ]    	[  0.08586595  36.78162786]  	39.4257	40 	9  	3.68928  
92 	378.655	[   0.76848961  310.62376238]	[   0.79357231  352.        ]	[   0.44761905  141.        ]	[  0.05631572  26.61379508]  	38.9208	40 	1  	4.85978  
93 	379.563	[   0.75758524  305.06930693]	[   0.79357231  337.        ]	[  0.08312958  17.        ]  	[  0.0948554   41.55022189]  	39.0792	40 	2  	4.88214  
94 	376.61 	[   0.76550417  309.99009901]	[   0.79848866  328.        ]	[   0.50652742  194.        ]	[  0.04769946  18.54216231]  	39.2079	40 	19 	3.23446  
95 	387.505	[   0.75924429  305.89108911]	[   0.79848866  327.        ]	[ 0.  0.]                    	[  0.10163588  43.84985656]  	38.3069	40 	1  	6.12048  
96 	382.45 	[   0.77105046  312.65346535]	[   0.79848866  363.        ]	[   0.53055917  204.        ]	[  0.03623867  15.41982499]  	39.2673	40 	13 	3.02757  
97 	397.551	[   0.76526043  309.06930693]	[   0.79848866  380.        ]	[  0.13679245  29.        ]  	[  0.07466801  34.2293538 ]  	39.1287	40 	8  	3.70887  
98 	391.564	[   0.76653189  308.89108911]	[   0.79848866  340.        ]	[  0.20083682  48.        ]  	[  0.0741347   34.71778755]  	39     	40 	22 	2.81439  
99 	382.506	[   0.76126578  305.83168317]	[   0.79848866  324.        ]	[  0.25572519  67.        ]  	[  0.08445007  39.93486511]  	38.9802	40 	9  	4.14103  
100	379.123	[   0.7626618   305.84158416]	[   0.79848866  326.        ]	[ 0.03580563  7.        ]    	[  0.08902868  40.47385972]  	38.8416	40 	7  	4.66869  
101	398.463	[   0.75550224  304.58415842]	[   0.79848866  327.        ]	[ 0.00524934  1.        ]    	[  0.117271    49.81853552]  	39.2574	40 	19 	2.9939   
102	392.458	[   0.76558588  307.93069307]	[   0.79848866  324.        ]	[   0.48551724  176.        ]	[  0.053171    24.82742711]  	38.3069	40 	8  	5.71214  
103	388.85 	[   0.77197792  313.27722772]	[   0.79848866  380.        ]	[   0.53012048  198.        ]	[  0.03523286  14.95611985]  	39.3465	40 	11 	2.93303  
104	396.76 	[   0.76564595  309.21782178]	[   0.79848866  380.        ]	[  0.32653061  88.        ]  	[  0.06049347  30.34018476]  	38.9802	40 	9  	3.72569  
105	392.922	[   0.76882144  309.98019802]	[   0.79848866  327.        ]	[   0.46058733  149.        ]	[  0.05157693  24.86318213]  	39.1386	40 	2  	3.83065  
106	438.605	[   0.75354207  303.66336634]	[   0.79848866  330.        ]	[ 0.  0.]                    	[  0.1237385  52.173222 ]    	38.4257	40 	3  	4.9299   
107	443.787	[   0.77624147  311.95049505]	[   0.79848866  328.        ]	[   0.49874055  198.        ]	[  0.03082594  13.89520627]  	38.9505	40 	19 	2.54222  
108	439.067	[   0.78011049  313.46534653]	[   0.79848866  331.        ]	[   0.67560322  252.        ]	[ 0.01415831  8.35068546]    	39.1089	40 	27 	1.56636  
109	433.38 	[   0.77195399  310.81188119]	[   0.79848866  324.        ]	[ 0.  0.]                    	[  0.07804302  31.6433444 ]  	38.7327	40 	9  	3.71215  
110	399.893	[   0.75742116  304.07920792]	[   0.79848866  337.        ]	[   0.38319328  114.        ]	[  0.07398591  35.48523139]  	38.3267	40 	10 	4.42564  
111	425.748	[   0.77422348  311.47524752]	[   0.79848866  328.        ]	[   0.57069409  222.        ]	[  0.03119145  13.42422375]  	38.3762	40 	9  	4.03169  
112	411.983	[   0.76117394  307.56435644]	[   0.79848866  358.        ]	[ 0.  0.]                    	[  0.09056946  38.91025873]  	38.1584	40 	9  	4.4136   
113	419.567	[   0.76560025  307.07920792]	[   0.79848866  324.        ]	[ 0.  0.]                    	[  0.0875272   34.71030981]  	38.3564	40 	8  	4.1353   
114	412.188	[   0.76625163  308.63366337]	[   0.79848866  335.        ]	[  0.13793103  30.        ]  	[  0.07407938  33.15481918]  	38.0792	40 	13 	4.0801   
115	409.21 	[   0.76624874  307.75247525]	[   0.79848866  327.        ]	[   0.46721311  153.        ]	[  0.05588224  26.60469918]  	38.7822	40 	22 	2.50783  
116	407.561	[   0.77445401  312.13861386]	[   0.79848866  326.        ]	[   0.48148148  169.        ]	[  0.03365989  16.19315936]  	38.5149	40 	19 	3.12959  
117	408.819	[   0.77158236  309.7029703 ]	[   0.79848866  324.        ]	[   0.42324888  142.        ]	[  0.04791823  22.43739124]  	39     	40 	37 	0.974933 
118	404.966	[   0.77921079  312.61386139]	[   0.79848866  329.        ]	[   0.657289  257.      ]    	[ 0.01542936  8.08858173]    	38.6634	40 	27 	1.58131  
119	384.373	[   0.76276893  306.44554455]	[   0.79848866  354.        ]	[  0.16475973  36.        ]  	[  0.08232393  37.80839533]  	38.0891	40 	3  	4.8769   
120	410.906	[   0.76395341  304.8019802 ]	[   0.79848866  321.        ]	[  0.23660714  53.        ]  	[  0.07631562  37.18831388]  	38.3168	40 	9  	3.73883  
121	379.584	[   0.75010443  300.22772277]	[   0.79848866  322.        ]	[  0.16818182  37.        ]  	[  0.0996356   45.77190136]  	38.5149	40 	13 	2.79892  
122	392.24 	[   0.77134882  310.55445545]	[   0.79848866  323.        ]	[   0.60880829  235.        ]	[  0.03268428  12.29140829]  	37.9109	40 	9  	4.57955  
123	406.906	[   0.76559654  305.93069307]	[   0.79848866  324.        ]	[  0.3142329  85.       ]    	[  0.07626762  37.42087558]  	38.6436	40 	22 	2.10414  
124	406.922	[   0.76492844  307.61386139]	[   0.79848866  375.        ]	[ 0.  0.]                    	[  0.08643195  38.23247552]  	38.495 	40 	3  	5.04754  
125	407.479	[   0.77297945  309.81188119]	[   0.79848866  326.        ]	[ 0.  0.]                    	[  0.07825872  31.60671469]  	39.1584	40 	37 	1.06922  
126	418.175	[   0.77629607  311.52475248]	[   0.79848866  324.        ]	[   0.5  196. ]              	[  0.03476736  15.19353306]  	38.9604	40 	19 	2.23793  
127	394.083	[   0.76364508  305.94059406]	[   0.79848866  324.        ]	[   0.4893918  173.       ]  	[  0.05990461  27.70631761]  	38.8218	40 	7  	3.34011  
128	406.429	[   0.77311527  310.30693069]	[   0.79848866  358.        ]	[   0.41109299  126.        ]	[  0.04186538  20.51550613]  	39.0792	40 	25 	1.89153  
129	396.879	[   0.75792685  303.00990099]	[   0.79848866  325.        ]	[ 0.  0.]                    	[  0.10444425  46.16768727]  	38.5842	40 	19 	3.01241  
130	393.839	[   0.7764818   312.24752475]	[   0.79848866  323.        ]	[   0.54773869  218.        ]	[  0.02975954  12.84053447]  	38.3762	40 	7  	4.40488  
131	409.437	[   0.76847948  307.16831683]	[   0.79850746  322.        ]	[  0.05076142  10.        ]  	[  0.07513184  31.98269003]  	38.6436	40 	9  	3.59478  
132	390.279	[   0.75385505  301.22772277]	[   0.79850746  322.        ]	[ 0.02557545  5.        ]    	[  0.11638174  50.46710156]  	38.7822	40 	14 	2.7163   
133	426.772	[   0.78004017  312.07920792]	[   0.79850746  325.        ]	[   0.72823219  276.        ]	[ 0.01015221  7.8811508 ]    	39.0792	40 	37 	0.726897 
134	394.936	[   0.7543843   302.75247525]	[   0.8  328. ]              	[ 0.  0.]                    	[  0.11659804  52.26046836]  	38.9505	40 	36 	0.825056 
135	404.297	[   0.77317557  310.91089109]	[   0.80199253  325.        ]	[   0.45417237  153.        ]	[  0.04600354  22.61476737]  	38.604 	40 	21 	2.68505  
136	389.997	[   0.75591427  301.68316832]	[   0.80199253  325.        ]	[  0.27474747  68.        ]  	[  0.0839988   42.16538177]  	38.198 	40 	12 	4.54029  
137	402.64 	[   0.77027241  309.12871287]	[   0.80199253  327.        ]	[   0.4556962  144.       ]  	[  0.05125481  26.26206969]  	38.2376	40 	13 	3.97056  
138	404.414	[   0.76586044  306.14851485]	[   0.80199253  323.        ]	[  0.18736383  43.        ]  	[  0.07195532  33.68649468]  	38.802 	40 	19 	2.10619  
139	416.278	[   0.76710169  308.28712871]	[   0.80199253  326.        ]	[ 0.  0.]                    	[  0.08258013  33.48513388]  	38.604 	40 	13 	3.3004   
140	408.298	[   0.77326156  310.01980198]	[   0.80199253  325.        ]	[   0.54973822  192.        ]	[  0.03750135  19.04969021]  	38.9802	40 	38 	0.544644 
141	412.995	[   0.77270855  309.5049505 ]	[   0.80199253  325.        ]	[  0.34234234  95.        ]  	[  0.055115    27.92870122]  	39.0594	40 	35 	0.642116 
142	401.621	[   0.76069519  303.24752475]	[   0.80199253  331.        ]	[  0.14814815  32.        ]  	[  0.08826933  41.80302844]  	38.4851	40 	13 	3.46871  
143	409.77 	[   0.77406894  311.75247525]	[   0.80199253  324.        ]	[   0.4738292  172.       ]  	[  0.04091457  19.23713711]  	39.0297	40 	38 	0.516183 
144	418.123	[   0.77630093  311.81188119]	[   0.80199253  346.        ]	[   0.43302752  118.        ]	[  0.03826971  20.69472256]  	38.6832	40 	13 	2.59829  
145	416.397	[   0.7587813   303.58415842]	[   0.80199253  324.        ]	[ 0.  0.]                    	[  0.10772404  46.04330018]  	38.396 	40 	5  	4.23582  
146	417.349	[   0.77553154  309.96039604]	[   0.80199253  325.        ]	[   0.52444444  165.        ]	[  0.0381328   21.25140452]  	38.6238	39 	19 	1.99926  
147	419.17 	[   0.77172484  308.2970297 ]	[   0.80199253  322.        ]	[  0.11764706  25.        ]  	[  0.07121384  32.3885888 ]  	38.8911	40 	37 	0.395544 
148	406.243	[   0.77686839  312.75247525]	[   0.80199253  375.        ]	[   0.61463415  219.        ]	[  0.02663481  13.70510199]  	37.9703	40 	13 	3.90343  
149	424.361	[   0.77019563  309.16831683]	[   0.80199253  366.        ]	[  0.17083333  41.        ]  	[  0.06377059  30.38142649]  	38.5941	40 	13 	2.75458  
150	414.398	[   0.76755637  308.63366337]	[   0.80199253  380.        ]	[  0.21355236  52.        ]  	[  0.06739887  32.06667644]  	38.3762	40 	19 	3.40893  
151	414.132	[   0.76771933  306.99009901]	[   0.80199253  333.        ]	[   0.46239554  166.        ]	[  0.05613434  25.90137236]  	38.7327	40 	19 	2.20212  
152	422.525	[   0.76950279  306.94059406]	[   0.80199253  322.        ]	[  0.2334004  58.       ]    	[  0.0658765  30.9809337]    	38.3465	40 	13 	3.79535  
153	416.271	[   0.76610092  305.8019802 ]	[   0.80199253  328.        ]	[  0.28625954  75.        ]  	[  0.07313394  34.27004575]  	38.6535	40 	19 	2.1546   
154	421.514	[   0.76955862  309.31683168]	[   0.80199253  329.        ]	[   0.47419805  170.        ]	[  0.03975999  16.91500634]  	38.4851	40 	13 	3.24453  
155	398.442	[   0.75176433  300.7029703 ]	[   0.80199253  322.        ]	[ 0.  0.]                    	[  0.11800054  47.77765014]  	38.5743	40 	3  	3.56925  
156	419.905	[   0.76255864  303.95049505]	[   0.80199253  326.        ]	[ 0.  0.]                    	[  0.10651442  44.21020362]  	38.9406	40 	38 	0.309    
157	412.492	[   0.75564142  302.91089109]	[   0.80199253  380.        ]	[ 0.00524934  1.        ]    	[  0.10488165  45.10166711]  	38.6931	40 	12 	2.69118  
158	426.043	[   0.77597771  309.22772277]	[   0.80199253  324.        ]	[   0.50134771  186.        ]	[  0.03794685  15.77181418]  	38.9901	40 	37 	0.410145 
159	413.126	[   0.76124157  304.38613861]	[   0.80199253  339.        ]	[ 0.01044386  2.        ]    	[  0.08905657  37.30207711]  	39.0396	40 	38 	0.312156 
160	403.443	[   0.76422207  306.06930693]	[   0.79849812  377.        ]	[ 0.01558442  3.        ]    	[  0.08746669  36.89542552]  	38.2574	40 	13 	4.42462  
161	399.095	[   0.75544407  301.61386139]	[   0.80049875  356.        ]	[  0.13574661  30.        ]  	[  0.09390683  44.42659321]  	38.4158	40 	15 	3.37512  
162	410.517	[   0.76833977  305.73267327]	[   0.80049875  326.        ]	[  0.27380952  69.        ]  	[  0.06495277  32.84734903]  	38.7525	40 	22 	1.73151  
163	387.849	[   0.73582635  291.4950495 ]	[   0.80049875  324.        ]	[ 0.  0.]                    	[  0.15521939  65.34533152]  	37.8713	39 	2  	5.1332   
164	403.511	[   0.75840318  300.58415842]	[   0.80049875  323.        ]	[  0.32  88.  ]              	[  0.07974423  41.13351054]  	38.2277	40 	8  	4.07572  
165	410.864	[   0.77001036  306.7029703 ]	[   0.80049875  327.        ]	[  0.15053763  35.        ]  	[  0.06915501  31.50846014]  	38.604 	40 	13 	2.65165  
166	410.387	[   0.77492825  308.94059406]	[   0.80049875  327.        ]	[   0.56984786  206.        ]	[  0.03554423  16.6708507 ]  	38.604 	39 	19 	2.10176  
167	402.246	[   0.76105231  305.72277228]	[   0.80049875  347.        ]	[  0.22267206  55.        ]  	[  0.07895698  33.83071392]  	38.4554	40 	13 	2.683    
168	418.195	[   0.76546664  305.11881188]	[   0.80049875  324.        ]	[  0.30195382  85.        ]  	[  0.07280607  34.09459384]  	38.7426	39 	33 	0.791708 
169	415.605	[   0.77261547  307.75247525]	[   0.80049875  322.        ]	[   0.51554404  188.        ]	[  0.0471189   21.70294771]  	38.5149	39 	13 	2.66853  
170	417.319	[   0.75921646  301.86138614]	[   0.80049875  324.        ]	[ 0.  0.]                    	[  0.10408391  44.10137505]  	38.3465	40 	13 	3.14166  
171	417.305	[   0.76953731  306.61386139]	[   0.80049875  323.        ]	[  0.25818882  67.        ]  	[  0.06600551  29.93159538]  	38.7525	40 	24 	1.56955  
172	419.249	[   0.77215034  307.71287129]	[   0.80049875  352.        ]	[   0.47923323  150.        ]	[  0.0426824   22.14056652]  	38.2475	40 	13 	3.99357  
173	434.014	[   0.76419137  303.40594059]	[   0.8  324. ]              	[ 0.  0.]                    	[  0.10332273  45.30669485]  	38.7723	40 	19 	2.00436  
174	439.136	[   0.77581715  308.5049505 ]	[   0.80304956  323.        ]	[  0.28460039  73.        ]  	[  0.06079068  27.97864241]  	38.8911	40 	30 	0.953378 
175	433.732	[   0.76992834  306.46534653]	[   0.80304956  324.        ]	[ 0.  0.]                    	[  0.08831845  35.31991398]  	38.3663	40 	7  	4.34576  
176	449.738	[   0.77634704  308.18811881]	[   0.80304956  324.        ]	[  0.13711584  29.        ]  	[  0.06760209  28.68425341]  	38.7327	40 	13 	2.59432  
177	436.035	[   0.77922107  310.28712871]	[   0.80350438  323.        ]	[   0.41489362  117.        ]	[  0.04359557  21.35106677]  	38.9307	40 	38 	0.404368 
178	435.67 	[   0.76788167  304.92079208]	[   0.80350438  324.        ]	[  0.07862408  16.        ]  	[  0.09787953  43.56437894]  	38.802 	40 	30 	0.964928 
179	437.423	[   0.768183    304.15841584]	[   0.80350438  324.        ]	[  0.19631902  48.        ]  	[  0.08443042  39.5406127 ]  	38.6139	40 	13 	2.59081  
180	456.728	[   0.78196681  310.9009901 ]	[   0.80350438  323.        ]	[   0.57866948  251.        ]	[ 0.02929037  9.53732112]    	38.5743	40 	13 	2.62262  
181	452.56 	[   0.77447018  308.82178218]	[   0.80350438  323.        ]	[ 0.04556962  9.        ]    	[  0.07949924  33.11348505]  	38.9307	40 	31 	0.892848 
182	432.988	[   0.76441388  303.52475248]	[   0.80350438  325.        ]	[  0.23849372  57.        ]  	[  0.08888427  41.68471811]  	38.2277	40 	6  	4.17887  
183	431.107	[   0.78267855  312.23762376]	[   0.80649189  323.        ]	[   0.67596567  284.        ]	[ 0.01833543  6.26343865]    	38.7129	40 	13 	2.75155  
184	428.475	[   0.77414045  311.11881188]	[   0.80649189  354.        ]	[ 0.0052356  1.       ]      	[  0.08026098  31.86365978]  	38.9208	40 	30 	0.99188  
185	414.754	[   0.7654201   305.47524752]	[   0.80649189  327.        ]	[ 0.03617571  7.        ]    	[  0.1060635  44.1956931]    	39.0594	40 	38 	0.309    
186	436.678	[   0.77519116  309.15841584]	[   0.80856423  326.        ]	[  0.04889976  10.        ]  	[  0.07672406  33.59447523]  	38.9901	40 	37 	0.358629 
187	431.229	[   0.77086679  310.71287129]	[   0.80856423  380.        ]	[   0.32786885  100.        ]	[  0.06502068  33.18246484]  	38.9703	40 	37 	0.409188 
188	430.038	[   0.77583339  309.77227723]	[   0.80856423  326.        ]	[   0.47922438  173.        ]	[  0.05428708  25.30013156]  	38.5446	40 	13 	2.86503  
189	426.931	[   0.76668617  307.46534653]	[   0.80856423  380.        ]	[ 0.  0.]                    	[  0.09912925  43.5500314 ]  	38.3267	40 	13 	3.81012  
190	439.76 	[   0.78518855  314.72277228]	[   0.80856423  330.        ]	[   0.6107056  251.       ]  	[ 0.02581403  9.76366147]    	38.8614	40 	27 	1.21891  
191	451.553	[   0.78860374  317.2970297 ]	[   0.81163085  358.        ]	[   0.70541872  299.        ]	[ 0.01303031  6.68164999]    	38.9703	40 	38 	0.29703  
192	436.916	[   0.78761027  314.69306931]	[   0.81163085  327.        ]	[   0.67934094  268.        ]	[ 0.01683084  8.05887073]    	38.495 	40 	13 	3.64141  
193	425.102	[   0.77685006  312.06930693]	[   0.81163085  325.        ]	[   0.50789474  193.        ]	[  0.04814867  16.95436941]  	38.6634	40 	13 	2.74413  
194	426.088	[   0.76400248  304.81188119]	[   0.81163085  331.        ]	[ 0.01546392  3.        ]    	[  0.10604115  45.7088749 ]  	38.4158	40 	5  	4.00314  
195	440.605	[   0.78305089  312.24752475]	[   0.81163085  327.        ]	[   0.52631579  180.        ]	[  0.03815826  19.32084799]  	39.0099	40 	38 	0.410145 
196	442.316	[   0.77877564  311.45544554]	[   0.80813215  338.        ]	[  0.33215548  94.        ]  	[  0.05458891  25.68527133]  	39.0396	40 	36 	0.46503  
197	445.211	[   0.78698805  314.0990099 ]	[   0.80904523  326.        ]	[   0.59838275  222.        ]	[  0.02249749  11.02338195]  	39.0198	40 	38 	0.397522 
198	437.817	[   0.77839683  310.44554455]	[   0.80916031  355.        ]	[   0.49607535  158.        ]	[  0.04341925  21.39467651]  	39.0198	40 	31 	0.867227 
199	442.459	[   0.77614172  308.71287129]	[   0.81060606  328.        ]	[ 0.04030227  8.        ]    	[  0.0884222   37.60591291]  	38.901 	40 	13 	2.62699  
200	459.753	[   0.78230268  310.67326733]	[   0.81060606  323.        ]	[   0.49612403  160.        ]	[  0.03615654  18.47508834]  	39.0594	40 	23 	1.69928  
201	438.655	[   0.7740532   308.04950495]	[   0.80653266  326.        ]	[  0.35471698  94.        ]  	[  0.06101394  29.00473715]  	39.0792	40 	32 	0.875216 
202	465.439	[   0.78059232  310.64356436]	[   0.80653266  328.        ]	[ 0.  0.]                    	[  0.07882545  31.57031572]  	38.9109	40 	27 	1.69507  
203	443.767	[   0.77754078  312.03960396]	[   0.80653266  369.        ]	[   0.5492228  212.       ]  	[  0.04412221  17.31931949]  	38.604 	40 	13 	3.75771  
204	459.81 	[   0.78003561  308.75247525]	[   0.8071066  324.       ]  	[  0.06947891  14.        ]  	[  0.07360994  30.93154561]  	38.9802	40 	18 	2.16626  
205	460.979	[   0.78522271  310.52475248]	[   0.8071066  322.       ]  	[   0.65435356  248.        ]	[  0.02481993  10.15775961]  	39.0099	40 	22 	1.77717  
206	446.703	[   0.77910639  308.75247525]	[   0.80608365  324.        ]	[  0.17567568  39.        ]  	[  0.06748272  29.32319257]  	38.9406	40 	18 	2.14255  
207	450.789	[   0.77635191  311.33663366]	[   0.80608365  379.        ]	[   0.38632987  130.        ]	[  0.05434418  23.14067065]  	38.5842	40 	13 	3.35452  
208	453.211	[   0.781017    310.53465347]	[   0.80701754  324.        ]	[  0.11627907  25.        ]  	[  0.0705887   30.50809481]  	39.2376	40 	38 	0.565484 
209	451.045	[   0.771618    307.88118812]	[   0.80754717  379.        ]	[  0.07  14.  ]              	[  0.08885969  38.54771689]  	38.9901	40 	5  	3.43971  
210	454.854	[   0.7798247   309.55445545]	[   0.81265823  325.        ]	[  0.330373  93.      ]      	[  0.05444731  24.02328707]  	39.0792	40 	17 	2.2589   
211	459.325	[   0.78468074  312.6039604 ]	[   0.81265823  325.        ]	[   0.66309013  290.        ]	[ 0.02375013  6.43486667]    	39.2475	40 	37 	0.515232 
212	444.071	[   0.78164392  313.20792079]	[   0.81265823  380.        ]	[   0.63627354  257.        ]	[  0.03309288  12.8943282 ]  	38.802 	40 	13 	2.73597  
213	439.964	[   0.77681132  308.13861386]	[   0.81265823  324.        ]	[   0.41156463  121.        ]	[  0.05881617  27.20076794]  	39.0495	40 	38 	0.430892 
214	435.229	[   0.77757201  310.10891089]	[   0.81265823  323.        ]	[  0.34200743  92.        ]  	[  0.05537429  24.28579872]  	38.9109	40 	22 	1.74684  
215	445.267	[   0.78126982  310.48514851]	[   0.81265823  326.        ]	[   0.47619048  165.        ]	[  0.04559173  20.02602953]  	38.6535	40 	13 	3.53885  
216	447.875	[   0.78768611  313.20792079]	[   0.81265823  325.        ]	[   0.64646465  238.        ]	[  0.02287134  11.14469801]  	39.1782	40 	38 	0.515042 
217	467.502	[   0.78802333  314.22772277]	[   0.81265823  326.        ]	[   0.4928292  189.       ]  	[  0.03247411  13.72998539]  	39.1782	40 	36 	0.619742 
218	449.654	[   0.78308833  311.46534653]	[   0.81265823  324.        ]	[   0.59743954  210.        ]	[  0.03657606  13.21757333]  	38.9505	40 	11 	2.86106  
219	451.866	[   0.78623835  313.59405941]	[   0.81265823  380.        ]	[   0.64923747  270.        ]	[  0.02484772  11.16853627]  	38.7822	40 	5  	4.30428  
220	436.478	[   0.77627438  310.99009901]	[   0.81265823  359.        ]	[  0.14035088  32.        ]  	[  0.07456379  31.38313069]  	38.4059	40 	6  	5.01518  
221	436.761	[   0.77964711  310.98019802]	[   0.8135169  325.       ]  	[   0.53940887  219.        ]	[  0.04513649  15.06354868]  	38.9307	40 	23 	2.13994  
222	451.161	[   0.78250149  310.02970297]	[   0.8135169  327.       ]  	[  0.22672065  56.        ]  	[  0.07215574  33.90156264]  	39.1584	40 	37 	0.592572 
223	445.293	[   0.78233565  310.81188119]	[   0.8135169  325.       ]  	[  0.21748401  51.        ]  	[  0.06553973  31.27005111]  	39.0693	40 	37 	0.567388 
224	441.949	[   0.77458966  305.42574257]	[   0.8135169  327.       ]  	[   0.36206897  105.        ]	[  0.07837083  38.94076398]  	39     	40 	38 	0.526524 
225	439.412	[   0.77993584  311.73267327]	[   0.8135169  378.       ]  	[   0.49193548  183.        ]	[  0.05124047  21.75238286]  	38.4158	40 	13 	3.04835  
226	437.919	[   0.7836349   311.79207921]	[   0.8135169  325.       ]  	[  0.17218543  39.        ]  	[  0.06480257  28.12008085]  	38.7426	40 	37 	0.669764 
227	439.437	[   0.77968121  310.41584158]	[   0.81265823  333.        ]	[  0.26860254  74.        ]  	[  0.05909061  25.68825572]  	38.2376	40 	18 	2.5646   
228	434.049	[   0.7788205   309.87128713]	[   0.81265823  380.        ]	[  0.10208817  22.        ]  	[  0.08053075  36.37882731]  	38.6139	40 	37 	0.612902 
229	423.504	[   0.77905108  311.38613861]	[   0.81265823  379.        ]	[ 0.  0.]                    	[  0.08179256  33.57597276]  	38.3267	39 	18 	2.23876  
230	430.205	[   0.78022598  311.81188119]	[   0.81265823  325.        ]	[   0.44923077  146.        ]	[  0.0463142   19.84929002]  	38.0495	39 	13 	3.60796  
231	422.648	[   0.7743329  309.       ]  	[   0.81265823  326.        ]	[  0.28625235  76.        ]  	[  0.07163776  30.2936127 ]  	38.1683	40 	13 	3.6126   
232	452.557	[   0.79195822  315.0990099 ]	[   0.81265823  325.        ]	[   0.76202219  301.        ]	[ 0.00939052  4.87366118]    	38.7525	40 	38 	0.475248 
233	446.532	[   0.78701206  312.33663366]	[   0.81265823  326.        ]	[   0.39116719  124.        ]	[  0.04071006  19.77210618]  	38.7426	40 	36 	0.669764 
234	439.765	[   0.78159878  311.83168317]	[   0.81265823  324.        ]	[  0.062954  13.      ]      	[  0.07370874  30.3811006 ]  	38.495 	40 	18 	2.17831  
235	431.525	[   0.78120314  311.17821782]	[   0.81265823  352.        ]	[   0.49481481  167.        ]	[  0.04918886  22.1879443 ]  	38.2475	40 	13 	2.80172  
236	447.424	[   0.78545708  312.99009901]	[   0.81265823  327.        ]	[   0.58967391  217.        ]	[  0.02528443  12.3460781 ]  	38.1683	40 	18 	2.76853  
237	442.352	[   0.77398645  308.92079208]	[   0.81265823  336.        ]	[  0.10628019  22.        ]  	[  0.07746177  31.69679472]  	38.703 	40 	36 	0.802774 
238	453.914	[   0.78997527  313.82178218]	[   0.81313131  328.        ]	[   0.65521797  248.        ]	[ 0.01825859  8.78950324]    	38.6733	40 	36 	0.913148 
239	440.631	[   0.7706688   306.84158416]	[   0.81313131  347.        ]	[ 0.  0.]                    	[  0.09560926  39.93552543]  	38.7525	40 	36 	0.723111 
240	444.081	[   0.78626678  312.26732673]	[   0.80665813  325.        ]	[   0.59007833  226.        ]	[  0.02369425  11.46833012]  	38.5545	40 	20 	2.09419  
241	443.143	[   0.78644581  312.06930693]	[   0.81025641  327.        ]	[   0.65835411  264.        ]	[ 0.02158758  9.64750768]    	38.3861	40 	18 	2.64751  
242	433.762	[   0.78100513  309.47524752]	[   0.81025641  323.        ]	[ 0.02046036  4.        ]    	[  0.08111724  33.37444153]  	38.604 	40 	36 	0.758832 
243	434.143	[   0.78543812  312.46534653]	[   0.81025641  324.        ]	[   0.46518106  167.        ]	[  0.03860501  16.12301986]  	38.5347	40 	23 	1.69778  
244	445.123	[   0.78715128  311.9009901 ]	[   0.81025641  327.        ]	[   0.62437811  245.        ]	[  0.02422396  10.70532851]  	38.5941	40 	33 	0.956253 
245	456.494	[   0.78734988  312.73267327]	[   0.81025641  330.        ]	[   0.61343473  242.        ]	[  0.02637788  10.0404046 ]  	38.4455	40 	13 	2.62311  
246	452.524	[   0.78299075  310.41584158]	[   0.81025641  323.        ]	[   0.48400556  174.        ]	[  0.04681478  20.52589156]  	38.8713	40 	31 	1.10501  
247	468.254	[   0.78777314  313.46534653]	[   0.81025641  325.        ]	[   0.57877814  270.        ]	[ 0.0276994  7.4946375]      	38.9307	40 	36 	0.811519 
248	467.587	[   0.78680293  312.86138614]	[   0.81025641  334.        ]	[   0.45413534  151.        ]	[  0.03534057  17.33880767]  	38.8614	40 	37 	0.783868 
249	440.172	[   0.77885651  309.87128713]	[   0.81025641  336.        ]	[  0.31956912  89.        ]  	[  0.0567559   25.94650375]  	38.6238	40 	23 	1.70527  
250	442.548	[   0.76767241  304.13861386]	[   0.81025641  379.        ]	[ 0.  0.]                    	[  0.09860134  43.35486308]  	38.604 	40 	13 	2.61026  
251	468.984	[   0.78664419  312.53465347]	[   0.81265823  326.        ]	[   0.51506849  188.        ]	[  0.03976446  17.26127948]  	38.9505	40 	37 	0.619425 
252	458.618	[   0.78551493  311.79207921]	[   0.81265823  326.        ]	[   0.49310873  161.        ]	[  0.04511393  20.9692452 ]  	38.9802	40 	37 	0.579863 
253	444.23 	[   0.78845627  314.76237624]	[   0.81265823  326.        ]	[   0.6401766  257.       ]  	[ 0.02307965  8.32763325]    	39.0495	40 	38 	0.514661 
254	448.706	[   0.78249029  311.04950495]	[   0.81265823  324.        ]	[ 0.00524934  1.        ]    	[  0.08127453  32.6567435 ]  	38.604 	40 	11 	3.50128  
255	451.053	[   0.78117878  310.47524752]	[   0.81265823  328.        ]	[ 0.  0.]                    	[  0.08289178  33.25645744]  	38.9703	40 	37 	0.496631 
256	460.854	[   0.78926567  313.95049505]	[   0.81304893  324.        ]	[   0.6068268  240.       ]  	[  0.02608101  10.19063464]  	38.7525	40 	23 	2.2925   
257	441.397	[   0.78574123  314.12871287]	[   0.81538462  327.        ]	[   0.59976932  260.        ]	[  0.03512113  10.24904088]  	38.5842	40 	11 	3.33677  
258	461.949	[   0.78974269  313.13861386]	[   0.81538462  324.        ]	[   0.62529833  262.        ]	[ 0.02059333  9.91351683]    	39.2376	40 	35 	0.733208 
259	456.117	[   0.78686139  313.12871287]	[   0.81632653  326.        ]	[   0.56  231.  ]            	[  0.03590638  13.30648868]  	38.8911	40 	1  	3.84837  
260	446.857	[   0.78423608  313.59405941]	[   0.81632653  336.        ]	[   0.52685422  205.        ]	[  0.04135541  16.75104738]  	38.9406	40 	23 	1.8066   
261	456.031	[   0.78732573  312.42574257]	[   0.81632653  325.        ]	[  0.31559633  86.        ]  	[  0.05103288  23.58021764]  	38.9208	40 	23 	1.6809   
262	457.307	[   0.78178485  312.0990099 ]	[   0.81632653  326.        ]	[ 0.  0.]                    	[  0.08117191  32.02087962]  	39.0297	40 	35 	0.496631 
263	465.81 	[   0.79162605  314.8019802 ]	[   0.81632653  327.        ]	[   0.72791519  297.        ]	[ 0.01311863  5.95198578]    	38.901 	40 	23 	1.66802  
264	455.627	[   0.78675817  312.37623762]	[   0.81632653  325.        ]	[   0.57240593  226.        ]	[  0.03560595  14.88959467]  	39     	40 	31 	0.954406 
265	461.159	[   0.78256794  309.67326733]	[   0.81632653  324.        ]	[  0.28803245  71.        ]  	[  0.05558718  26.44295519]  	39.1188	40 	36 	0.472766 
266	464.735	[   0.78907157  313.47524752]	[   0.81632653  328.        ]	[   0.55198973  215.        ]	[  0.02932735  13.2460299 ]  	39.1782	40 	39 	0.382696 
267	465.779	[   0.78008569  311.88118812]	[   0.81632653  360.        ]	[  0.07843137  16.        ]  	[  0.07612534  31.20874691]  	39.0891	40 	31 	0.902132 
268	466.961	[   0.78334229  311.8019802 ]	[   0.81632653  343.        ]	[  0.33858268  86.        ]  	[  0.05861055  27.24041108]  	38.7327	40 	8  	3.1931   
269	474.171	[   0.79241176  314.53465347]	[   0.81632653  327.        ]	[   0.70501836  288.        ]	[ 0.0159274   6.11695316]    	39.1485	40 	39 	0.35561  
270	461.588	[   0.78653026  313.52475248]	[   0.81632653  331.        ]	[   0.52446675  209.        ]	[  0.03581876  14.24787221]  	38.604 	40 	1  	4.10042  
271	450.171	[   0.78466359  312.48514851]	[   0.81632653  327.        ]	[   0.4248366  130.       ]  	[  0.04690437  21.89607038]  	39.0396	40 	38 	0.240494 
272	453.027	[   0.78326801  312.86138614]	[   0.81704261  346.        ]	[   0.49030471  177.        ]	[  0.04572178  18.16155754]  	38.8812	40 	23 	1.60622  
273	443.793	[   0.78971924  313.59405941]	[   0.81704261  326.        ]	[   0.59563543  232.        ]	[  0.0285698   11.06522357]  	38.9307	40 	30 	0.903869 
274	452.507	[   0.78266829  310.94059406]	[   0.81704261  326.        ]	[   0.51733333  194.        ]	[  0.04584888  19.07142478]  	38.8614	40 	23 	1.59224  
275	461.682	[   0.7883104   311.42574257]	[   0.81704261  328.        ]	[   0.4925816  166.       ]  	[  0.03245063  16.29331791]  	38.8812	40 	23 	1.60004  
276	457.374	[   0.78340115  312.47524752]	[   0.81704261  380.        ]	[   0.55235205  182.        ]	[  0.04238649  19.53701441]  	39.0297	40 	39 	0.169767 
277	450.844	[   0.78309881  311.28712871]	[   0.81704261  350.        ]	[  0.05025126  10.        ]  	[  0.07768038  32.21196403]  	38.8911	40 	23 	1.60384  
278	460.283	[   0.78954074  315.23762376]	[   0.81704261  328.        ]	[   0.6219151  286.       ]  	[ 0.02560772  6.45647808]    	38.9505	40 	31 	0.812967 
279	452.394	[   0.77382254  306.        ]	[   0.81704261  327.        ]	[ 0.  0.]                    	[  0.09774436  40.89179152]  	38.6139	40 	5  	3.4583   
280	457.921	[   0.78267788  312.25742574]	[   0.81704261  341.        ]	[   0.54572714  182.        ]	[  0.03797524  15.75408384]  	38.9802	40 	36 	0.314035 
281	450.429	[   0.78449436  310.3960396 ]	[   0.81704261  326.        ]	[   0.47020934  146.        ]	[  0.04271738  21.43979792]  	38.9901	40 	36 	0.329868 
282	455.088	[   0.77214552  308.46534653]	[   0.81704261  333.        ]	[ 0.04  8.  ]                	[  0.10350278  42.84431045]  	38.8515	40 	23 	1.58824  
283	453.736	[   0.76807379  305.83168317]	[   0.81704261  329.        ]	[ 0.  0.]                    	[  0.11675501  45.7431636 ]  	38.9505	40 	31 	0.812967 
284	433.842	[   0.77391811  308.75247525]	[   0.81704261  351.        ]	[   0.42712843  148.        ]	[  0.06296513  26.95923066]  	38.7525	39 	22 	1.85305  
285	462.28 	[   0.7917951   313.96039604]	[   0.81704261  327.        ]	[   0.72335025  285.        ]	[ 0.01295016  6.4376996 ]    	39.0099	40 	39 	0.0990099
286	453.599	[   0.77839632  306.74257426]	[   0.81704261  326.        ]	[  0.33707865  90.        ]  	[  0.07154141  34.66463186]  	38.9307	40 	33 	0.678633 
287	464.855	[   0.78665973  311.13861386]	[   0.81704261  326.        ]	[   0.53777209  210.        ]	[  0.03897231  15.48747798]  	39.0396	40 	39 	0.195027 
288	468.305	[   0.79256073  313.63366337]	[   0.81704261  326.        ]	[   0.68989547  278.        ]	[ 0.01610156  7.90879041]    	38.9901	40 	31 	0.838375 
289	469.905	[   0.79194471  314.25742574]	[   0.81704261  326.        ]	[   0.71321696  286.        ]	[ 0.01329401  5.95968878]    	38.8911	40 	21 	1.80703  
290	463.949	[   0.77274631  306.1980198 ]	[   0.81704261  354.        ]	[  0.0729927  15.       ]    	[  0.09152125  39.013331  ]  	38.8911	40 	31 	1.00396  
291	477.075	[   0.78645677  312.28712871]	[   0.81704261  326.        ]	[   0.53416149  215.        ]	[  0.03578583  13.37600677]  	38.9406	40 	31 	0.806186 
292	476.849	[   0.78969923  311.76237624]	[   0.81704261  326.        ]	[   0.65265265  276.        ]	[ 0.01895967  7.84522118]    	38.9604	40 	31 	0.819572 
293	465.947	[   0.78790374  311.61386139]	[   0.81704261  326.        ]	[   0.58909091  243.        ]	[  0.02744673  11.75321342]  	39.0693	40 	39 	0.253975 
294	486.933	[   0.79352598  312.78217822]	[   0.81704261  328.        ]	[   0.76102088  295.        ]	[ 0.00872118  6.60123595]    	39.1188	40 	36 	0.472766 
295	473.965	[   0.7710223   305.32673267]	[   0.81704261  329.        ]	[  0.23454158  55.        ]  	[  0.08676609  40.61631846]  	39.0495	40 	30 	1.02808  
296	486.322	[   0.78285268  309.54455446]	[   0.81704261  326.        ]	[   0.49453552  181.        ]	[  0.04839994  21.32006202]  	39.0693	40 	36 	0.648798 
297	464.16 	[   0.76363906  302.97029703]	[   0.81704261  326.        ]	[ 0.  0.]                    	[  0.12309969  48.20160949]  	39.0396	40 	23 	1.74015  
298	477.843	[   0.79057687  312.34653465]	[   0.81704261  326.        ]	[   0.64593301  268.        ]	[ 0.02265053  8.85575904]    	38.9406	40 	24 	1.75658  
299	468.966	[   0.79061626  313.75247525]	[   0.81704261  342.        ]	[   0.64589235  299.        ]	[ 0.01773113  6.25751974]    	39.1584	40 	23 	1.68119  