   	       	                                          fitness                                          	              size              
   	       	-------------------------------------------------------------------------------------------	--------------------------------
gen	time   	avg                          	max          	min          	std                        	avg    	max	min	std     
0  	1.6335 	[ 92.83168317  90.0990099 ]  	[ 124.  174.]	[  0.  60.]  	[ 17.28507014  16.56759628]	2.55446	8  	1  	2.0318  
1  	2.30086	[ 98.82178218  87.86138614]  	[ 124.  118.]	[ 69.  60.]  	[ 13.48662413  13.24486054]	4.0297 	13 	1  	2.85787 
2  	2.70844	[ 103.93069307   86.23762376]	[ 125.  126.]	[ 72.  60.]  	[ 14.73142894  14.05445457]	5.18812	18 	1  	3.23873 
3  	3.10399	[ 107.45544554   86.87128713]	[ 139.  124.]	[ 72.  60.]  	[ 15.80169483  13.95726389]	6.25743	15 	1  	3.44016 
4  	4.06213	[ 104.34653465   88.24752475]	[ 139.  174.]	[  0.  69.]  	[ 20.18009785  15.07631146]	7.53465	19 	1  	4.02114 
5  	4.05514	[ 110.59405941   87.63366337]	[ 139.  117.]	[ 68.  62.]  	[ 17.26392577  11.42753559]	7.24752	19 	1  	3.49372 
6  	5.32562	[ 113.2970297    90.33663366]	[ 146.  115.]	[ 0.  0.]    	[ 22.21877921  15.07622693]	8.22772	18 	1  	3.43218 
7  	5.67361	[ 119.40594059   95.02970297]	[ 146.  119.]	[ 75.  62.]  	[ 20.09343433  12.39327145]	8.63366	20 	1  	3.394   
8  	6.57124	[ 127.66336634   97.98019802]	[ 146.  117.]	[ 71.  66.]  	[ 15.56161642  10.35697517]	9.32673	19 	4  	2.66666 
9  	7.15092	[ 127.23762376  101.36633663]	[ 146.  120.]	[ 67.  78.]  	[ 18.74220552   8.00955218]	9.83168	19 	3  	3.06067 
10 	7.49216	[ 129.37623762   98.7029703 ]	[ 146.  115.]	[ 71.  81.]  	[ 17.80691349   7.66313608]	10.1782	19 	5  	2.78396 
11 	6.97736	[ 130.73267327   99.64356436]	[ 146.  114.]	[ 73.  69.]  	[ 17.75849599   6.82973139]	10.3564	20 	3  	3.52806 
12 	7.93917	[ 131.34653465   99.54455446]	[ 146.  109.]	[ 71.  74.]  	[ 17.70184062   6.64894059]	11.3861	20 	5  	3.80716 
13 	8.73217	[ 133.01980198  100.20792079]	[ 146.  121.]	[ 72.  83.]  	[ 13.81918612   6.63222978]	11.8614	25 	6  	3.95026 
14 	11.4703	[ 133.44554455   98.22772277]	[ 148.  124.]	[ 68.  66.]  	[ 15.31159869   8.36527616]	14.1089	31 	3  	5.07352 
15 	13.1384	[ 132.24752475   98.74257426]	[ 148.  116.]	[ 63.  73.]  	[ 17.69007438   7.09015978]	14.8317	31 	3  	5.89188 
16 	14.1231	[ 136.23762376   99.28712871]	[ 148.  115.]	[ 83.  79.]  	[ 12.60688835   6.56473723]	15.8317	35 	3  	6.56584 
17 	16.2121	[ 136.05940594  100.13861386]	[ 148.  118.]	[ 77.  69.]  	[ 13.69528486   5.9702724 ]	17.3762	33 	5  	5.76753 
18 	17.2078	[ 137.63366337   99.3960396 ]	[ 148.  119.]	[ 81.  78.]  	[ 13.76300305   5.81067507]	18.1485	39 	3  	6.26855 
19 	16.9088	[ 139.68316832   98.1980198 ]	[ 148.  111.]	[ 73.  81.]  	[ 10.37984595   4.48102667]	18.4455	39 	7  	5.8976  
20 	17.8373	[ 140.06930693   98.57425743]	[ 148.  113.]	[ 89.  69.]  	[ 10.79168861   5.54432461]	18.4752	39 	5  	7.05508 
21 	18.9386	[ 137.99009901   97.77227723]	[ 148.  112.]	[ 81.  67.]  	[ 14.23946201   5.80692858]	19.4059	37 	7  	6.23497 
22 	18.8079	[ 140.65346535   97.93069307]	[ 148.  112.]	[ 0.  0.]    	[ 16.37096902  10.63550697]	19.3465	37 	8  	6.98433 
23 	17.8946	[ 140.40594059   98.66336634]	[ 148.  111.]	[ 81.  84.]  	[ 11.95716631   4.91567956]	18.5248	37 	5  	6.7642  
24 	20.3019	[ 140.92079208   98.58415842]	[ 148.  111.]	[ 88.  73.]  	[ 11.26607381   5.67305133]	20.198 	39 	6  	7.92042 
25 	21.28  	[ 140.65346535   98.3960396 ]	[ 150.  113.]	[ 87.  69.]  	[ 10.36601038   6.89106066]	20.2673	39 	5  	8.86744 
26 	21.6561	[ 137.6039604    98.94059406]	[ 150.  114.]	[ 78.  78.]  	[ 16.09075696   5.92330818]	21.0891	39 	6  	9.55971 
27 	25.2703	[ 140.01980198   98.53465347]	[ 150.  118.]	[ 70.  83.]  	[ 13.59817999   5.46739092]	23.6931	39 	7  	10.155  
28 	29.6875	[ 143.14851485   98.20792079]	[ 150.  114.]	[ 85.  72.]  	[ 8.94912589  4.96585735]  	27.0396	39 	4  	9.72485 
29 	31.4651	[ 142.11881188   97.56435644]	[ 150.  113.]	[ 96.  81.]  	[ 10.49779527   5.01565044]	28.1188	39 	7  	9.16762 
30 	31.5939	[ 142.88118812   97.36633663]	[ 150.  112.]	[ 91.  78.]  	[ 11.01060437   4.37301077]	29.4851	39 	4  	8.83357 
31 	32.6827	[ 141.55445545   97.47524752]	[ 150.  116.]	[ 77.  83.]  	[ 13.0728918    5.04748552]	29.8515	39 	11 	8.45066 
32 	34.0698	[ 141.15841584   96.86138614]	[ 150.  112.]	[ 78.  62.]  	[ 14.45767649   5.79181687]	30.3663	39 	4  	8.69588 
33 	35.9949	[ 138.01980198   97.28712871]	[ 150.  119.]	[ 79.  62.]  	[ 16.70594855   6.60383422]	31.4356	39 	3  	9.10817 
34 	38.059 	[ 142.7029703    96.72277228]	[ 150.  114.]	[ 80.  78.]  	[ 11.00903729   4.51645794]	32.2574	39 	6  	8.07839 
35 	39.3153	[ 144.63366337   97.38613861]	[ 150.  115.]	[ 109.   85.]	[ 7.28177268  4.9930056 ]  	34.2079	39 	12 	6.18897 
36 	40.0304	[ 142.06930693   96.20792079]	[ 150.  108.]	[ 79.  79.]  	[ 14.12269953   4.20823528]	35.0396	40 	4  	5.12211 
37 	37.5732	[ 143.68316832   96.73267327]	[ 150.  111.]	[ 87.  68.]  	[ 10.63613372   5.04414392]	35.4455	40 	6  	5.18084 
38 	37.0114	[ 142.06930693   96.22772277]	[ 150.  110.]	[ 81.  84.]  	[ 12.69696886   4.27722772]	35.2475	38 	9  	5.34809 
39 	34.5442	[ 142.43564356   96.13861386]	[ 150.  115.]	[ 86.  78.]  	[ 11.68346199   4.49208259]	33.6634	38 	7  	7.19774 
40 	33.9217	[ 140.86138614   96.04950495]	[ 150.  116.]	[ 85.  78.]  	[ 14.60505114   4.90781603]	33.7327	39 	4  	7.42739 
41 	33.8949	[ 143.2970297    95.42574257]	[ 151.  111.]	[ 86.  76.]  	[ 12.79042383   4.11552611]	33.7723	38 	8  	6.86775 
42 	32.8421	[ 143.12871287   96.55445545]	[ 151.  118.]	[ 102.   81.]	[ 10.99924693   4.61696237]	33.2673	38 	3  	7.33079 
43 	33.721 	[ 141.65346535   96.10891089]	[ 151.  121.]	[ 77.  80.]  	[ 14.18717566   5.68809942]	32.9604	40 	9  	7.74331 
44 	33.491 	[ 139.93069307   96.5049505 ]	[ 151.  114.]	[ 81.  79.]  	[ 16.0421829    4.87187069]	32.1683	40 	3  	9.04452 
45 	36.005 	[ 142.10891089   96.66336634]	[ 151.  113.]	[ 88.  78.]  	[ 13.25746641   4.77675317]	33.1089	40 	4  	7.57131 
46 	37.355 	[ 142.68316832   97.35643564]	[ 151.  106.]	[ 85.  89.]  	[ 12.99423383   3.39068076]	32.8713	39 	8  	6.61631 
47 	41.0987	[ 142.54455446   96.88118812]	[ 151.  107.]	[ 86.  78.]  	[ 14.03498088   4.66350297]	33.0396	40 	3  	6.99352 
48 	41.1542	[ 145.30693069   97.9009901 ]	[ 151.  115.]	[ 111.   90.]	[ 7.11119961  3.90101523]  	33     	39 	9  	5.72644 
49 	43.7934	[ 142.24752475   97.33663366]	[ 151.  116.]	[ 82.  77.]  	[ 13.83739083   5.09567323]	33.3564	40 	14 	5.31872 
50 	43.2228	[ 143.52475248   97.31683168]	[ 151.  112.]	[ 82.  85.]  	[ 11.70647114   3.73882677]	32.6931	40 	16 	5.41312 
51 	42.7415	[ 142.58415842   97.41584158]	[ 151.  114.]	[ 79.  78.]  	[ 13.57798694   4.8792698 ]	32.4851	40 	4  	6.03228 
52 	44.8359	[ 144.61386139   97.00990099]	[ 151.  118.]	[ 81.  85.]  	[ 10.60914074   4.07721282]	33.7228	40 	16 	4.76813 
53 	47.3428	[ 144.91089109   97.26732673]	[ 151.  110.]	[ 83.  84.]  	[ 9.26945266  3.60387879]  	34.396 	40 	23 	4.16273 
54 	46.331 	[ 143.25742574   96.38613861]	[ 151.  105.]	[ 78.  80.]  	[ 13.02902583   3.76268889]	33.5644	40 	5  	5.44353 
55 	51.0621	[ 142.45544554   97.11881188]	[ 151.  106.]	[ 77.  81.]  	[ 14.61284174   3.92828567]	35.1188	40 	3  	5.31072 
56 	49.5668	[ 145.58415842   97.3960396 ]	[ 151.  108.]	[ 89.  85.]  	[ 10.30357751   3.45574341]	34.5248	40 	6  	5.18298 
57 	50.0788	[ 144.52475248   97.8019802 ]	[ 151.  115.]	[ 92.  84.]  	[ 10.41666036   4.02472507]	34.7822	40 	21 	3.92404 
58 	50.9614	[ 145.81188119   97.66336634]	[ 151.  108.]	[ 120.   90.]	[ 5.69473071  3.12218896]  	34.8911	40 	26 	3.58186 
59 	51.763 	[ 142.63366337   97.84158416]	[ 151.  107.]	[ 77.  85.]  	[ 13.90969658   3.66609478]	34.2376	40 	5  	6.20308 
60 	53.0302	[ 144.86138614   97.74257426]	[ 151.  110.]	[ 84.  66.]  	[ 9.54927783  4.75259901]  	34.2475	40 	3  	5.99737 
61 	55.7046	[ 143.71287129   97.6039604 ]	[ 151.  109.]	[ 80.  84.]  	[ 12.76236472   3.69928869]	35.0099	40 	5  	4.92216 
62 	60.1887	[ 144.41584158   98.10891089]	[ 151.  112.]	[ 74.  89.]  	[ 11.05814276   3.49795128]	35.5941	40 	5  	4.71815 
63 	65.9682	[ 145.10891089   97.53465347]	[ 151.  114.]	[ 89.  85.]  	[ 10.47666052   3.79307435]	36.4653	40 	6  	3.88846 
64 	68.1863	[ 145.9009901   97.8019802]  	[ 151.  109.]	[ 101.   86.]	[ 8.49986016  3.19659411]  	37.0198	40 	5  	3.51793 
65 	71.8304	[ 144.57425743   97.76237624]	[ 151.  113.]	[ 86.  77.]  	[ 13.01358508   4.22662123]	37.0891	39 	19 	2.48201 
66 	70.7247	[ 144.1980198    96.91089109]	[ 151.  111.]	[ 0.  0.]    	[ 16.24443228  10.15240206]	37.1683	40 	14 	2.81111 
67 	73.3836	[ 145.65346535   98.78217822]	[ 151.  128.]	[ 112.   93.]	[ 7.81777062  4.56114446]  	37.4455	40 	28 	1.70889 
68 	74.319 	[ 145.76237624   97.43564356]	[ 151.  108.]	[ 86.  82.]  	[ 10.70869778   3.84711758]	37.4257	40 	28 	1.6848  
69 	73.0891	[ 145.73267327   98.25742574]	[ 151.  106.]	[ 87.  88.]  	[ 10.51909258   2.7670389 ]	37.2574	40 	30 	1.60231 
70 	75.0477	[ 146.96039604   98.04950495]	[ 151.  105.]	[ 122.   87.]	[ 6.07041322  2.61138497]  	37.0891	40 	30 	1.84605 
71 	78.3915	[ 146.47524752   98.4950495 ]	[ 151.  115.]	[ 113.   91.]	[ 7.82303537  3.04625647]  	37.4455	40 	32 	1.29336 
72 	80.6142	[ 146.16831683   98.67326733]	[ 151.  110.]	[ 100.   75.]	[ 8.79364004  3.73664993]  	37.5545	40 	33 	0.927845
73 	83.7564	[ 146.01980198   98.93069307]	[ 151.  107.]	[ 104.   92.]	[ 8.5965457   2.60333916]  	37.7129	40 	33 	0.824581
74 	83.9315	[ 145.36633663   98.42574257]	[ 151.  111.]	[ 87.  67.]  	[ 11.57645508   4.58008287]	37.4059	40 	8  	3.18156 
75 	87.8408	[ 146.16831683   99.13861386]	[ 151.  109.]	[ 93.  84.]  	[ 8.84416159  3.16862622]  	37.6733	40 	32 	1.05407 
76 	86.0042	[ 146.71287129   99.        ]	[ 151.  117.]	[ 126.   88.]	[ 5.97741067  3.57383229]  	37.6139	39 	32 	0.994742
77 	84.8343	[ 146.41584158   98.9009901 ]	[ 151.  111.]	[ 90.  81.]  	[ 9.3303161   3.34339885]  	37.5347	38 	30 	1.28637 
78 	87.5531	[ 146.99009901   98.98019802]	[ 151.  114.]	[ 124.   93.]	[ 6.30180714  2.62501371]  	37.6535	39 	33 	0.905819
79 	88.2045	[ 146.37623762   99.23762376]	[ 151.  120.]	[ 112.   93.]	[ 7.31586028  3.22781388]  	37.6931	39 	30 	1.20019 
80 	89.4251	[ 146.3960396    99.31683168]	[ 151.  109.]	[ 85.  88.]  	[ 9.39673338  3.35057463]  	37.8218	40 	31 	0.937619
81 	89.2711	[ 146.68316832   98.54455446]	[ 151.  104.]	[ 80.  75.]  	[ 11.18780338   4.05048525]	37.8614	40 	32 	0.745012
82 	86.3224	[ 145.53465347   99.86138614]	[ 151.  108.]	[ 71.  93.]  	[ 11.12891547   3.03781351]	37.7624	40 	31 	1.06379 
83 	85.1795	[ 146.20792079  100.00990099]	[ 151.  116.]	[ 70.  90.]  	[ 10.83660539   3.34040683]	37.7525	38 	31 	0.894493
84 	86.0551	[ 148.4950495   100.02970297]	[ 151.  105.]	[ 132.   89.]	[ 3.56724306  2.56192782]  	37.8614	40 	33 	0.660478
85 	83.4884	[ 147.37623762  100.62376238]	[ 151.  112.]	[ 110.   92.]	[ 7.10577994  2.9679859 ]  	37.8911	40 	31 	0.819333
86 	84.0556	[ 144.67326733   99.98019802]	[ 151.  108.]	[ 76.  87.]  	[ 12.09214532   3.2026604 ]	37.9109	40 	31 	0.833685
87 	86.29  	[ 145.99009901  100.64356436]	[ 151.  108.]	[ 75.  94.]  	[ 11.02157654   2.52349027]	38.0396	40 	37 	0.595707
88 	84.0853	[ 147.07920792  100.30693069]	[ 151.  107.]	[ 88.  88.]  	[ 7.53300746  2.5975715 ]  	37.7327	40 	31 	1.16798 
89 	84.2793	[ 146.45544554  100.21782178]	[ 151.  113.]	[ 69.  86.]  	[ 10.36227426   3.38196721]	37.802 	40 	31 	1.1171  
90 	83.7411	[ 144.55445545   99.78217822]	[ 151.  113.]	[ 69.  80.]  	[ 13.0342088    4.48893901]	37.7822	40 	31 	1.07725 
91 	83.6817	[ 145.33663366  100.21782178]	[ 151.  110.]	[ 61.  90.]  	[ 11.41674749   2.90306755]	37.5941	40 	31 	1.52327 
92 	84.6961	[ 145.91089109  100.0990099 ]	[ 151.  115.]	[ 108.   92.]	[ 7.50194564  3.00660972]  	37.8515	39 	31 	0.958404
93 	85.7046	[ 143.75247525   99.76237624]	[ 151.  111.]	[ 77.  85.]  	[ 13.50863746   4.25463874]	37.7228	39 	31 	1.00611 
94 	85.5575	[ 143.91089109  100.56435644]	[ 151.  109.]	[ 87.  94.]  	[ 12.36098863   2.87844788]	37.7921	40 	30 	1.15456 
95 	83.6955	[ 146.94059406  100.18811881]	[ 151.  113.]	[ 99.  95.]  	[ 6.73225101  2.639055  ]  	37.7228	40 	28 	1.40803 
96 	82.6829	[ 146.64356436  100.04950495]	[ 151.  113.]	[ 117.   86.]	[ 6.60270595  3.17906592]  	37.7723	40 	31 	0.993854
97 	84.3729	[ 146.96039604   99.73267327]	[ 151.  106.]	[ 91.  86.]  	[ 8.44307765  3.00129045]  	37.6337	40 	30 	1.38394 
98 	86.395 	[ 146.21782178  100.37623762]	[ 151.  110.]	[ 90.  89.]  	[ 8.01434847  3.24220767]  	37.8515	40 	31 	0.916149
99 	83.5818	[ 143.78217822   99.38613861]	[ 151.  109.]	[ 0.  0.]    	[ 18.4141594   10.44359702]	37.6436	40 	28 	1.51288 
100	84.1451	[ 146.79207921  100.05940594]	[ 151.  105.]	[ 100.   93.]	[ 6.9343696   2.63195061]  	37.7327	40 	28 	1.35625 
101	87.3712	[ 147.32673267  100.54455446]	[ 151.  112.]	[ 93.  89.]  	[ 8.2751075   2.89938455]  	37.8119	40 	26 	1.58403 
102	86.3401	[ 145.78217822  100.45544554]	[ 151.  115.]	[ 100.   89.]	[ 8.95931835  3.66823332]  	37.9604	40 	35 	0.702482
103	85.7012	[ 145.5049505   100.32673267]	[ 151.  115.]	[ 81.  82.]  	[ 10.97217341   3.85404227]	37.8317	40 	31 	1.11754 
104	83.1564	[ 144.63366337  100.35643564]	[ 151.  122.]	[ 86.  83.]  	[ 11.314341     4.05063046]	37.9802	40 	36 	0.730932
105	84.6889	[ 147.20792079  100.53465347]	[ 151.  107.]	[ 107.   93.]	[ 7.63695657  2.43149449]  	37.9109	40 	31 	0.996022
106	84.9945	[ 147.35643564  100.01980198]	[ 151.  113.]	[ 106.   75.]	[ 7.01707135  3.78632296]  	37.8119	40 	30 	1.11438 
107	84.8829	[ 146.31683168  100.38613861]	[ 151.  113.]	[ 83.  89.]  	[ 9.49406348  3.12438603]  	37.4554	40 	18 	2.3145  
108	85.236 	[ 146.24752475   99.9009901 ]	[ 151.  106.]	[ 86.  84.]  	[ 10.28158591   3.31962347]	37.6931	40 	32 	0.909168
109	84.4771	[ 145.91089109  100.61386139]	[ 151.  111.]	[ 94.  87.]  	[ 9.90559299  3.53194838]  	37.1089	40 	5  	4.68176 
110	84.0823	[ 146.91089109   99.79207921]	[ 151.  110.]	[ 89.  83.]  	[ 8.38208723  3.09364354]  	38.0099	40 	36 	0.999951
111	84.676 	[ 146.63366337  100.02970297]	[ 151.  109.]	[ 93.  84.]  	[ 8.12370053  3.04570935]  	38.1188	40 	32 	1.38798 
112	86.7264	[ 147.48514851  100.53465347]	[ 151.  105.]	[ 93.  93.]  	[ 9.14743254  2.2051441 ]  	38.2376	40 	28 	1.50345 
113	88.3613	[ 147.41584158  100.78217822]	[ 151.  116.]	[ 108.   91.]	[ 7.88439658  3.25668835]  	38.396 	40 	36 	1.04436 
114	86.6597	[ 147.37623762  100.01980198]	[ 151.  107.]	[ 115.   84.]	[ 6.73229469  3.20883742]  	38.2772	40 	36 	1.10909 
115	88.7189	[ 148.00990099  100.77227723]	[ 151.  112.]	[ 124.   94.]	[ 5.29616908  2.72822137]  	38.2178	40 	36 	0.83966 
116	88.1326	[ 146.78217822  101.1980198 ]	[ 151.  112.]	[ 102.   92.]	[ 8.54064709  2.98185869]  	38.0792	40 	36 	0.740393
117	86.284 	[ 147.36633663  101.06930693]	[ 151.  119.]	[ 115.   95.]	[ 6.37712927  2.86756331]  	38     	40 	32 	0.933428
118	89.0368	[ 146.61386139  100.93069307]	[ 151.  112.]	[ 91.  90.]  	[ 8.22694233  2.95597206]  	38.3168	40 	36 	0.922016
119	87.9662	[ 147.57425743  100.26732673]	[ 151.  107.]	[ 84.  92.]  	[ 8.1195846   2.51290172]  	38.2079	40 	30 	1.24532 
120	90.1745	[ 146.86138614  100.81188119]	[ 151.  114.]	[ 99.  94.]  	[ 7.83749518  3.02043493]  	38.2673	40 	36 	0.899847
121	90.7445	[ 147.79207921  100.56435644]	[ 151.  106.]	[ 98.  93.]  	[ 8.04605165  2.15450641]  	38.1881	40 	37 	0.79245 
122	90.3095	[ 145.6039604   100.20792079]	[ 151.  112.]	[ 77.  73.]  	[ 10.65487311   4.48389159]	38.0198	40 	36 	0.674576
123	90.6982	[ 146.47524752  100.6039604 ]	[ 151.  111.]	[ 81.  83.]  	[ 9.72858813  3.3804306 ]  	37.9703	40 	36 	0.604528
124	92.9351	[ 147.5049505   101.03960396]	[ 151.  109.]	[ 117.   92.]	[ 6.00102922  2.38776084]  	38.0693	40 	37 	0.734677
125	91.7013	[ 145.98019802   99.97029703]	[ 151.  108.]	[ 0.  0.]    	[ 17.02995625  10.33446167]	37.9703	40 	37 	0.66683 
126	91.3101	[ 145.06930693  101.02970297]	[ 151.  116.]	[ 91.  87.]  	[ 13.03860029   3.73756803]	37.8911	40 	32 	1.03312 
127	91.1117	[ 147.6039604   101.23762376]	[ 151.  116.]	[ 102.   92.]	[ 7.01212416  3.25226049]  	38.0198	40 	37 	0.506985
128	92.8014	[ 147.84158416  101.28712871]	[ 151.  110.]	[ 121.   87.]	[ 6.48491421  2.95623735]  	38.0297	40 	37 	0.432708
129	92.0592	[ 146.35643564  101.73267327]	[ 151.  112.]	[ 77.  93.]  	[ 10.25475901   2.58667985]	37.9901	39 	37 	0.298347
130	92.5161	[ 145.89108911  101.5049505 ]	[ 151.  112.]	[ 89.  82.]  	[ 11.120315     3.63869132]	37.9901	39 	36 	0.358629
131	91.5806	[ 148.11881188  101.25742574]	[ 151.  108.]	[ 94.  86.]  	[ 7.15360067  2.95729829]  	37.6535	39 	7  	3.09082 
132	90.2429	[ 146.96039604  101.68316832]	[ 151.  113.]	[ 124.   93.]	[ 6.69109175  3.46676067]  	37.8713	40 	32 	0.779227
133	89.2882	[ 145.17821782  101.27722772]	[ 151.  109.]	[ 85.  81.]  	[ 12.70097528   4.17943767]	37.8911	39 	36 	0.595378
134	90.6646	[ 146.22772277  102.16831683]	[ 151.  114.]	[ 83.  88.]  	[ 10.65004178   3.85137061]	37.8812	39 	36 	0.531896
135	92.0906	[ 148.25742574  102.96039604]	[ 151.  110.]	[ 94.  89.]  	[ 6.62077957  3.80182549]  	37.8317	39 	32 	0.771642
136	94.1652	[ 144.68316832  103.24752475]	[ 151.  114.]	[ 75.  86.]  	[ 11.61761269   4.5520226 ]	38.0099	40 	36 	0.605177
137	93.3267	[ 148.1980198   103.87128713]	[ 151.  111.]	[ 112.   89.]	[ 5.73338288  3.5338907 ]  	37.9703	40 	36 	0.570833
138	95.0572	[ 147.46534653  103.88118812]	[ 151.  113.]	[ 112.   86.]	[ 6.95895229  4.2081654 ]  	37.9208	40 	36 	0.501151
139	93.207 	[ 146.59405941  103.73267327]	[ 151.  114.]	[ 89.  92.]  	[ 8.40930439  4.1072047 ]  	37.8515	40 	32 	0.837088
140	91.7018	[ 145.57425743  103.64356436]	[ 151.  117.]	[ 104.   86.]	[ 9.36852381  4.1136916 ]  	37.6832	40 	32 	0.964013
141	91.9588	[ 146.44554455  104.13861386]	[ 152.  119.]	[ 97.  86.]  	[ 7.822885    4.23336512]  	37.6634	40 	32 	1.00767 
142	92.6285	[ 145.87128713  104.33663366]	[ 152.  114.]	[ 70.  93.]  	[ 10.28279671   3.56350375]	37.4455	40 	32 	1.20622 
143	91.3477	[ 143.20792079  104.2970297 ]	[ 152.  112.]	[ 82.  82.]  	[ 14.83060579   4.7063146 ]	37.4356	40 	21 	1.90578 
144	90.7133	[ 147.36633663  104.91089109]	[ 152.  120.]	[ 92.  86.]  	[ 8.46977477  3.74191937]  	37.2871	40 	32 	1.27688 
145	91.0266	[ 145.34653465  105.0990099 ]	[ 152.  113.]	[ 95.  90.]  	[ 11.18648021   3.3226047 ]	37.198 	40 	32 	1.26663 
146	88.6429	[ 145.72277228  105.37623762]	[ 152.  119.]	[ 97.  91.]  	[ 9.02375173  3.65830531]  	36.703 	40 	32 	1.53858 
147	87.0804	[ 146.30693069  105.22772277]	[ 152.  114.]	[ 93.  92.]  	[ 8.95173259  3.43217504]  	36.7228	39 	32 	1.71261 
148	86.4063	[ 147.05940594  104.95049505]	[ 152.  117.]	[ 88.  93.]  	[ 8.28313542  3.56377883]  	36.5842	40 	31 	1.94105 
149	84.0698	[ 146.43564356  105.03960396]	[ 152.  112.]	[ 98.  89.]  	[ 9.38549106  3.42362437]  	36.2376	40 	32 	2.00568 
150	85.3136	[ 147.          104.55445545]	[ 152.  117.]	[ 89.  95.]  	[ 8.35238746  3.80326917]  	36.3267	38 	32 	1.91972 
151	85.8516	[ 147.01980198  104.32673267]	[ 152.  111.]	[ 104.   94.]	[ 7.8095907   3.13431633]  	36.4851	40 	32 	2.02271 
152	87.0812	[ 145.06930693  103.63366337]	[ 152.  111.]	[ 81.  89.]  	[ 13.2248322    4.41806098]	36.2871	40 	32 	2.09826 
153	85.5885	[ 146.41584158  103.9009901 ]	[ 152.  113.]	[ 89.  78.]  	[ 10.4201512    4.65759244]	36.3267	39 	32 	1.98564 
154	85.2275	[ 146.85148515  103.83168317]	[ 152.  123.]	[ 86.  85.]  	[ 9.90488042  4.52729742]  	36.2871	40 	27 	2.23977 
155	86.1047	[ 145.42574257  103.62376238]	[ 152.  118.]	[ 102.   87.]	[ 10.25839095   4.06348503]	36.1881	40 	27 	2.22814 
156	86.1691	[ 144.67326733  104.06930693]	[ 152.  116.]	[ 74.  81.]  	[ 13.83574715   4.37422112]	36.5842	40 	32 	1.97643 
157	89.5617	[ 147.99009901  104.00990099]	[ 152.  120.]	[ 95.  82.]  	[ 7.39613901  4.47986706]  	36.8713	40 	32 	1.83833 
158	89.9344	[ 145.77227723  104.04950495]	[ 152.  115.]	[ 93.  77.]  	[ 10.62584295   4.50385146]	37.1386	39 	28 	1.99022 
159	90.5538	[ 146.9009901   104.44554455]	[ 152.  113.]	[ 109.   94.]	[ 8.94372389  3.14493227]  	37.4554	39 	28 	1.85901 
160	88.5261	[ 147.63366337  103.76237624]	[ 152.  110.]	[ 120.   93.]	[ 6.40192232  3.28557759]  	36.9109	39 	27 	2.60274 
161	87.6503	[ 146.31683168  103.82178218]	[ 152.  114.]	[ 107.   94.]	[ 8.22087501  3.70281145]  	37.0693	39 	27 	2.38916 
162	86.6685	[ 147.24752475  104.01980198]	[ 152.  110.]	[ 101.   85.]	[ 7.92215335  3.74953515]  	37.099 	40 	27 	2.419   
163	87.0753	[ 145.61386139  103.06930693]	[ 153.  116.]	[ 76.  85.]  	[ 11.9503679    5.07421637]	36.8812	40 	15 	3.02559 
164	85.3461	[ 147.1980198   104.34653465]	[ 153.  113.]	[ 88.  93.]  	[ 9.166253    3.85231226]  	37.0495	40 	27 	2.58087 
165	84.809 	[ 145.15841584  103.97029703]	[ 153.  112.]	[ 89.  70.]  	[ 11.08002634   5.96434197]	37.2376	40 	26 	2.30432 
166	83.5046	[ 147.84158416  105.5049505 ]	[ 153.  117.]	[ 108.   97.]	[ 7.71360207  3.30503295]  	37.0891	40 	27 	2.3551  
167	82.0387	[ 146.76237624  105.26732673]	[ 153.  111.]	[ 82.  82.]  	[ 11.8021214    4.24005205]	36.7723	40 	27 	2.71731 
168	81.4772	[ 147.44554455  105.22772277]	[ 153.  111.]	[ 117.   91.]	[ 7.90597624  4.23301776]  	36.8812	40 	27 	2.22625 
169	80.4063	[ 144.23762376  103.91089109]	[ 153.  111.]	[ 77.  83.]  	[ 12.03801611   4.91129031]	36.4752	40 	27 	2.76325 
170	76.3619	[ 146.81188119  105.54455446]	[ 153.  116.]	[ 123.   95.]	[ 6.83136748  4.05781181]  	35.7129	40 	26 	3.69194 
171	78.109 	[ 144.8019802   104.88118812]	[ 153.  115.]	[ 95.  86.]  	[ 11.23909355   5.24128155]	35.5743	40 	27 	3.58309 
172	75.8169	[ 144.61386139  105.45544554]	[ 153.  113.]	[ 81.  76.]  	[ 14.2084693    5.03359949]	35.2673	38 	13 	4.22836 
173	75.4015	[ 148.07920792  105.69306931]	[ 153.  112.]	[ 98.  70.]  	[ 7.96736309  5.13142632]  	35.6535	40 	15 	3.50229 
174	77.3743	[ 145.88118812  105.64356436]	[ 153.  116.]	[ 82.  81.]  	[ 12.07590443   5.06508952]	36.1683	40 	27 	2.61022 
175	76.8064	[ 146.76237624  106.        ]	[ 153.  116.]	[ 77.  84.]  	[ 9.77078745  4.74498172]  	36.2475	38 	27 	2.44709 
176	76.8488	[ 146.92079208  106.22772277]	[ 153.  113.]	[ 94.  90.]  	[ 9.18746797  4.70070816]  	36.4356	39 	27 	2.13141 
177	75.7582	[ 147.0990099   106.01980198]	[ 153.  115.]	[ 90.  86.]  	[ 8.87259096  4.9950078 ]  	36.1485	38 	15 	3.06816 
178	76.2033	[ 147.00990099  106.33663366]	[ 153.  111.]	[ 89.  85.]  	[ 9.83476864  4.13216609]  	36.3366	40 	27 	2.33474 
179	76.2355	[ 145.76237624  106.25742574]	[ 153.  111.]	[ 89.  84.]  	[ 12.23624588   4.92649629]	35.9901	40 	27 	2.73769 
180	76.7911	[ 145.58415842  106.06930693]	[ 153.  114.]	[ 90.  92.]  	[ 8.98543081  5.02125665]  	35.8416	40 	19 	3.29035 
181	76.2215	[ 144.07920792  105.38613861]	[ 153.  115.]	[ 77.  85.]  	[ 13.33326308   5.77802306]	35.7822	40 	10 	3.92404 
182	76.3128	[ 146.93069307  106.46534653]	[ 153.  113.]	[ 118.   95.]	[ 7.05460656  3.93402109]  	35.396 	40 	27 	3.66433 
183	79.9973	[ 145.33663366  105.3960396 ]	[ 153.  116.]	[ 79.  91.]  	[ 10.33333281   4.92735184]	36.2772	40 	26 	2.93871 
184	80.7535	[ 146.77227723  105.38613861]	[ 153.  114.]	[ 121.   85.]	[ 6.68659245  4.99895097]  	36.1287	40 	27 	2.6872  
185	79.7702	[ 145.81188119  105.81188119]	[ 153.  116.]	[ 116.   87.]	[ 8.14438137  5.34680967]  	35.7327	40 	10 	3.8277  
186	82.6598	[ 144.3960396   106.22772277]	[ 153.  113.]	[ 89.  93.]  	[ 13.33281458   4.44967723]	36.505 	40 	27 	2.4841  
187	82.9044	[ 146.43564356  106.61386139]	[ 153.  115.]	[ 81.  89.]  	[ 11.89176922   5.06193384]	36.6139	40 	27 	2.48946 
188	80.5643	[ 146.8019802   106.46534653]	[ 153.  115.]	[ 94.  92.]  	[ 9.45653926  5.07871574]  	36.5149	40 	27 	2.52361 
189	79.7951	[ 145.38613861  106.10891089]	[ 153.  118.]	[ 0.  0.]    	[ 17.06421784  11.73882531]	36.4455	40 	27 	2.48749 
190	78.8056	[ 143.10891089  104.93069307]	[ 153.  112.]	[ 74.  77.]  	[ 14.91819342   6.715222  ]	35.703 	39 	15 	3.92893 
191	81.3956	[ 146.55445545  107.28712871]	[ 153.  114.]	[ 91.  87.]  	[ 10.38989918   4.27596699]	36.3366	40 	27 	2.65239 
192	81.599 	[ 146.68316832  106.94059406]	[ 153.  116.]	[ 79.  81.]  	[ 12.32073893   5.71054571]	36.6733	39 	27 	1.73553 
193	80.6203	[ 148.42574257  107.59405941]	[ 153.  113.]	[ 113.   93.]	[ 7.3718041   3.91285826]  	36.2079	40 	15 	3.05175 
194	79.8381	[ 146.2970297   105.94059406]	[ 153.  114.]	[ 0.  0.]    	[ 16.16471194  11.86460063]	36.0495	40 	29 	2.40205 
195	82.2153	[ 144.12871287  106.14851485]	[ 153.  122.]	[ 77.  83.]  	[ 15.60506605   6.69325971]	35.9901	40 	5  	3.96643 
196	82.6835	[ 146.46534653  105.76237624]	[ 153.  114.]	[ 0.  0.]    	[ 16.90776631  11.72046405]	36.3762	40 	19 	3.04049 
197	86.792 	[ 146.44554455  107.16831683]	[ 153.  113.]	[ 76.  91.]  	[ 12.9480877    4.21940193]	36.9307	40 	15 	3.0353  
198	86.7619	[ 146.56435644  106.77227723]	[ 153.  115.]	[ 103.   93.]	[ 9.35378977  4.50935483]  	36.9604	40 	30 	2.32047 
199	86.8557	[ 145.79207921  107.17821782]	[ 153.  117.]	[ 90.  94.]  	[ 11.0070336    4.46858349]	36.8614	40 	17 	2.82503 
200	84.5982	[ 144.30693069  106.7029703 ]	[ 153.  116.]	[ 92.  77.]  	[ 13.41326562   5.85559655]	36.8119	40 	27 	1.84934 
201	84.781 	[ 145.52475248  106.55445545]	[ 153.  123.]	[ 78.  79.]  	[ 11.28882218   5.56949835]	36.099 	40 	11 	3.30468 
202	83.9016	[ 146.98019802  107.25742574]	[ 153.  112.]	[ 91.  92.]  	[ 8.94867676  3.87337565]  	36.0396	39 	27 	2.58296 
203	84.9485	[ 146.18811881  107.65346535]	[ 153.  121.]	[ 76.  94.]  	[ 11.81181894   4.22260687]	36.1089	40 	27 	2.38768 
204	81.9027	[ 148.53465347  106.99009901]	[ 153.  113.]	[ 109.   78.]	[ 5.8319101   4.94022697]  	36.2772	40 	27 	2.22994 
205	84.7856	[ 147.37623762  106.81188119]	[ 153.  113.]	[ 82.  91.]  	[ 9.66759565  4.85372751]  	36.4356	40 	29 	2.09864 
206	83.1865	[ 146.71287129  107.04950495]	[ 153.  116.]	[ 92.  89.]  	[ 9.56202952  4.88760047]  	35.8119	39 	29 	2.68738 
207	83.2764	[ 147.62376238  107.61386139]	[ 153.  115.]	[ 116.   93.]	[ 7.82336116  4.34176197]  	35.7129	39 	27 	2.84705 
208	81.8824	[ 147.12871287  107.13861386]	[ 153.  122.]	[ 84.  88.]  	[ 10.26545043   5.07182023]	35.6238	38 	27 	2.61697 
209	80.5233	[ 147.14851485  106.75247525]	[ 153.  114.]	[ 89.  72.]  	[ 10.77344199   6.24484887]	35.2277	38 	27 	2.99796 
210	77.5665	[ 146.33663366  106.22772277]	[ 153.  119.]	[ 96.  83.]  	[ 10.38017649   6.41298372]	34.2673	38 	5  	4.31642 
211	78.9818	[ 147.30693069  108.1980198 ]	[ 153.  113.]	[ 88.  97.]  	[ 10.30211223   3.506768  ]	34.6931	38 	27 	2.90354 
212	80.0038	[ 145.3960396   106.94059406]	[ 153.  115.]	[ 78.  79.]  	[ 13.19696875   5.64953653]	35.099 	40 	27 	2.89932 
213	78.4813	[ 145.86138614  106.71287129]	[ 153.  120.]	[ 101.   78.]	[ 10.84365006   5.92416871]	34.5347	40 	15 	3.61669 
214	79.732 	[ 145.3960396   106.81188119]	[ 153.  114.]	[ 86.  87.]  	[ 12.61625481   5.46403701]	34.3861	38 	27 	2.87347 
215	80.232 	[ 147.9009901  107.5049505]  	[ 153.  112.]	[ 88.  91.]  	[ 8.58677887  4.77125004]  	34.6436	38 	27 	2.80588 
216	81.1417	[ 147.41584158  106.83168317]	[ 153.  112.]	[ 94.  85.]  	[ 8.45637299  4.83401583]  	34.9208	40 	27 	2.80975 
217	81.1131	[ 145.87128713  106.65346535]	[ 153.  112.]	[ 92.  94.]  	[ 10.46981835   4.17781895]	34.6436	38 	27 	2.89959 
218	80.678 	[ 146.15841584  106.65346535]	[ 153.  112.]	[ 94.  85.]  	[ 10.21330202   5.25476803]	34.7426	39 	27 	3.0038  
219	78.9755	[ 146.65346535  106.18811881]	[ 153.  112.]	[ 99.  78.]  	[ 9.88091033  5.61771045]  	34.5842	40 	15 	3.54397 
220	80.0502	[ 147.21782178  107.24752475]	[ 153.  113.]	[ 112.   93.]	[ 7.86344338  4.32447774]  	34.2475	39 	27 	2.91601 
221	78.0376	[ 146.00990099  107.07920792]	[ 153.  118.]	[ 84.  77.]  	[ 13.09938782   6.4203932 ]	33.5941	37 	6  	5.10131 
222	81.6282	[ 146.42574257  107.66336634]	[ 153.  116.]	[ 72.  89.]  	[ 11.24466565   4.55826358]	33.703 	40 	30 	2.58152 
223	79.8049	[ 146.98019802  106.67326733]	[ 153.  113.]	[ 88.  83.]  	[ 10.27539616   5.79537014]	32.9208	39 	16 	2.95069 
224	80.5535	[ 144.48514851  106.37623762]	[ 153.  113.]	[ 84.  85.]  	[ 12.59468209   5.53807967]	32.8614	39 	30 	2.46974 
225	79.3098	[ 145.87128713  106.99009901]	[ 153.  118.]	[ 87.  91.]  	[ 11.27132818   5.19423719]	32.4752	40 	27 	2.15533 
226	77.5259	[ 144.91089109  106.93069307]	[ 153.  117.]	[ 78.  83.]  	[ 13.79489001   5.27887144]	32.0594	40 	15 	2.65815 
227	77.6627	[ 144.20792079  106.6039604 ]	[ 153.  119.]	[ 81.  83.]  	[ 12.85972824   5.77306688]	31.7822	37 	27 	1.93255 
228	78.6943	[ 146.35643564  107.27722772]	[ 153.  112.]	[ 72.  86.]  	[ 10.4090442    4.86474244]	31.604 	39 	27 	2.2342  
229	79.9498	[ 146.48514851  106.88118812]	[ 153.  112.]	[ 85.  91.]  	[ 11.19194712   5.16325005]	31.901 	39 	27 	1.5952  
230	80.3698	[ 145.          106.98019802]	[ 153.  114.]	[ 84.  78.]  	[ 12.42880716   5.92022912]	32.4059	39 	25 	2.48233 
231	80.0224	[ 147.32673267  107.27722772]	[ 153.  117.]	[ 106.   82.]	[ 8.01744251  4.7764248 ]  	32.3564	39 	27 	2.57014 
232	80.933 	[ 144.82178218  106.77227723]	[ 153.  120.]	[ 78.  81.]  	[ 12.79495262   6.03763967]	32.495 	39 	5  	3.78539 
233	80.0525	[ 147.52475248  107.7029703 ]	[ 153.  112.]	[ 112.   91.]	[ 7.31957102  3.83714145]  	32.5743	39 	27 	2.54211 
234	78.2142	[ 146.16831683  107.03960396]	[ 153.  117.]	[ 94.  66.]  	[ 10.92192754   6.13853401]	31.901 	39 	15 	3.2442  
235	78.3353	[ 147.53465347  107.5049505 ]	[ 153.  112.]	[ 105.   92.]	[ 7.73133569  4.23007563]  	32.3564	39 	27 	2.31048 
236	80.359 	[ 146.28712871  107.00990099]	[ 153.  114.]	[ 82.  91.]  	[ 9.31126926  4.70410617]  	32.9802	39 	11 	3.45259 
237	79.4516	[ 143.46534653  105.63366337]	[ 153.  115.]	[ 74.  80.]  	[ 14.71347759   6.12529696]	32.6634	40 	15 	3.52158 
238	80.4826	[ 145.51485149  106.24752475]	[ 153.  112.]	[ 87.  92.]  	[ 12.09501482   4.98791796]	32.8812	40 	25 	3.01576 
239	80.3954	[ 147.84158416  107.61386139]	[ 153.  113.]	[ 101.   94.]	[ 8.23267178  4.07593832]  	33     	39 	25 	2.77899 
240	80.7342	[ 147.11881188  107.11881188]	[ 153.  112.]	[ 117.   84.]	[ 7.7501672   4.69734943]  	32.5248	40 	25 	2.50383 
241	80.2656	[ 144.01980198  107.00990099]	[ 153.  116.]	[ 81.  85.]  	[ 14.94741952   5.74972242]	32.198 	40 	5  	3.42969 
242	79.6399	[ 147.37623762  107.2970297 ]	[ 153.  112.]	[ 81.  85.]  	[ 9.36588658  4.85950035]  	32.2772	40 	15 	2.84977 
243	81.046 	[ 146.31683168  107.34653465]	[ 153.  116.]	[ 89.  91.]  	[ 10.96342316   4.77085966]	32.6436	40 	30 	1.77766 
244	79.2015	[ 146.02970297  106.34653465]	[ 153.  112.]	[ 89.  69.]  	[ 11.41603479   6.88294728]	32.2475	40 	15 	2.82284 
245	80.9635	[ 144.48514851  105.64356436]	[ 153.  113.]	[ 0.  0.]    	[ 17.3071346   11.55836173]	32.5446	40 	13 	2.78441 
246	80.4956	[ 146.          105.93069307]	[ 153.  112.]	[ 98.  83.]  	[ 8.80481416  6.02348116]  	32.6337	40 	13 	3.51439 
247	82.8607	[ 145.94059406  106.8019802 ]	[ 153.  114.]	[ 81.  81.]  	[ 10.97866679   4.73457851]	32.8416	40 	27 	2.66897 
248	81.1068	[ 147.17821782  107.46534653]	[ 153.  114.]	[ 107.   96.]	[ 7.22262128  3.29585505]  	32.6238	38 	27 	2.33718 
249	81.7004	[ 146.91089109  106.69306931]	[ 153.  119.]	[ 123.   93.]	[ 6.53868762  4.35717815]  	32.9604	39 	27 	2.71381 
250	80.3957	[ 145.34653465  107.24752475]	[ 153.  117.]	[ 87.  83.]  	[ 11.95986328   5.08425241]	32.495 	39 	15 	3.23846 
251	80.8148	[ 147.40594059  107.67326733]	[ 153.  114.]	[ 102.   89.]	[ 9.24707952  4.20068102]  	32.8812	39 	26 	2.49072 
252	79.9996	[ 148.4950495  108.3960396]  	[ 153.  114.]	[ 87.  95.]  	[ 7.67227716  3.60714145]  	32.505 	38 	27 	2.09016 
253	80.986 	[ 145.68316832  106.56435644]	[ 153.  114.]	[ 78.  73.]  	[ 12.52793369   5.86720343]	32.6436	39 	30 	2.11353 
254	81.4682	[ 146.33663366  107.3960396 ]	[ 153.  117.]	[ 79.  92.]  	[ 9.43164804  4.84835219]  	32.8317	40 	30 	2.37174 
255	80.1382	[ 147.86138614  107.81188119]	[ 153.  114.]	[ 102.   87.]	[ 8.44203263  4.8414728 ]  	32.7525	40 	27 	2.55399 
256	81.012 	[ 144.66336634  107.27722772]	[ 153.  114.]	[ 72.  90.]  	[ 12.76464581   5.0680885 ]	32.6337	40 	29 	2.28522 
257	79.883 	[ 146.26732673  106.97029703]	[ 153.  117.]	[ 105.   88.]	[ 9.0432307   5.17697768]  	32.3663	40 	27 	1.96868 
258	78.2311	[ 147.48514851  107.46534653]	[ 153.  114.]	[ 107.   84.]	[ 7.10405527  4.70214688]  	32.1485	40 	15 	2.86455 
259	80.255 	[ 144.7029703   106.93069307]	[ 153.  125.]	[ 88.  88.]  	[ 12.33408266   5.83817655]	32.2376	40 	27 	2.36789 
260	81.9709	[ 146.22772277  107.45544554]	[ 153.  133.]	[ 102.   94.]	[ 8.60909166  5.74115722]  	32.5446	40 	27 	2.58144 
261	81.525 	[ 147.05940594  107.04950495]	[ 153.  117.]	[ 118.   94.]	[ 7.40326631  5.13071944]  	32.4554	40 	27 	2.30163 
262	80.3606	[ 147.48514851  106.7029703 ]	[ 153.  114.]	[ 111.   90.]	[ 7.43501731  5.17332181]  	32.1881	40 	27 	2.55131 
263	80.4401	[ 147.57425743  107.1980198 ]	[ 153.  114.]	[ 108.   93.]	[ 7.65512387  4.5685533 ]  	32.297 	40 	27 	2.81982 
264	79.0901	[ 147.58415842  107.46534653]	[ 153.  117.]	[ 118.   92.]	[ 6.88126647  4.39748883]  	31.9505	40 	27 	2.61517 
265	80.7333	[ 146.33663366  108.20792079]	[ 153.  114.]	[ 94.  88.]  	[ 11.0051988    5.16330701]	32.2079	40 	27 	2.35602 
266	81.871 	[ 144.61386139  107.82178218]	[ 153.  115.]	[ 88.  88.]  	[ 12.13779817   5.94595468]	32.0594	40 	24 	2.39149 
267	82.3491	[ 142.92079208  107.03960396]	[ 153.  119.]	[ 0.  0.]    	[ 18.47271639  11.92710599]	32.3663	40 	23 	2.57068 
268	82.6041	[ 144.61386139  107.73267327]	[ 153.  115.]	[ 90.  81.]  	[ 10.47861594   5.73143337]	32.4653	40 	15 	2.86171 
269	84.0627	[ 143.46534653  106.92079208]	[ 153.  115.]	[ 71.  81.]  	[ 14.10327141   6.24845829]	32.3564	40 	7  	3.32284 
270	84.1752	[ 145.10891089  107.59405941]	[ 154.  116.]	[ 81.  83.]  	[ 12.5041783    5.36615396]	32.495 	40 	28 	2.28479 
271	85.3468	[ 145.65346535  107.5049505 ]	[ 154.  114.]	[ 89.  84.]  	[ 12.61025486   5.71886536]	32.7624	40 	30 	2.57231 
272	82.9939	[ 146.88118812  107.85148515]	[ 154.  114.]	[ 114.   95.]	[ 8.18146556  5.23012246]  	32.3861	40 	27 	2.05841 
273	81.0339	[ 148.00990099  108.63366337]	[ 154.  114.]	[ 105.   82.]	[ 8.82783071  4.73395732]  	32.1188	40 	15 	2.4222  
274	80.4946	[ 145.85148515  107.85148515]	[ 154.  118.]	[ 78.  82.]  	[ 11.65713663   6.00063716]	32.1386	39 	30 	1.19429 
275	81.1426	[ 144.96039604  107.0990099 ]	[ 154.  114.]	[ 77.  85.]  	[ 14.31188718   6.54838042]	32.0594	38 	27 	1.31873 
276	82.1562	[ 146.0990099   108.15841584]	[ 154.  116.]	[ 96.  77.]  	[ 11.24744631   5.78275462]	32.2079	40 	27 	1.47129 
277	80.2866	[ 144.13861386  107.4950495 ]	[ 154.  118.]	[ 75.  80.]  	[ 16.421448   6.171836]    	32.099 	39 	6  	3.18258 
278	80.4022	[ 146.86138614  108.11881188]	[ 154.  117.]	[ 81.  95.]  	[ 9.66060665  4.22460293]  	32.5941	40 	27 	2.38468 
279	79.7723	[ 147.3960396   107.83168317]	[ 154.  115.]	[ 86.  82.]  	[ 10.10840177   4.99914707]	32.3465	39 	5  	3.56672 
280	80.838 	[ 147.64356436  107.98019802]	[ 154.  114.]	[ 96.  92.]  	[ 8.80209714  4.65222229]  	32.3663	39 	28 	1.9737  
281	80.2656	[ 146.93069307  106.51485149]	[ 154.  114.]	[ 83.  83.]  	[ 9.95162301  5.35957339]  	31.9703	39 	27 	1.54443 
282	80.2656	[ 146.41584158  106.74257426]	[ 154.  114.]	[ 81.  81.]  	[ 11.50743825   5.45123016]	32.099 	40 	28 	1.48594 
283	77.9031	[ 147.46534653  106.25742574]	[ 154.  114.]	[ 117.   93.]	[ 7.2420176   4.75259901]  	31.6535	39 	27 	1.79899 
284	76.125 	[ 148.04950495  106.47524752]	[ 154.  114.]	[ 81.  89.]  	[ 8.73184253  4.97437803]  	31.3366	38 	25 	1.97648 
285	78.545 	[ 145.88118812  106.06930693]	[ 154.  114.]	[ 98.  89.]  	[ 10.28532274   5.14782935]	31.7723	36 	27 	1.61602 
286	80.4602	[ 146.16831683  106.20792079]	[ 154.  116.]	[ 79.  94.]  	[ 11.12135517   4.43950945]	31.9901	39 	28 	1.58267 
287	81.4509	[ 146.5049505   106.43564356]	[ 154.  122.]	[ 104.   79.]	[ 9.64069732  5.39419534]  	31.9604	38 	28 	1.54741 
288	81.2162	[ 148.72277228  107.23762376]	[ 154.  118.]	[ 126.   94.]	[ 5.90539074  3.65369341]  	32.3564	40 	27 	1.88577 
289	81.7152	[ 148.1980198   106.68316832]	[ 154.  122.]	[ 100.   82.]	[ 7.85388824  5.25946708]  	32.2772	40 	29 	1.50326 
290	81.8055	[ 144.89108911  106.05940594]	[ 154.  115.]	[ 84.  75.]  	[ 13.94323782   6.14321131]	32.2079	39 	30 	1.13728 
291	81.1297	[ 146.52475248  107.53465347]	[ 154.  120.]	[ 97.  94.]  	[ 10.06276743   3.97159308]	32.2376	38 	28 	1.58676 
292	79.62  	[ 144.20792079  105.56435644]	[ 154.  114.]	[ 83.  87.]  	[ 14.20452921   5.56049688]	32.0594	37 	30 	1.31873 
293	78.027 	[ 146.61386139  105.82178218]	[ 154.  114.]	[ 94.  87.]  	[ 9.78883006  5.25280885]  	31.9406	40 	14 	2.57106 
294	79.5623	[ 146.79207921  106.59405941]	[ 154.  112.]	[ 99.  93.]  	[ 9.16657384  3.79467636]  	32.4455	39 	27 	2.38176 
295	79.2785	[ 146.23762376  106.03960396]	[ 154.  118.]	[ 86.  91.]  	[ 8.97427403  4.55966125]  	32.1089	37 	30 	1.78498 
296	79.0045	[ 145.14851485  106.1980198 ]	[ 154.  112.]	[ 77.  90.]  	[ 11.33066123   4.18866883]	32.3366	40 	27 	2.20385 
297	78.9154	[ 147.24752475  106.24752475]	[ 154.  113.]	[ 126.   94.]	[ 6.38904685  3.89822488]  	32     	38 	27 	1.86686 
298	79.5968	[ 144.6039604   106.15841584]	[ 154.  114.]	[ 79.  80.]  	[ 14.52078006   5.04579557]	32.4257	40 	27 	2.33504 
299	81.0337	[ 149.23762376  107.24752475]	[ 154.  112.]	[ 126.   93.]	[ 5.68678948  3.64625385]  	32.3069	40 	27 	1.73914 
300	79.9757	[ 143.85148515  104.95049505]	[ 154.  113.]	[ 0.  0.]    	[ 19.76765342  11.72403492]	32.3465	40 	30 	1.56342 
301	81.591 	[ 147.37623762  107.48514851]	[ 154.  115.]	[ 108.   83.]	[ 8.81363872  4.53504257]  	32.396 	40 	28 	1.47641 
302	80.6522	[ 148.15841584  107.3960396 ]	[ 154.  113.]	[ 79.  85.]  	[ 9.50011222  4.45900848]  	32.1782	39 	27 	1.48521 
303	80.7332	[ 147.35643564  107.05940594]	[ 154.  113.]	[ 91.  88.]  	[ 10.19569328   4.84986839]	32.198 	37 	30 	1.47601 
304	78.7825	[ 145.44554455  106.83168317]	[ 154.  117.]	[ 84.  89.]  	[ 13.85388765   5.19723709]	31.8515	40 	7  	3.00622 
305	79.9087	[ 148.67326733  107.41584158]	[ 154.  113.]	[ 80.  78.]  	[ 9.14255517  4.8670794 ]  	32.1188	39 	27 	1.49114 
306	81.2815	[ 146.56435644  107.02970297]	[ 154.  114.]	[ 83.  77.]  	[ 11.17229232   5.16548991]	32.4752	40 	28 	1.99303 
307	81.0375	[ 147.63366337  107.25742574]	[ 154.  118.]	[ 83.  83.]  	[ 10.42723279   4.65790814]	32.4257	39 	27 	2.10773 
308	80.2295	[ 148.62376238  107.45544554]	[ 154.  119.]	[ 110.   91.]	[ 7.94392661  4.61706853]  	32.2772	37 	30 	1.67757 
309	80.0663	[ 145.51485149  107.1980198 ]	[ 154.  120.]	[ 77.  78.]  	[ 13.71175247   5.44462639]	32.297 	40 	27 	1.81602 
310	79.9717	[ 146.87128713  106.77227723]	[ 154.  114.]	[ 74.  86.]  	[ 11.21143632   4.86832801]	32.5149	40 	27 	2.22325 
311	83.0603	[ 144.96039604  105.91089109]	[ 154.  116.]	[ 82.  86.]  	[ 13.98437657   5.64125365]	33.198 	40 	27 	2.95852 
312	83.2438	[ 144.7029703   106.64356436]	[ 154.  115.]	[ 86.  86.]  	[ 13.89033752   4.7753164 ]	33.4059	40 	27 	3.33353 
313	83.8912	[ 144.75247525  106.31683168]	[ 154.  128.]	[ 92.  82.]  	[ 12.37804343   6.16751421]	33.8416	40 	28 	3.31732 
314	83.1407	[ 147.59405941  106.96039604]	[ 154.  115.]	[ 73.  83.]  	[ 10.59626145   5.17977941]	33.099 	40 	28 	2.97017 
315	83.5232	[ 147.10891089  107.0990099 ]	[ 154.  114.]	[ 102.   76.]	[ 9.1930893   5.59084285]  	33.5743	40 	28 	3.26805 
316	85.5607	[ 146.42574257  106.88118812]	[ 154.  115.]	[ 76.  82.]  	[ 12.81965272   6.45362302]	34.2178	40 	20 	3.82696 
317	86.8624	[ 147.95049505  107.00990099]	[ 154.  113.]	[ 78.  89.]  	[ 10.45345766   4.65544512]	34.9406	40 	27 	3.66363 
318	83.2955	[ 144.16831683  105.75247525]	[ 154.  113.]	[ 79.  83.]  	[ 13.40833885   6.03521996]	33.703 	40 	20 	3.90112 
319	83.6528	[ 146.31683168  105.42574257]	[ 154.  115.]	[ 0.  0.]    	[ 16.03704294  11.60005679]	33.9406	40 	30 	3.31759 
320	82.774 	[ 149.68316832  107.41584158]	[ 154.  113.]	[ 131.   95.]	[ 5.22736647  4.37424353]  	33.3267	40 	27 	2.89112 
321	82.1831	[ 146.57425743  107.33663366]	[ 154.  123.]	[ 79.  82.]  	[ 11.58468307   5.45780797]	33.2772	40 	30 	2.7687  
322	81.2824	[ 147.63366337  107.24752475]	[ 154.  123.]	[ 69.  93.]  	[ 10.51705148   4.56505439]	33.1089	40 	27 	2.72103 
323	81.4139	[ 147.25742574  107.42574257]	[ 154.  113.]	[ 81.  81.]  	[ 11.58665455   5.04503782]	32.8812	40 	27 	2.65243 
324	80.0556	[ 145.64356436  107.15841584]	[ 154.  120.]	[ 81.  84.]  	[ 12.4436028    5.31527348]	32.4851	40 	15 	3.18603 
325	80.8476	[ 147.58415842  107.55445545]	[ 154.  116.]	[ 103.   85.]	[ 8.31111307  4.97812094]  	32.4455	40 	15 	2.851   
326	80.3216	[ 145.26732673  107.61386139]	[ 154.  117.]	[ 87.  89.]  	[ 13.00867273   5.09507683]	32.4455	40 	27 	2.14095 
327	80.664 	[ 143.72277228  107.48514851]	[ 154.  115.]	[ 86.  81.]  	[ 14.91701056   5.81499234]	32.5545	40 	28 	2.02692 
328	78.6496	[ 147.78217822  108.63366337]	[ 154.  115.]	[ 116.  100.]	[ 7.513162    3.68761044]  	32.1188	40 	27 	2.00142 
329	80.0803	[ 147.58415842  107.94059406]	[ 154.  122.]	[ 86.  90.]  	[ 9.45365698  4.92080204]  	32.5248	40 	27 	1.95288 
330	79.7165	[ 147.79207921  108.75247525]	[ 154.  118.]	[ 114.   93.]	[ 7.73997829  4.1966652 ]  	32.495 	40 	27 	2.22774 
331	79.4522	[ 146.41584158  107.46534653]	[ 154.  113.]	[ 76.  81.]  	[ 11.10103673   4.89607715]	32.3366	40 	20 	2.33898 
332	79.3079	[ 146.79207921  107.        ]	[ 154.  114.]	[ 95.  81.]  	[ 10.97370108   5.40260297]	32.3069	40 	27 	1.96374 
333	78.8755	[ 146.16831683  107.02970297]	[ 154.  117.]	[ 74.  88.]  	[ 12.0552107    5.54273308]	32.1485	40 	21 	2.40209 
334	80.3155	[ 146.7029703   107.69306931]	[ 154.  114.]	[ 80.  85.]  	[ 12.71122102   5.0614884 ]	32.2475	40 	27 	1.95193 
335	80.9809	[ 146.62376238  108.42574257]	[ 154.  118.]	[ 88.  92.]  	[ 9.49815145  4.55624158]  	32.2376	40 	27 	2.13016 
336	81.7561	[ 146.42574257  107.55445545]	[ 154.  114.]	[ 89.  85.]  	[ 10.287305     5.35007217]	32.3267	40 	27 	2.0446  
337	80.0294	[ 145.05940594  107.2970297 ]	[ 154.  114.]	[ 0.  0.]    	[ 17.97072525  11.66491274]	32.099 	39 	27 	1.82124 
338	79.8055	[ 147.61386139  108.47524752]	[ 154.  114.]	[ 116.   92.]	[ 8.16048229  4.61507229]  	32.1089	39 	28 	1.44127 
339	77.7298	[ 147.5049505   108.66336634]	[ 154.  114.]	[ 78.  88.]  	[ 11.17424883   5.02917671]	31.8713	38 	30 	1.0778  
340	79.0882	[ 146.45544554  108.07920792]	[ 154.  114.]	[ 99.  91.]  	[ 10.66364672   4.97853445]	32.0396	40 	30 	1.52809 
341	78.1922	[ 147.12871287  108.78217822]	[ 154.  115.]	[ 84.  77.]  	[ 13.05256954   5.67887166]	31.8614	40 	15 	2.60247 
342	78.1554	[ 147.54455446  108.56435644]	[ 154.  115.]	[ 97.  91.]  	[ 9.60045869  5.1037083 ]  	32.099 	40 	30 	1.6561  
343	79.6468	[ 147.37623762  108.46534653]	[ 154.  118.]	[ 83.  78.]  	[ 9.49189491  5.63504655]  	32.1782	40 	28 	1.71998 
344	79.6805	[ 147.1980198   108.38613861]	[ 154.  117.]	[ 91.  74.]  	[ 9.82824763  6.40694286]  	32.0495	37 	27 	1.07516 
345	80.4702	[ 146.84158416  108.91089109]	[ 154.  118.]	[ 87.  84.]  	[ 11.30471966   5.34011349]	32.2475	40 	30 	1.38168 
346	79.2009	[ 148.24752475  109.30693069]	[ 154.  120.]	[ 87.  81.]  	[ 10.77346019   5.91146323]	31.8812	39 	15 	2.01129 
347	79.9124	[ 146.81188119  108.22772277]	[ 154.  115.]	[ 103.   88.]	[ 10.82691263   5.37482431]	32.1188	38 	30 	1.1543  
348	78.0716	[ 147.52475248  108.15841584]	[ 154.  123.]	[ 100.   80.]	[ 9.87706019  5.90809593]  	32     	40 	15 	2.24711 
349	78.5446	[ 144.92079208  107.25742574]	[ 154.  114.]	[ 0.  0.]    	[ 17.88227906  11.93850038]	32.2673	40 	27 	1.688   
350	79.0543	[ 147.         107.9009901]  	[ 154.  114.]	[ 82.  85.]  	[ 10.14254835   5.95279276]	32.3861	40 	30 	1.54772 
351	79.7077	[ 147.27722772  108.36633663]	[ 154.  119.]	[ 83.  89.]  	[ 10.73360487   5.13524566]	32.1881	40 	30 	1.46722 
352	78.5671	[ 145.53465347  107.96039604]	[ 154.  117.]	[ 119.   83.]	[ 9.43089966  5.66021514]  	32.198 	40 	30 	1.6472  
353	78.5709	[ 146.79207921  107.61386139]	[ 154.  115.]	[ 86.  80.]  	[ 12.50213196   6.54000681]	32     	40 	30 	1.40014 
354	79.6947	[ 147.68316832  108.85148515]	[ 154.  117.]	[ 93.  92.]  	[ 9.27247678  4.33586503]  	32.0594	38 	30 	1.44758 
355	77.2175	[ 145.92079208  107.12871287]	[ 154.  115.]	[ 0.  0.]    	[ 17.98331634  11.79080307]	31.802 	38 	27 	1.38607 
356	76.7359	[ 146.89108911  107.82178218]	[ 154.  117.]	[ 83.  86.]  	[ 11.06408067   5.4325678 ]	31.6733	40 	22 	1.98064 
357	77.2502	[ 148.16831683  107.98019802]	[ 154.  115.]	[ 97.  80.]  	[ 9.11431179  5.81561605]  	31.6337	36 	15 	2.06682 
358	78.7439	[ 147.05940594  107.89108911]	[ 154.  115.]	[ 97.  83.]  	[ 9.93226743  5.59154416]  	32.0891	38 	28 	1.51624 
359	78.0625	[ 147.62376238  108.52475248]	[ 154.  125.]	[ 90.  79.]  	[ 10.94979677   5.5232973 ]	32.1386	39 	27 	1.81321 
360	77.9247	[ 147.85148515  108.40594059]	[ 154.  115.]	[ 107.   90.]	[ 9.28789923  5.13997769]  	32.2772	40 	27 	2.06871 
361	78.3444	[ 146.66336634  108.23762376]	[ 154.  115.]	[ 87.  92.]  	[ 10.56453738   4.97945982]	32.3762	40 	27 	2.07699 
362	79.0443	[ 145.71287129  108.44554455]	[ 154.  115.]	[ 75.  93.]  	[ 13.28092254   4.70195925]	32.2574	40 	27 	2.32359 
363	78.7128	[ 146.63366337  107.83168317]	[ 154.  117.]	[ 97.  78.]  	[ 10.73508431   6.28225429]	31.7624	37 	21 	1.85167 
364	78.4352	[ 147.17821782  107.41584158]	[ 154.  117.]	[ 91.  74.]  	[ 9.43597082  6.47809306]  	31.9109	40 	15 	2.52159 
365	80.3011	[ 148.06930693  108.28712871]	[ 154.  117.]	[ 77.  78.]  	[ 10.12814667   5.92918045]	32.3168	40 	28 	1.98475 
366	81.1324	[ 147.5049505   108.38613861]	[ 154.  115.]	[ 80.  81.]  	[ 10.27890637   5.11253613]	32.3663	40 	30 	1.73903 
367	80.6905	[ 145.77227723  107.69306931]	[ 154.  114.]	[ 72.  80.]  	[ 13.08682444   5.83051477]	32.1188	40 	27 	1.50436 
368	80.4133	[ 147.78217822  108.27722772]	[ 154.  114.]	[ 90.  82.]  	[ 10.76444823   5.00913781]	32.0792	38 	27 	1.2242  
369	81.419 	[ 147.51485149  108.59405941]	[ 154.  118.]	[ 84.  86.]  	[ 9.84293873  5.29744608]  	32.0693	38 	30 	1.06481 
370	80.4398	[ 147.68316832  108.45544554]	[ 154.  114.]	[ 104.   90.]	[ 9.72689514  4.86353323]  	32.1089	40 	30 	1.22596 
371	81.168 	[ 147.93069307  109.06930693]	[ 154.  114.]	[ 86.  92.]  	[ 9.91174663  3.83381883]  	32.2178	38 	30 	1.4866  
372	80.1407	[ 146.62376238  107.87128713]	[ 154.  115.]	[ 104.   91.]	[ 10.25791313   4.85362652]	32.3663	40 	30 	1.66931 
373	81.171 	[ 146.98019802  108.79207921]	[ 154.  125.]	[ 89.  94.]  	[ 10.50599093   4.65293867]	32.7624	40 	28 	2.26532 
374	81.5427	[ 146.01980198  107.40594059]	[ 154.  115.]	[ 0.  0.]    	[ 17.4945424   11.48927887]	32.5248	40 	30 	1.9478  
375	81.6744	[ 147.1980198  107.3960396]  	[ 154.  115.]	[ 77.  81.]  	[ 12.30231388   5.32522339]	32.4554	39 	30 	1.63819 
376	80.8956	[ 146.4950495   107.89108911]	[ 154.  116.]	[ 82.  94.]  	[ 11.43004878   4.50720214]	32.297 	39 	30 	1.79407 
377	80.9829	[ 149.11881188  108.3960396 ]	[ 154.  117.]	[ 120.   83.]	[ 6.69754962  5.02484758]  	32.7426	40 	27 	2.55108 
378	82.415 	[ 147.32673267  109.25742574]	[ 154.  116.]	[ 84.  97.]  	[ 9.73419909  4.16884595]  	33.3861	39 	30 	2.78244 
379	82.6475	[ 146.78217822  107.97029703]	[ 154.  114.]	[ 85.  89.]  	[ 10.44704133   5.19034795]	33.0594	39 	21 	2.72074 
380	81.3759	[ 144.14851485  107.32673267]	[ 154.  120.]	[ 89.  84.]  	[ 12.39002005   6.38238434]	33.099 	40 	6  	3.83962 
381	79.9496	[ 147.0990099   107.77227723]	[ 154.  116.]	[ 97.  93.]  	[ 9.23135525  4.59849564]  	33.8812	40 	30 	3.16318 
382	79.9068	[ 147.93069307  107.67326733]	[ 154.  116.]	[ 98.  88.]  	[ 8.29082449  5.2428337 ]  	33.5842	39 	30 	3.29496 
383	77.6337	[ 145.82178218  106.73267327]	[ 154.  116.]	[ 90.  79.]  	[ 11.96645149   6.61365388]	33.3861	39 	30 	3.41798 
384	79.5101	[ 148.59405941  107.8019802 ]	[ 154.  116.]	[ 128.   95.]	[ 6.52516563  4.51185414]  	33.2079	39 	27 	3.11279 
385	80.6422	[ 147.97029703  108.42574257]	[ 154.  117.]	[ 125.   92.]	[ 7.16213288  4.69536644]  	33.0297	39 	27 	2.55419 
386	80.4603	[ 146.63366337  108.3960396 ]	[ 154.  115.]	[ 87.  87.]  	[ 10.56308046   4.98925421]	32.9307	39 	30 	2.43024 
387	80.4827	[ 146.4950495   109.23762376]	[ 154.  117.]	[ 84.  89.]  	[ 12.72762938   4.50335082]	32.4554	40 	21 	2.25382 
388	80.9944	[ 147.27722772  108.17821782]	[ 154.  117.]	[ 93.  88.]  	[ 11.44000174   5.71327452]	32.2376	39 	30 	1.75842 
389	82.0761	[ 148.85148515  108.62376238]	[ 154.  114.]	[ 101.   94.]	[ 7.6577614   4.00952205]  	32.2079	38 	30 	1.50456 
390	81.8985	[ 147.46534653  108.15841584]	[ 154.  115.]	[ 92.  86.]  	[ 10.93143741   5.14874333]	32.1287	38 	30 	1.43963 
391	82.3541	[ 146.97029703  108.27722772]	[ 154.  114.]	[ 81.  89.]  	[ 12.27527132   5.25605509]	32.2475	40 	27 	1.63141 
392	81.0573	[ 149.55445545  108.88118812]	[ 154.  114.]	[ 119.   88.]	[ 7.14416642  5.05864054]  	31.9802	40 	23 	1.38578 
393	82.9138	[ 149.54455446  109.41584158]	[ 154.  121.]	[ 119.   96.]	[ 6.30813517  4.25025876]  	32.0792	36 	30 	0.670203
394	82.5905	[ 147.08910891  108.65346535]	[ 154.  115.]	[ 78.  87.]  	[ 11.21976598   5.09986535]	31.9703	39 	21 	1.63171 
395	81.8565	[ 145.97029703  107.00990099]	[ 154.  115.]	[ 0.  0.]    	[ 16.2842665   11.87100223]	32.1089	39 	30 	1.09816 
396	80.2278	[ 144.86138614  107.62376238]	[ 154.  114.]	[ 74.  88.]  	[ 15.06423849   5.47514905]	31.9802	39 	21 	1.67675 
397	81.4804	[ 147.38613861  109.32673267]	[ 154.  118.]	[ 83.  87.]  	[ 11.57752201   4.75354773]	32.0198	35 	30 	0.613062
398	81.4484	[ 147.78217822  109.01980198]	[ 154.  115.]	[ 101.   91.]	[ 9.56127085  4.74911185]  	32.2079	39 	30 	1.10191 
399	82.0883	[ 149.91089109  109.14851485]	[ 154.  115.]	[ 122.   94.]	[ 5.41559722  4.52799026]  	32.198 	40 	30 	1.07187 
400	82.479 	[ 146.87128713  108.53465347]	[ 154.  118.]	[ 106.   71.]	[ 9.43625132  6.02398565]  	32.3465	40 	30 	1.53788 
401	81.1596	[ 144.71287129  107.89108911]	[ 154.  117.]	[ 75.  80.]  	[ 13.87877975   6.56558834]	32.1089	40 	30 	1.12488 
402	81.8788	[ 147.01980198  108.31683168]	[ 154.  121.]	[ 76.  76.]  	[ 11.74310853   6.18194544]	32.0594	35 	30 	0.742244
403	81.59  	[ 146.84158416  107.53465347]	[ 154.  119.]	[ 78.  88.]  	[ 9.86415922  6.07472341]  	32.0594	37 	30 	0.79381 
404	82.0984	[ 147.07920792  108.41584158]	[ 154.  118.]	[ 75.  92.]  	[ 11.14324656   4.96376439]	32.2079	39 	30 	1.478   
405	81.0513	[ 149.03960396  108.98019802]	[ 154.  125.]	[ 95.  90.]  	[ 9.46062271  5.34360022]  	32     	39 	29 	1.30498 
406	81.0665	[ 148.43564356  109.17821782]	[ 154.  119.]	[ 98.  95.]  	[ 8.76696753  4.61250139]  	31.901 	36 	30 	0.990099
407	82.0371	[ 148.15841584  110.07920792]	[ 154.  115.]	[ 102.   96.]	[ 9.71549     3.71958469]  	31.8317	35 	27 	0.856765
408	82.498 	[ 147.21782178  109.15841584]	[ 154.  117.]	[ 86.  87.]  	[ 11.03514095   4.78804756]	32.0297	37 	30 	0.861215
409	81.8369	[ 146.68316832  108.52475248]	[ 154.  115.]	[ 81.  86.]  	[ 13.71775657   5.89276122]	32.0495	37 	27 	1.23782 
410	81.3777	[ 148.57425743  108.44554455]	[ 154.  115.]	[ 120.   94.]	[ 6.53603346  4.56737299]  	32.0297	37 	30 	0.989604
411	81.7589	[ 147.94059406  107.73267327]	[ 154.  115.]	[ 84.  71.]  	[ 10.67505817   6.8706451 ]	31.8416	36 	27 	0.805091
412	82.2439	[ 147.83168317  107.40594059]	[ 154.  115.]	[ 110.   92.]	[ 7.73326274  5.52434435]  	31.9604	39 	27 	1.2814  
413	82.3891	[ 147.07920792  108.65346535]	[ 154.  115.]	[ 88.  86.]  	[ 10.59766756   5.24533861]	31.8614	40 	4  	2.98852 
414	82.5639	[ 147.8019802   109.12871287]	[ 154.  115.]	[ 77.  86.]  	[ 10.16499507   4.74845127]	32.2673	40 	21 	2.36681 
415	82.7862	[ 144.2970297   107.66336634]	[ 154.  115.]	[ 80.  86.]  	[ 13.39465281   5.96902438]	31.9802	39 	6  	2.96508 
416	84.0809	[ 146.18811881  107.7029703 ]	[ 154.  117.]	[ 103.   70.]	[ 10.12272502   6.56203385]	32.1584	40 	27 	1.5779  
417	84.1612	[ 146.9009901   107.58415842]	[ 154.  115.]	[ 87.  84.]  	[ 11.01349752   5.14977136]	32.0792	40 	21 	1.94317 
418	84.8213	[ 146.94059406  108.0990099 ]	[ 154.  115.]	[ 76.  98.]  	[ 10.57347867   3.83187504]	32.1386	40 	27 	1.62304 
419	83.8926	[ 147.40594059  107.43564356]	[ 154.  116.]	[ 85.  77.]  	[ 11.8857417    6.02209766]	32     	39 	27 	1.32007 
420	84.7396	[ 146.97029703  108.55445545]	[ 154.  115.]	[ 78.  90.]  	[ 12.08178028   4.60622748]	31.9109	38 	27 	1.64165 
421	85.5307	[ 148.85148515  109.33663366]	[ 154.  115.]	[ 122.   90.]	[ 5.81971068  4.62938789]  	32.1485	40 	27 	1.51812 
422	84.4641	[ 145.22772277  108.25742574]	[ 154.  117.]	[ 75.  83.]  	[ 14.03452686   5.86591677]	31.9109	40 	27 	1.54214 
423	84.9476	[ 148.88118812  109.55445545]	[ 154.  115.]	[ 85.  85.]  	[ 8.98765614  4.68719606]  	32.1089	40 	28 	1.46173 
424	84.3057	[ 148.2970297   109.47524752]	[ 154.  115.]	[ 81.  88.]  	[ 10.9259837    5.35953681]	31.8416	40 	7  	2.91032 
425	85.6677	[ 147.5049505   109.40594059]	[ 154.  120.]	[ 96.  92.]  	[ 8.6638246   4.71605267]  	32.2376	40 	30 	1.48356 
426	84.2513	[ 146.25742574  107.79207921]	[ 154.  122.]	[ 90.  94.]  	[ 9.71948483  5.06847533]  	32.2079	40 	18 	2.44673 
427	84.9847	[ 146.93069307  108.08910891]	[ 154.  118.]	[ 77.  91.]  	[ 10.18177116   4.92538185]	32.4554	40 	19 	2.38612 
428	85.7629	[ 146.75247525  107.82178218]	[ 154.  115.]	[ 102.   92.]	[ 10.45348579   4.89573676]	32.6436	40 	30 	1.82167 
429	85.4803	[ 146.33663366  108.3960396 ]	[ 154.  118.]	[ 83.  85.]  	[ 11.49625615   5.45200337]	32.5644	40 	30 	1.42409 
430	85.3379	[ 146.61386139  108.57425743]	[ 154.  115.]	[ 91.  90.]  	[ 10.98961733   4.81200342]	32.2772	36 	30 	1.0256  
431	84.3907	[ 148.00990099  108.6039604 ]	[ 154.  116.]	[ 111.   93.]	[ 6.93890602  4.54695896]  	32.2178	40 	30 	1.41144 
432	84.3982	[ 148.40594059  108.47524752]	[ 154.  115.]	[ 92.  83.]  	[ 8.43634079  5.00018625]  	32.3762	40 	30 	1.35597 
433	83.9172	[ 146.63366337  108.46534653]	[ 154.  117.]	[ 96.  69.]  	[ 10.90619115   6.14924024]	32.0594	38 	4  	3.20526 
434	83.7678	[ 144.45544554  108.16831683]	[ 154.  116.]	[ 79.  90.]  	[ 15.70994813   5.73864666]	32.1584	38 	18 	2.35777 
435	84.4402	[ 147.44554455  109.44554455]	[ 154.  115.]	[ 102.   92.]	[ 8.38725488  4.19446889]  	32.3861	38 	27 	1.66484 
436	83.1112	[ 147.52475248  108.17821782]	[ 154.  115.]	[ 93.  92.]  	[ 8.28286321  4.87343992]  	32.2871	38 	27 	1.56279 
437	81.7138	[ 146.20792079  107.57425743]	[ 154.  115.]	[ 82.  84.]  	[ 11.21377939   5.84849398]	32.0495	38 	18 	2.36466 
438	82.2006	[ 146.16831683  107.99009901]	[ 154.  119.]	[ 81.  85.]  	[ 12.35695924   6.02058359]	32.1287	39 	18 	2.37004 
439	85.3224	[ 145.40594059  107.22772277]	[ 154.  115.]	[ 84.  82.]  	[ 12.81797795   6.16743474]	32.2871	39 	30 	1.48482 
440	85.9028	[ 146.81188119  108.85148515]	[ 154.  115.]	[ 91.  87.]  	[ 10.88346268   4.36091129]	32.4158	38 	27 	1.64869 
441	84.2967	[ 148.63366337  108.92079208]	[ 154.  115.]	[ 93.  91.]  	[ 8.50826363  5.2060193 ]  	32.2475	40 	21 	2.24008 
442	84.1111	[ 147.58415842  108.83168317]	[ 154.  115.]	[ 101.   91.]	[ 9.63416705  5.16091424]  	32.2277	40 	27 	1.58509 
443	84.3554	[ 146.28712871  107.93069307]	[ 154.  115.]	[ 98.  90.]  	[ 10.44204812   5.70783277]	32.0594	40 	18 	1.9742  
444	84.1852	[ 149.20792079  108.97029703]	[ 154.  117.]	[ 131.   94.]	[ 5.26771755  4.93413137]  	32.198 	38 	30 	0.985236
445	83.2062	[ 147.5049505   109.58415842]	[ 154.  119.]	[ 94.  93.]  	[ 10.12459388   4.88737984]	32.0099	39 	30 	1.08541 
446	84.4146	[ 148.33663366  109.68316832]	[ 154.  124.]	[ 118.   95.]	[ 7.9904364  4.9310708]    	31.901 	35 	30 	0.682235
447	85.0061	[ 147.44554455  109.67326733]	[ 154.  115.]	[ 113.   90.]	[ 9.27519341  4.91332581]  	32.0495	37 	27 	1.10244 
448	85.2751	[ 145.07920792  107.88118812]	[ 154.  121.]	[ 79.  87.]  	[ 14.75723227   6.35156039]	31.9802	38 	30 	1.13434 
449	85.8603	[ 148.1980198  109.2970297]  	[ 154.  115.]	[ 124.   92.]	[ 6.7604262   4.75445503]  	32.1485	40 	30 	1.42388 
450	85.3918	[ 147.79207921  108.99009901]	[ 154.  115.]	[ 79.  89.]  	[ 10.3113096   5.5890541]  	31.8515	35 	30 	0.749734
451	86.9191	[ 148.81188119  109.82178218]	[ 154.  115.]	[ 120.   94.]	[ 7.11533398  4.71860871]  	31.9802	35 	27 	1.05286 
452	84.6532	[ 148.18811881  109.08910891]	[ 154.  115.]	[ 74.  90.]  	[ 9.79059244  5.57060711]  	31.6832	40 	4  	3.28793 
453	86.1436	[ 146.21782178  108.47524752]	[ 154.  115.]	[ 86.  86.]  	[ 12.05236426   6.256235  ]	32.297 	40 	30 	1.58922 
454	85.5529	[ 146.87128713  109.54455446]	[ 154.  115.]	[ 86.  77.]  	[ 11.82853017   6.25454251]	32.2475	35 	30 	1.04745 
455	84.1897	[ 144.07920792  107.55445545]	[ 154.  115.]	[ 76.  83.]  	[ 15.76603893   7.0408641 ]	32.297 	39 	5  	3.22289 
456	85.548 	[ 144.31683168  107.87128713]	[ 154.  115.]	[ 79.  86.]  	[ 14.74598834   6.67144553]	32.3564	37 	18 	2.0372  
457	85.5684	[ 147.82178218  109.0990099 ]	[ 154.  115.]	[ 72.  87.]  	[ 9.94778053  5.40352828]  	32.4158	40 	27 	1.6061  
458	86.8822	[ 146.15841584  108.12871287]	[ 154.  115.]	[ 87.  73.]  	[ 11.73868334   6.54861994]	32.8614	40 	30 	1.82409 
459	85.5114	[ 148.17821782  109.02970297]	[ 154.  115.]	[ 74.  86.]  	[ 11.06004856   4.99793115]	32.9307	39 	30 	1.89975 
460	86.1641	[ 148.18811881  108.81188119]	[ 154.  115.]	[ 79.  88.]  	[ 9.53753696  5.59475156]  	32.7624	39 	18 	2.52178 
461	87.7016	[ 147.64356436  109.01980198]	[ 154.  120.]	[ 80.  81.]  	[ 12.05316947   5.51860974]	32.9307	38 	30 	2.06459 
462	87.7949	[ 145.45544554  107.59405941]	[ 154.  115.]	[ 55.  78.]  	[ 16.61356046   6.81608206]	33.1089	40 	30 	2.22898 
463	86.4719	[ 147.22772277  108.6039604 ]	[ 154.  115.]	[ 77.  89.]  	[ 11.67283483   5.69536759]	33.0099	40 	27 	2.16861 
464	86.6982	[ 146.58415842  108.99009901]	[ 154.  123.]	[ 68.  91.]  	[ 12.0849037    5.10386196]	33.2178	40 	30 	1.90676 
465	86.2327	[ 145.76237624  108.31683168]	[ 154.  116.]	[ 81.  85.]  	[ 13.61503865   5.80189572]	33.3465	40 	27 	2.24462 
466	85.8667	[ 148.46534653  109.15841584]	[ 154.  115.]	[ 112.   90.]	[ 6.87305595  4.96469251]  	32.8218	40 	30 	1.8315  
467	85.2486	[ 148.61386139  109.01980198]	[ 154.  115.]	[ 115.   92.]	[ 6.77352197  4.95120787]  	32.604 	38 	30 	1.6891  
468	85.372 	[ 145.36633663  107.9009901 ]	[ 154.  125.]	[ 85.  88.]  	[ 12.31494526   6.32378028]	32.396 	38 	20 	2.0396  
469	85.257 	[ 147.20792079  109.07920792]	[ 154.  125.]	[ 119.   88.]	[ 8.26937189  5.82701657]  	32.1287	40 	27 	1.60237 
470	85.1086	[ 146.42574257  109.27722772]	[ 154.  115.]	[ 82.  66.]  	[ 13.10078717   6.76349961]	31.9307	39 	20 	1.84153 
471	85.3646	[ 145.96039604  109.54455446]	[ 154.  116.]	[ 73.  92.]  	[ 14.03032133   5.1329353 ]	31.9208	38 	27 	1.264   
472	85.5609	[ 147.52475248  109.46534653]	[ 154.  121.]	[ 92.  95.]  	[ 9.94797761  5.15802625]  	31.7921	36 	24 	1.26112 
473	86.5229	[ 147.77227723  109.53465347]	[ 154.  117.]	[ 102.   94.]	[ 9.9432859   4.87784313]  	32.0792	40 	27 	1.41899 
474	87.4184	[ 146.         108.7029703]  	[ 154.  115.]	[ 74.  70.]  	[ 14.74066242   6.45861855]	32.0792	40 	30 	1.17468 
475	87.9141	[ 145.92079208  109.16831683]	[ 154.  115.]	[ 93.  81.]  	[ 11.17607342   5.55096871]	32.1089	40 	27 	1.48858 
476	85.3991	[ 146.9009901   108.44554455]	[ 154.  115.]	[ 79.  88.]  	[ 10.36321078   5.64191395]	32.0891	39 	27 	1.98559 
477	85.5123	[ 145.45544554  108.00990099]	[ 154.  115.]	[ 95.  90.]  	[ 11.1439943    5.94778443]	32.1782	39 	27 	1.8315  
478	86.9457	[ 147.57425743  108.83168317]	[ 154.  115.]	[ 96.  86.]  	[ 9.86678249  5.52952347]  	32.2475	39 	30 	1.4786  
479	88.7132	[ 144.48514851  107.92079208]	[ 154.  115.]	[ 77.  89.]  	[ 12.21313516   5.95308917]	32.3663	40 	27 	1.83865 
480	87.2725	[ 145.23762376  107.93069307]	[ 154.  115.]	[ 79.  86.]  	[ 12.99287582   5.68697909]	32.3069	40 	27 	1.71622 
481	89.2728	[ 147.24752475  108.35643564]	[ 154.  115.]	[ 86.  94.]  	[ 9.26230083  5.20963342]  	32.4356	40 	27 	1.68521 
482	88.8552	[ 144.78217822  107.42574257]	[ 154.  115.]	[ 0.  0.]    	[ 19.19653638  12.17068913]	32.3861	38 	30 	1.52841 
483	87.8727	[ 147.00990099  108.67326733]	[ 154.  125.]	[ 98.  87.]  	[ 9.68360363  5.70063208]  	32.2574	38 	30 	1.45325 
484	88.7815	[ 147.20792079  108.74257426]	[ 154.  116.]	[ 109.   93.]	[ 8.48565106  4.58290726]  	32.396 	40 	30 	1.79702 
485	86.5748	[ 144.68316832  108.13861386]	[ 154.  117.]	[ 72.  87.]  	[ 15.16766408   6.05098749]	31.8911	40 	19 	2.56751 
486	86.308 	[ 146.14851485  108.65346535]	[ 154.  117.]	[ 80.  80.]  	[ 11.73839105   5.46172214]	31.8416	38 	20 	1.84408 
487	88.2656	[ 147.55445545  108.9009901 ]	[ 154.  116.]	[ 84.  82.]  	[ 10.01728728   5.26054801]	32.0693	40 	30 	1.29933 
488	88.3883	[ 145.86138614  108.85148515]	[ 154.  115.]	[ 100.   88.]	[ 10.31391418   4.61248014]	32.2178	40 	30 	1.91711 
489	88.3368	[ 146.48514851  107.75247525]	[ 154.  121.]	[ 96.  81.]  	[ 10.46977154   6.36575918]	31.8614	40 	23 	1.90377 
490	90.1943	[ 147.81188119  109.42574257]	[ 154.  116.]	[ 79.  97.]  	[ 9.4635443   4.14907012]  	32.0396	40 	30 	1.59778 
491	89.5657	[ 146.07920792  108.06930693]	[ 154.  115.]	[ 87.  83.]  	[ 12.46911683   6.59771551]	32.1386	40 	7  	3.2397  
492	88.8718	[ 145.92079208  108.6039604 ]	[ 154.  115.]	[ 107.   88.]	[ 10.58270883   5.37150385]	32.1485	39 	29 	1.75976 
493	86.8242	[ 148.23762376  109.62376238]	[ 154.  115.]	[ 114.   84.]	[ 7.04040463  4.84584437]  	31.8119	39 	20 	1.53322 
494	86.7153	[ 147.13861386  109.81188119]	[ 154.  116.]	[ 119.   93.]	[ 8.86871206  4.67712544]  	32.2079	40 	20 	2.09817 
495	87.746 	[ 146.42574257  109.32673267]	[ 154.  122.]	[ 88.  75.]  	[ 11.31051078   7.16994402]	32.2079	39 	27 	1.31493 
496	87.4364	[ 144.48514851  108.87128713]	[ 154.  115.]	[ 70.  84.]  	[ 16.27584851   6.73642877]	32.3564	40 	20 	2.11821 
497	87.6219	[ 148.32673267  110.22772277]	[ 154.  115.]	[ 93.  83.]  	[ 8.34302805  5.07933337]  	32.3762	40 	27 	1.62804 
498	87.4097	[ 148.03960396  110.16831683]	[ 154.  115.]	[ 116.   92.]	[ 8.29400451  4.4165963 ]  	32.5743	40 	30 	1.83123 
499	85.6195	[ 146.89108911  109.96039604]	[ 154.  129.]	[ 84.  77.]  	[ 12.16869949   5.84269162]	32.0099	40 	6  	2.89928 