   	       	                           fitness                           	               size              
   	       	-------------------------------------------------------------	---------------------------------
gen	time   	avg          	max          	min          	std          	avg    	max	min	std      
0  	54.1118	[ 0.57521895]	[ 0.72678678]	[ 0.45716208]	[ 0.07463091]	2.61386	8  	1  	2.068    
1  	59.3096	[ 0.59817458]	[ 0.73515999]	[ 0.38202751]	[ 0.08900531]	3.86139	10 	1  	2.51345  
2  	67.4759	[ 0.6207168] 	[ 0.73515999]	[ 0.37443929]	[ 0.08533517]	3.58416	10 	1  	2.41393  
3  	65.9072	[ 0.62995531]	[ 0.74054276]	[ 0.46486244]	[ 0.07860034]	4.22772	10 	1  	2.72095  
4  	71.8894	[ 0.63769638]	[ 0.73523475]	[ 0.46658194]	[ 0.08502238]	4.73267	10 	1  	2.87664  
5  	71.7295	[ 0.63719637]	[ 0.73523475]	[ 0.42849133]	[ 0.09391434]	4.60396	10 	1  	2.90128  
6  	76.4087	[ 0.65413745]	[ 0.73863636]	[ 0.32034988]	[ 0.09402957]	5.09901	10 	1  	3.07499  
7  	81.3447	[ 0.67839177]	[ 0.74461722]	[ 0.48359001]	[ 0.07491973]	5.26733	10 	1  	3.14309  
8  	74.5498	[ 0.65581957]	[ 0.75564444]	[ 0.31694827]	[ 0.09842558]	5.90099	10 	1  	2.85458  
9  	82.2064	[ 0.67815675]	[ 0.75564444]	[ 0.47760915]	[ 0.08133167]	6.59406	10 	1  	2.63705  
10 	86.2617	[ 0.6801901] 	[ 0.75564444]	[ 0.48493571]	[ 0.07641212]	6.93069	10 	1  	2.75845  
11 	80.984 	[ 0.6743521] 	[ 0.75564444]	[ 0.44934958]	[ 0.08704529]	7.09901	10 	1  	2.49952  
12 	83.0451	[ 0.68186778]	[ 0.75564444]	[ 0.49338367]	[ 0.07999784]	6.90099	10 	1  	2.45557  
13 	87.2202	[ 0.68831645]	[ 0.75564444]	[ 0.44643391]	[ 0.07525336]	6.64356	10 	1  	2.54692  
14 	84.1759	[ 0.68998968]	[ 0.75564444]	[ 0.44785437]	[ 0.07880002]	7.0297 	10 	1  	2.31848  
15 	79.3387	[ 0.67221957]	[ 0.75564444]	[ 0.47248804]	[ 0.08608268]	7.12871	10 	1  	2.34484  
16 	83.3943	[ 0.66983647]	[ 0.76229815]	[ 0.45241477]	[ 0.09110061]	7.19802	10 	1  	2.46568  
17 	86.7132	[ 0.69042566]	[ 0.76229815]	[ 0.49816836]	[ 0.07395374]	7.70297	10 	2  	2.08979  
18 	87.7997	[ 0.70527863]	[ 0.76712022]	[ 0.5]       	[ 0.06330247]	7.90099	10 	1  	2.35681  
19 	92.3739	[ 0.71097932]	[ 0.76712022]	[ 0.4163427] 	[ 0.05503672]	8.72277	10 	3  	1.88857  
20 	96.1017	[ 0.72400324]	[ 0.76712022]	[ 0.49271083]	[ 0.03535428]	9.22772	10 	4  	1.64034  
21 	95.11  	[ 0.7215972] 	[ 0.7749701] 	[ 0.43488337]	[ 0.05604156]	9.36634	10 	2  	1.57155  
22 	97.5631	[ 0.72090881]	[ 0.7749701] 	[ 0.46796501]	[ 0.04981397]	9.48515	10 	3  	1.40448  
23 	97.2166	[ 0.71969561]	[ 0.7749701] 	[ 0.46104964]	[ 0.06122544]	9.61386	10 	5  	1.00465  
24 	95.3944	[ 0.71435799]	[ 0.7749701] 	[ 0.47020783]	[ 0.0684162] 	9.14851	10 	2  	1.85828  
25 	99.4453	[ 0.72662838]	[ 0.7749701] 	[ 0.47929127]	[ 0.05351128]	9.39604	10 	3  	1.4287   
26 	97.7774	[ 0.72703771]	[ 0.7749701] 	[ 0.49158941]	[ 0.05579283]	9.56436	10 	4  	1.25403  
27 	88.1719	[ 0.7054089] 	[ 0.7749701] 	[ 0.49211274]	[ 0.08224443]	9.54455	10 	3  	1.24697  
28 	95.1791	[ 0.71911714]	[ 0.77556818]	[ 0.36957984]	[ 0.07345709]	9.48515	10 	3  	1.25559  
29 	97.2339	[ 0.72419199]	[ 0.77556818]	[ 0.48792614]	[ 0.06195028]	9.30693	10 	3  	1.55902  
30 	97.5556	[ 0.73047597]	[ 0.77369916]	[ 0.46445126]	[ 0.05887205]	9.65347	10 	3  	1.02866  
31 	96.5005	[ 0.71239089]	[ 0.7789698] 	[ 0.]        	[ 0.10305939]	9.44554	10 	2  	1.30099  
32 	92.5077	[ 0.71484838]	[ 0.7789698] 	[ 0.49289773]	[ 0.07599439]	9.50495	10 	2  	1.42554  
33 	92.7269	[ 0.72298176]	[ 0.7789698] 	[ 0.47944079]	[ 0.0675141] 	9.77228	10 	5  	0.756244 
34 	95.0209	[ 0.71220214]	[ 0.7789698] 	[ 0.43529456]	[ 0.08721688]	9.56436	10 	3  	1.14681  
35 	90.7555	[ 0.71653345]	[ 0.7789698] 	[ 0.49338367]	[ 0.07140153]	9.77228	10 	7  	0.57817  
36 	93.2872	[ 0.7169365] 	[ 0.7789698] 	[ 0.44030353]	[ 0.07506435]	9.53465	10 	3  	1.22324  
37 	99.7212	[ 0.7283464] 	[ 0.7789698] 	[ 0.5]       	[ 0.05840526]	9.53465	10 	5  	1.12192  
38 	93.2308	[ 0.71675478]	[ 0.7789698] 	[ 0.46968451]	[ 0.06784045]	9.61386	10 	5  	0.843969 
39 	90.308 	[ 0.72266754]	[ 0.7789698] 	[ 0.48654306]	[ 0.07083415]	9.34653	10 	3  	1.30069  
40 	88.1811	[ 0.71647091]	[ 0.7789698] 	[ 0.45977871]	[ 0.08291327]	9.10891	10 	1  	1.69974  
41 	95.9773	[ 0.72454174]	[ 0.7789698] 	[ 0.49517793]	[ 0.06347438]	9.47525	10 	6  	0.896573 
42 	91.543 	[ 0.71433763]	[ 0.7789698] 	[ 0.49461722]	[ 0.07452217]	9.36634	10 	3  	1.23258  
43 	93.7947	[ 0.71897391]	[ 0.78091358]	[ 0.46972189]	[ 0.0791258] 	9.38614	10 	4  	1.15158  
44 	92.2756	[ 0.71776738]	[ 0.78091358]	[ 0.37163577]	[ 0.07909572]	9.29703	10 	1  	1.82689  
45 	96.3159	[ 0.73317661]	[ 0.78091358]	[ 0.5]       	[ 0.05365256]	9.46535	10 	1  	1.57055  
46 	97.8547	[ 0.73750126]	[ 0.78091358]	[ 0.44355562]	[ 0.05730263]	9.77228	10 	3  	1.09798  
47 	98.5491	[ 0.74418272]	[ 0.78091358]	[ 0.5295305] 	[ 0.03342144]	9.62376	10 	2  	1.11561  
48 	94.0967	[ 0.73454303]	[ 0.78330592]	[ 0.40774522]	[ 0.05952659]	9.65347	10 	2  	1.181    
49 	92.05  	[ 0.73662708]	[ 0.78435257]	[ 0.4996262] 	[ 0.05993242]	9.75248	10 	1  	1.13805  
50 	91.3878	[ 0.7383425] 	[ 0.78450209]	[ 0.48250598]	[ 0.05240129]	9.47525	10 	2  	1.55808  
51 	92.4865	[ 0.74049613]	[ 0.78450209]	[ 0.5]       	[ 0.0493292] 	9.64356	10 	5  	0.980848 
52 	89.8552	[ 0.7300163] 	[ 0.78450209]	[ 0.412343]  	[ 0.06914559]	9.65347	10 	2  	1.17259  
53 	90.4014	[ 0.73528878]	[ 0.78450209]	[ 0.5]       	[ 0.05856906]	9.62376	10 	4  	1.22557  
54 	89.6871	[ 0.7356389] 	[ 0.78457685]	[ 0.5]       	[ 0.05487474]	9.72277	10 	4  	1.07278  
55 	87.2354	[ 0.723162]  	[ 0.78457685]	[ 0.]        	[ 0.09765334]	9.46535	10 	2  	1.57684  
56 	86.3355	[ 0.72896891]	[ 0.78517494]	[ 0.5]       	[ 0.06369289]	9.61386	10 	1  	1.24256  
57 	88.9378	[ 0.74602362]	[ 0.78517494]	[ 0.503439]  	[ 0.0481418] 	9.70297	10 	3  	1.12174  
58 	89.3895	[ 0.74472715]	[ 0.78809061]	[ 0.48930921]	[ 0.04876105]	9.74257	10 	3  	0.908197 
59 	89.7767	[ 0.74104869]	[ 0.79055772]	[ 0.47775867]	[ 0.05505]   	9.26733	10 	3  	1.67031  
60 	84.6403	[ 0.72973354]	[ 0.79055772]	[ 0.5]       	[ 0.07028057]	9.31683	10 	3  	1.72879  
61 	90.0369	[ 0.7425898] 	[ 0.79055772]	[ 0.45473236]	[ 0.05799376]	9.52475	10 	4  	1.33938  
62 	86.1305	[ 0.73852829]	[ 0.79055772]	[ 0.]        	[ 0.092938]  	9.58416	10 	2  	1.2127   
63 	86.3104	[ 0.74030442]	[ 0.79055772]	[ 0.47869318]	[ 0.06129033]	9.40594	10 	2  	1.51022  
64 	84.6543	[ 0.73193232]	[ 0.79175389]	[ 0.]        	[ 0.09671782]	9.14851	10 	2  	1.94675  
65 	87.7455	[ 0.7411142] 	[ 0.79175389]	[ 0.46736693]	[ 0.06344745]	9.35644	10 	2  	1.67441  
66 	83.1206	[ 0.73727624]	[ 0.79175389]	[ 0.49043062]	[ 0.07240741]	9.06931	10 	1  	1.9613   
67 	85.6698	[ 0.73660857]	[ 0.79470694]	[ 0.49943929]	[ 0.07437708]	9.28713	10 	2  	1.77628  
68 	84.7186	[ 0.73234573]	[ 0.79470694]	[ 0.42916417]	[ 0.07791966]	9.24752	10 	2  	1.81526  
69 	82.9609	[ 0.72613096]	[ 0.79470694]	[ 0.43103319]	[ 0.08962143]	9.46535	10 	2  	1.29404  
70 	86.8001	[ 0.75067211]	[ 0.79470694]	[ 0.49398176]	[ 0.05353268]	9.66337	10 	3  	1.06499  
71 	87.7622	[ 0.73968672]	[ 0.79470694]	[ 0.45480712]	[ 0.07303817]	9.35644	10 	1  	1.86465  
72 	83.5471	[ 0.73287497]	[ 0.79470694]	[ 0.49700957]	[ 0.07979843]	9.17822	10 	2  	1.84228  
73 	80.0034	[ 0.71289682]	[ 0.79470694]	[ 0.47110496]	[ 0.10095825]	9.11881	10 	2  	1.99647  
74 	86.8993	[ 0.73896501]	[ 0.79470694]	[ 0.]        	[ 0.10312325]	9.52475	10 	3  	1.33197  
75 	78.8623	[ 0.71883845]	[ 0.79530502]	[ 0.47712321]	[ 0.09800038]	9.32673	10 	2  	1.7582   
76 	84.3398	[ 0.72121044]	[ 0.79530502]	[ 0.46478768]	[ 0.0940085] 	9.38614	10 	4  	1.41401  
77 	76.8128	[ 0.7041054] 	[ 0.79530502]	[ 0.46949761]	[ 0.10249971]	9.36634	10 	2  	1.53972  
78 	76.4378	[ 0.71073024]	[ 0.79111842]	[ 0.47768391]	[ 0.09906709]	9.41584	10 	2  	1.42306  
79 	84.461 	[ 0.71555564]	[ 0.79111842]	[ 0.48721591]	[ 0.09396823]	9.64356	10 	3  	1.12209  
80 	84.3662	[ 0.7166493] 	[ 0.79235197]	[ 0.49158941]	[ 0.08862539]	9.45545	10 	2  	1.49934  
81 	87.8639	[ 0.73807492]	[ 0.79235197]	[ 0.4780951] 	[ 0.07864574]	9.59406	10 	5  	1.02617  
82 	85.515 	[ 0.73575474]	[ 0.79235197]	[ 0.48658044]	[ 0.08137086]	9.63366	10 	5  	1.03142  
83 	80.4177	[ 0.70855256]	[ 0.79351077]	[ 0.30767793]	[ 0.11074485]	9.57426	10 	5  	1.11999  
84 	81.4316	[ 0.72771685]	[ 0.79410885]	[ 0.47203947]	[ 0.09868599]	9.56436	10 	2  	1.43793  
85 	86.9796	[ 0.72857919]	[ 0.79410885]	[ 0.28554874]	[ 0.0980041] 	9.70297	10 	4  	1.01029  
86 	83.6647	[ 0.72448992]	[ 0.79709928]	[ 0.2322817] 	[ 0.1019937] 	9.85149	10 	5  	0.680509 
87 	85.871 	[ 0.74361203]	[ 0.79590311]	[ 0.49689743]	[ 0.07819927]	9.74257	10 	2  	1.14886  
88 	82.6162	[ 0.7254818] 	[ 0.79590311]	[ 0.44830293]	[ 0.10528351]	9.64356	10 	2  	1.15685  
89 	82.5878	[ 0.72830568]	[ 0.79590311]	[ 0.38591507]	[ 0.09737204]	9.71287	10 	4  	0.926364 
90 	80.1016	[ 0.71584728]	[ 0.7965012] 	[ 0.4788427] 	[ 0.10195614]	9.63366	10 	6  	1.0022   
91 	76.6893	[ 0.71556712]	[ 0.7965012] 	[ 0.46747907]	[ 0.10402888]	9.47525	10 	2  	1.44602  
92 	77.1492	[ 0.71298676]	[ 0.79769737]	[ 0.46553529]	[ 0.10476655]	9.52475	10 	2  	1.36138  
93 	81.4964	[ 0.72661024]	[ 0.79829545]	[ 0.34330144]	[ 0.09648462]	9.87129	10 	5  	0.556925 
94 	81.1555	[ 0.72793669]	[ 0.79829545]	[ 0.48482356]	[ 0.09317672]	9.71287	10 	3  	1.0277   
95 	80.6473	[ 0.72521533]	[ 0.79893092]	[ 0.4744692] 	[ 0.09808219]	9.49505	10 	2  	1.45305  
96 	79.383 	[ 0.72474344]	[ 0.79893092]	[ 0.48022578]	[ 0.0969133] 	9.76238	10 	5  	0.822319 
97 	77.9865	[ 0.71684878]	[ 0.79893092]	[ 0.48172099]	[ 0.10304194]	9.50495	10 	2  	1.45985  
98 	83.7789	[ 0.71690023]	[ 0.79893092]	[ 0.44422847]	[ 0.10331987]	9.64356	10 	2  	1.20711  
99 	79.6558	[ 0.72649255]	[ 0.80072518]	[ 0.48594498]	[ 0.10218059]	9.61386	10 	2  	1.29714  
100	81.3822	[ 0.74022188]	[ 0.80072518]	[ 0.46168511]	[ 0.09055574]	9.81188	10 	2  	0.992176 
101	77.8569	[ 0.72899074]	[ 0.80072518]	[ 0.42837919]	[ 0.09854365]	9.81188	10 	6  	0.74079  
102	80.179 	[ 0.73627733]	[ 0.80072518]	[ 0.48112291]	[ 0.0910239] 	9.73267	10 	2  	1.08902  
103	77.6844	[ 0.73287867]	[ 0.80072518]	[ 0.35459031]	[ 0.09913907]	9.83168	10 	4  	0.718487 
104	79.4485	[ 0.75113288]	[ 0.80072518]	[ 0.5]       	[ 0.07505704]	9.83168	10 	2  	0.965435 
105	80.9687	[ 0.73292568]	[ 0.80072518]	[ 0.47843152]	[ 0.09943743]	9.68317	10 	2  	1.41373  
106	78.251 	[ 0.72117084]	[ 0.80072518]	[ 0.4883747] 	[ 0.10391322]	9.79208	10 	6  	0.708042 
107	73.492 	[ 0.71274878]	[ 0.80072518]	[ 0.47514205]	[ 0.10895003]	9.70297	10 	4  	0.939186 
108	76.6109	[ 0.72745926]	[ 0.80072518]	[ 0.4902811] 	[ 0.10061979]	9.80198	10 	6  	0.629628 
109	80.7338	[ 0.73884843]	[ 0.80072518]	[ 0.47906699]	[ 0.09075556]	9.69307	10 	2  	1.22468  
110	79.2424	[ 0.72743631]	[ 0.80072518]	[ 0.478282]  	[ 0.09837466]	9.74257	10 	5  	0.886125 
111	79.5451	[ 0.72198322]	[ 0.80072518]	[ 0.4312201] 	[ 0.10202173]	9.68317	10 	2  	1.06176  
112	79.5366	[ 0.72388074]	[ 0.80072518]	[ 0.48661782]	[ 0.09695656]	9.72277	10 	6  	0.821961 
113	80.0695	[ 0.71867117]	[ 0.80072518]	[ 0.48112291]	[ 0.10323926]	9.68317	10 	3  	1.13391  
114	76.9174	[ 0.73040639]	[ 0.80072518]	[ 0.47600179]	[ 0.10239596]	9.61386	10 	2  	1.21843  
115	79.8542	[ 0.74013491]	[ 0.80072518]	[ 0.48258074]	[ 0.08465009]	9.76238	10 	2  	1.04501  
116	71.9136	[ 0.71247491]	[ 0.80072518]	[ 0.46471292]	[ 0.11187305]	9.74257	10 	6  	0.712734 
117	77.062 	[ 0.72778236]	[ 0.80072518]	[ 0.47095544]	[ 0.10248012]	9.54455	10 	2  	1.324    
118	76.4556	[ 0.71146823]	[ 0.80072518]	[ 0.]        	[ 0.12518698]	9.60396	10 	2  	1.25926  
119	78.7444	[ 0.71623219]	[ 0.80072518]	[ 0.36666417]	[ 0.10832604]	9.67327	10 	2  	1.36512  
120	80.5019	[ 0.73791059]	[ 0.80072518]	[ 0.45390999]	[ 0.09142455]	9.76238	10 	5  	0.891639 
121	78.2164	[ 0.73213144]	[ 0.80072518]	[ 0.48661782]	[ 0.1001391] 	9.70297	10 	5  	0.907009 
122	78.865 	[ 0.72259796]	[ 0.80072518]	[ 0.46575957]	[ 0.10454646]	9.55446	10 	2  	1.39643  
123	83.4456	[ 0.74469569]	[ 0.80072518]	[ 0.46501196]	[ 0.0848677] 	9.78218	10 	3  	0.827784 
124	80.8408	[ 0.75418586]	[ 0.80072518]	[ 0.48661782]	[ 0.07608526]	9.91089	10 	6  	0.489474 
125	77.0693	[ 0.73744389]	[ 0.80072518]	[ 0.48923445]	[ 0.09346368]	9.69307	10 	5  	0.982446 
126	78.1075	[ 0.74131517]	[ 0.79949163]	[ 0.48930921]	[ 0.08941554]	9.75248	10 	5  	0.801063 
127	76.962 	[ 0.75010992]	[ 0.79949163]	[ 0.48901017]	[ 0.08112879]	9.84158	10 	2  	0.919887 
128	80.5992	[ 0.75486056]	[ 0.80008971]	[ 0.48661782]	[ 0.07926288]	9.92079	10 	6  	0.480988 
129	72.541 	[ 0.73046005]	[ 0.80008971]	[ 0.46269438]	[ 0.09655737]	9.67327	10 	1  	1.21141  
130	84.9301	[ 0.75581283]	[ 0.80008971]	[ 0.41869767]	[ 0.0763276] 	9.86139	10 	7  	0.48807  
131	77.7592	[ 0.74779826]	[ 0.80008971]	[ 0.49435556]	[ 0.08593948]	9.86139	10 	6  	0.580708 
132	83.6223	[ 0.76561538]	[ 0.80008971]	[ 0.4807491] 	[ 0.06043881]	9.92079	10 	8  	0.335467 
133	78.956 	[ 0.74608246]	[ 0.80008971]	[ 0.43346292]	[ 0.08643706]	9.81188	10 	6  	0.699545 
134	76.9963	[ 0.74278781]	[ 0.80008971]	[ 0.45151764]	[ 0.09174429]	9.72277	10 	1  	1.13555  
135	78.2119	[ 0.75154777]	[ 0.79949163]	[ 0.5]       	[ 0.08119319]	9.87129	10 	6  	0.574428 
136	78.3597	[ 0.7427086] 	[ 0.79949163]	[ 0.49723385]	[ 0.08975974]	9.82178	10 	4  	0.775823 
137	78.1626	[ 0.75105664]	[ 0.79949163]	[ 0.36277661]	[ 0.08549203]	9.82178	10 	6  	0.65091  
138	79.2832	[ 0.74779234]	[ 0.79949163]	[ 0.]        	[ 0.10294314]	9.93069	10 	8  	0.322657 
139	75.9829	[ 0.74342253]	[ 0.79949163]	[ 0.41753888]	[ 0.08996251]	9.83168	10 	4  	0.745539 
140	79.4798	[ 0.74871389]	[ 0.79949163]	[ 0.44736842]	[ 0.08905326]	9.83168	10 	6  	0.564096 
141	80.9958	[ 0.75351191]	[ 0.79949163]	[ 0.4418735] 	[ 0.08678648]	9.77228	10 	2  	0.942728 
142	74.1229	[ 0.7100933] 	[ 0.79949163]	[ 0.]        	[ 0.13145591]	9.75248	10 	4  	0.825412 
143	77.091 	[ 0.72582637]	[ 0.79949163]	[ 0.]        	[ 0.12055196]	9.53465	10 	2  	1.34653  
144	76.2758	[ 0.74508355]	[ 0.80008971]	[ 0.5]       	[ 0.08497883]	9.74257	10 	4  	0.971408 
145	76.8271	[ 0.73629842]	[ 0.80008971]	[ 0.48826256]	[ 0.09072884]	9.75248	10 	3  	1.04745  
146	79.6035	[ 0.75263624]	[ 0.80008971]	[ 0.5020933] 	[ 0.07574252]	9.80198	10 	5  	0.867679 
147	77.5598	[ 0.74469125]	[ 0.8006878] 	[ 0.]        	[ 0.11122262]	9.79208	10 	1  	1.01783  
148	74.1879	[ 0.73372954]	[ 0.8006878] 	[ 0.40998804]	[ 0.09898172]	9.54455	10 	1  	1.61995  
149	74.7703	[ 0.75186014]	[ 0.8006878] 	[ 0.49102871]	[ 0.08146474]	9.92079	10 	7  	0.414661 
150	71.6916	[ 0.74964063]	[ 0.80128589]	[ 0.49749551]	[ 0.08156247]	9.71287	10 	1  	1.21327  
151	72.2716	[ 0.73735951]	[ 0.80128589]	[ 0.44867673]	[ 0.09930816]	9.85149	10 	6  	0.680509 
152	75.3277	[ 0.74008865]	[ 0.80128589]	[ 0.]        	[ 0.11192657]	9.73267	10 	3  	1.00386  
153	81.1543	[ 0.75760191]	[ 0.80128589]	[ 0.45420903]	[ 0.07029716]	9.82178	10 	2  	0.937619 
154	75.6904	[ 0.74265605]	[ 0.80128589]	[ 0.]        	[ 0.11020272]	9.81188	10 	6  	0.640434 
155	79.6215	[ 0.77583355]	[ 0.80128589]	[ 0.42957536]	[ 0.03994702]	9.9505 	10 	5  	0.49505  
156	73.6586	[ 0.75260663]	[ 0.80128589]	[ 0.480936]  	[ 0.07520004]	9.88119	10 	5  	0.707626 
157	74.6766	[ 0.75147597]	[ 0.80128589]	[ 0.49566388]	[ 0.07744347]	9.86139	10 	7  	0.580708 
158	82.2621	[ 0.76728898]	[ 0.80128589]	[ 0.49401914]	[ 0.05365133]	9.88119	10 	5  	0.693494 
159	76.2095	[ 0.76503358]	[ 0.80128589]	[ 0.5]       	[ 0.05840281]	9.94059	10 	6  	0.441011 
160	78.5411	[ 0.77021798]	[ 0.80128589]	[ 0.44090161]	[ 0.05043039]	9.9802 	10 	9  	0.139319 
161	75.466 	[ 0.76516052]	[ 0.80128589]	[ 0.5]       	[ 0.05828949]	9.94059	10 	5  	0.503882 
162	73.6936	[ 0.76102055]	[ 0.80128589]	[ 0.5]       	[ 0.06933655]	10     	10 	10 	0        
163	75.516 	[ 0.76376523]	[ 0.80128589]	[ 0.5]       	[ 0.06148218]	9.9703 	10 	9  	0.169767 
164	74.2215	[ 0.74819945]	[ 0.80128589]	[ 0.4453125] 	[ 0.09015931]	9.9703 	10 	8  	0.220506 
165	80.7918	[ 0.75846684]	[ 0.80128589]	[ 0.47839414]	[ 0.07256568]	9.93069	10 	7  	0.428153 
166	80.0953	[ 0.77050258]	[ 0.80128589]	[ 0.59277811]	[ 0.04347824]	9.9703 	10 	8  	0.220506 
167	77.7764	[ 0.76245026]	[ 0.80128589]	[ 0.5]       	[ 0.06678195]	9.90099	10 	7  	0.456091 
168	75.9123	[ 0.74068377]	[ 0.80128589]	[ 0.3788128] 	[ 0.09395009]	9.85149	10 	4  	0.6658   
169	71.8927	[ 0.74561576]	[ 0.80128589]	[ 0.4434061] 	[ 0.09281577]	9.91089	10 	6  	0.5093   
170	75.9756	[ 0.75215252]	[ 0.80128589]	[ 0.49700957]	[ 0.07808323]	9.9802 	10 	9  	0.139319 
171	73.5534	[ 0.75365143]	[ 0.80128589]	[ 0.46561005]	[ 0.07670824]	9.9703 	10 	9  	0.169767 
172	77.1032	[ 0.75861303]	[ 0.80128589]	[ 0.5]       	[ 0.07049569]	9.91089	10 	5  	0.528383 
173	80.5958	[ 0.76258238]	[ 0.80128589]	[ 0.49940191]	[ 0.06607074]	9.9703 	10 	9  	0.169767 
174	76.6392	[ 0.75279132]	[ 0.80128589]	[ 0.]        	[ 0.10456168]	9.9604 	10 	6  	0.39604  
175	73.4938	[ 0.75331575]	[ 0.80128589]	[ 0.]        	[ 0.10177133]	9.9703 	10 	8  	0.220506 
176	75.5501	[ 0.75393604]	[ 0.80128589]	[ 0.43428529]	[ 0.07855463]	9.9802 	10 	9  	0.139319 
177	75.4472	[ 0.76127814]	[ 0.80128589]	[ 0.44000449]	[ 0.06677638]	9.91089	10 	4  	0.614978 
178	73.3323	[ 0.74603768]	[ 0.80128589]	[ 0.39260616]	[ 0.08965769]	9.92079	10 	6  	0.437888 
179	79.2894	[ 0.76091285]	[ 0.80128589]	[ 0.45955443]	[ 0.06721587]	9.9802 	10 	8  	0.19802  
180	80.9064	[ 0.76178407]	[ 0.80128589]	[ 0.49700957]	[ 0.05781038]	9.88119	10 	4  	0.774432 
181	76.1358	[ 0.7449914] 	[ 0.80128589]	[ 0.]        	[ 0.10947363]	9.9703 	10 	9  	0.169767 
182	74.7198	[ 0.7443167] 	[ 0.80128589]	[ 0.]        	[ 0.10914844]	9.83168	10 	2  	0.912719 
183	78.0598	[ 0.76094542]	[ 0.80128589]	[ 0.5]       	[ 0.06541473]	9.9505 	10 	8  	0.258566 
184	75.9079	[ 0.75133348]	[ 0.80128589]	[ 0.46314294]	[ 0.08288809]	9.90099	10 	4  	0.667565 
185	77.6278	[ 0.7581752] 	[ 0.80128589]	[ 0.496561]  	[ 0.07222361]	9.9604 	10 	8  	0.240494 
186	75.9686	[ 0.75547567]	[ 0.80128589]	[ 0.32760167]	[ 0.08175561]	9.9505 	10 	6  	0.407267 
187	76.2747	[ 0.76662021]	[ 0.80128589]	[ 0.48923445]	[ 0.06341457]	9.9505 	10 	5  	0.49505  
188	76.9762	[ 0.75181535]	[ 0.80128589]	[ 0.46407745]	[ 0.07909615]	9.92079	10 	7  	0.390054 
189	72.925 	[ 0.74347657]	[ 0.80128589]	[ 0.48691687]	[ 0.09151735]	9.9505 	10 	8  	0.258566 
190	77.3592	[ 0.73623514]	[ 0.80128589]	[ 0.]        	[ 0.11074319]	9.87129	10 	6  	0.574428 
191	75.9047	[ 0.74696405]	[ 0.80128589]	[ 0.44673295]	[ 0.07908073]	9.80198	10 	7  	0.675158 
192	73.7431	[ 0.74281704]	[ 0.80008971]	[ 0.4298744] 	[ 0.08803021]	9.79208	10 	5  	0.904519 
193	80.142 	[ 0.75543866]	[ 0.80008971]	[ 0.5]       	[ 0.07141534]	9.89109	10 	5  	0.702203 
194	79.8549	[ 0.7447834] 	[ 0.80008971]	[ 0.48258074]	[ 0.08386023]	9.94059	10 	8  	0.275098 
195	77.1894	[ 0.74682119]	[ 0.80008971]	[ 0.3635616] 	[ 0.08297695]	9.80198	10 	4  	0.796276 
196	73.603 	[ 0.75557856]	[ 0.80008971]	[ 0.44460227]	[ 0.07573688]	9.82178	10 	3  	0.800941 
197	77.3766	[ 0.74969578]	[ 0.80008971]	[ 0.5]       	[ 0.0751682] 	9.85149	10 	5  	0.619584 
198	74.032 	[ 0.75164363]	[ 0.80008971]	[ 0.48321621]	[ 0.08354946]	9.9505 	10 	8  	0.258566 
199	77.502 	[ 0.76722792]	[ 0.80008971]	[ 0.5]       	[ 0.05727239]	9.9802 	10 	9  	0.139319 
200	80.8057	[ 0.76170968]	[ 0.80008971]	[ 0.322032]  	[ 0.07416223]	9.93069	10 	7  	0.379093 
201	78.0393	[ 0.76352356]	[ 0.80008971]	[ 0.47914175]	[ 0.06686164]	9.9604 	10 	8  	0.240494 
202	77.2821	[ 0.75812931]	[ 0.80008971]	[ 0.5]       	[ 0.07045198]	9.94059	10 	6  	0.441011 
203	75.8188	[ 0.76016117]	[ 0.80008971]	[ 0.47719797]	[ 0.06742562]	9.9802 	10 	9  	0.139319 
204	76.33  	[ 0.76253057]	[ 0.80008971]	[ 0.47398325]	[ 0.06567305]	9.9703 	10 	7  	0.29703  
205	73.5778	[ 0.75011917]	[ 0.80008971]	[ 0.47985197]	[ 0.08493741]	9.85149	10 	5  	0.72284  
206	77.8566	[ 0.75223986]	[ 0.80008971]	[ 0.36793511]	[ 0.07523867]	9.92079	10 	5  	0.539218 
207	77.235 	[ 0.74439775]	[ 0.80008971]	[ 0.41809958]	[ 0.09078825]	9.9901 	10 	9  	0.0990099
208	77.5773	[ 0.74851219]	[ 0.80008971]	[ 0.]        	[ 0.10491162]	9.84158	10 	5  	0.727571 
209	77.1557	[ 0.76384962]	[ 0.80008971]	[ 0.43981758]	[ 0.0623141] 	9.85149	10 	6  	0.495247 
210	75.4021	[ 0.75144229]	[ 0.80008971]	[ 0.5]       	[ 0.07806572]	9.79208	10 	5  	0.787487 
211	73.3723	[ 0.75845574]	[ 0.80008971]	[ 0.47159091]	[ 0.07345483]	9.82178	10 	2  	0.860532 
212	75.2425	[ 0.75885804]	[ 0.80008971]	[ 0.5]       	[ 0.06066344]	9.79208	10 	5  	0.774812 
213	74.5864	[ 0.75167953]	[ 0.80128589]	[ 0.48452452]	[ 0.07358461]	9.80198	10 	2  	0.922972 
214	73.5217	[ 0.74473862]	[ 0.80128589]	[ 0.47308612]	[ 0.08201347]	9.77228	10 	5  	0.806916 
215	80.6295	[ 0.76399914]	[ 0.80128589]	[ 0.45020933]	[ 0.06309435]	9.91089	10 	8  	0.347523 
216	74.3929	[ 0.73400897]	[ 0.80128589]	[ 0.]        	[ 0.11348939]	9.83168	10 	5  	0.630406 
217	76.0276	[ 0.75292677]	[ 0.80128589]	[ 0.49274821]	[ 0.07345145]	9.81188	10 	4  	0.754037 
218	74.9128	[ 0.75594422]	[ 0.80128589]	[ 0.40157745]	[ 0.08100233]	9.87129	10 	5  	0.654964 
219	76.7355	[ 0.74732564]	[ 0.80128589]	[ 0.48557117]	[ 0.08394535]	9.89109	10 	5  	0.543203 
220	76.2542	[ 0.75104036]	[ 0.80248206]	[ 0.40733403]	[ 0.09300749]	9.92079	10 	8  	0.304526 
221	79.7456	[ 0.75892577]	[ 0.80248206]	[ 0.47379635]	[ 0.07382228]	9.88119	10 	8  	0.379868 
222	72.2578	[ 0.74778605]	[ 0.80248206]	[ 0.48650568]	[ 0.08813225]	9.88119	10 	5  	0.550196 
223	77.6991	[ 0.75120542]	[ 0.80248206]	[ 0.48396382]	[ 0.0787463] 	9.91089	10 	9  	0.284901 
224	75.5876	[ 0.74595663]	[ 0.80248206]	[ 0.48915969]	[ 0.08927564]	9.83168	10 	3  	0.745539 
225	74.1265	[ 0.73097339]	[ 0.80248206]	[ 0.]        	[ 0.11571618]	9.80198	10 	3  	0.783743 
226	80.7529	[ 0.75359037]	[ 0.80248206]	[ 0.4944677] 	[ 0.07382045]	9.74257	10 	4  	0.753256 
227	75.6047	[ 0.75381724]	[ 0.80248206]	[ 0.48736543]	[ 0.07721197]	9.65347	10 	6  	0.681228 
228	76.4353	[ 0.74996077]	[ 0.80248206]	[ 0.49207536]	[ 0.08295773]	9.59406	10 	5  	0.869485 
229	70.1751	[ 0.72786341]	[ 0.80248206]	[ 0.4355936] 	[ 0.10603566]	9.50495	10 	5  	0.896901 
230	78.1328	[ 0.75103925]	[ 0.80248206]	[ 0.49342105]	[ 0.07938327]	9.59406	10 	5  	0.746984 
231	74.2402	[ 0.73015916]	[ 0.80248206]	[ 0.]        	[ 0.11902964]	9.58416	10 	2  	1.13685  
232	73.6306	[ 0.74138216]	[ 0.80248206]	[ 0.48826256]	[ 0.08864137]	9.74257	10 	6  	0.698704 
233	75.8759	[ 0.73993653]	[ 0.80248206]	[ 0.]        	[ 0.11479696]	9.64356	10 	6  	0.71177  
234	74.4384	[ 0.73310555]	[ 0.80248206]	[ 0.]        	[ 0.11872281]	9.70297	10 	5  	0.777716 
235	73.8869	[ 0.74751402]	[ 0.80248206]	[ 0.46430173]	[ 0.08668126]	9.63366	10 	5  	0.886899 
236	76.6348	[ 0.74652585]	[ 0.80248206]	[ 0.37742972]	[ 0.0860935] 	9.74257	10 	2  	0.87488  
237	79.7016	[ 0.75499454]	[ 0.80248206]	[ 0.49151465]	[ 0.0756047] 	9.78218	10 	5  	0.654065 
238	73.458 	[ 0.74148504]	[ 0.80248206]	[ 0.46026465]	[ 0.09251864]	9.71287	10 	5  	0.665064 
239	77.5944	[ 0.73820482]	[ 0.80248206]	[ 0.32502243]	[ 0.09705396]	9.68317	10 	4  	0.831683 
240	76.6913	[ 0.742424]  	[ 0.80248206]	[ 0.41021232]	[ 0.09145343]	9.66337	10 	6  	0.707488 
241	78.7658	[ 0.73615964]	[ 0.80248206]	[ 0.46146083]	[ 0.09474888]	9.88119	10 	6  	0.493264 
242	77.5328	[ 0.7490455] 	[ 0.80248206]	[ 0.48923445]	[ 0.08205908]	9.73267	10 	3  	0.973827 
243	77.9528	[ 0.75456818]	[ 0.80248206]	[ 0.46785287]	[ 0.07734268]	9.88119	10 	8  	0.352842 
244	77.9167	[ 0.74071005]	[ 0.80248206]	[ 0.44905054]	[ 0.09225486]	9.80198	10 	7  	0.563226 
245	78.0632	[ 0.7565956] 	[ 0.80248206]	[ 0.44243421]	[ 0.07811197]	9.74257	10 	5  	0.779102 
246	78.1552	[ 0.74790115]	[ 0.80248206]	[ 0.4020634] 	[ 0.08393251]	9.75248	10 	8  	0.651061 
247	73.9123	[ 0.73488907]	[ 0.80248206]	[ 0.48732805]	[ 0.09530005]	9.69307	10 	5  	0.88712  
248	73.6722	[ 0.74195619]	[ 0.80248206]	[ 0.49338367]	[ 0.087539]  	9.69307	10 	4  	0.898211 
249	81.4212	[ 0.75228316]	[ 0.80248206]	[ 0.45043361]	[ 0.08653143]	9.90099	10 	8  	0.410384 
250	78.766 	[ 0.76318713]	[ 0.80248206]	[ 0.48101077]	[ 0.06795857]	9.90099	10 	8  	0.410384 
251	77.1917	[ 0.75504487]	[ 0.80308014]	[ 0.4860945] 	[ 0.07661361]	9.91089	10 	5  	0.5468   
252	73.8475	[ 0.73231316]	[ 0.80308014]	[ 0.]        	[ 0.11923362]	9.88119	10 	5  	0.567906 
253	73.1488	[ 0.76301281]	[ 0.80308014]	[ 0.5]       	[ 0.06568601]	9.84158	10 	4  	0.805091 
254	72.2184	[ 0.73277468]	[ 0.80427632]	[ 0.47024522]	[ 0.09759892]	9.76238	10 	4  	1.01619  
255	73.7743	[ 0.75244416]	[ 0.80427632]	[ 0.46889952]	[ 0.08297041]	9.80198	10 	4  	0.944183 
256	78.7754	[ 0.7497239] 	[ 0.80427632]	[ 0.48792614]	[ 0.07901745]	9.85149	10 	2  	0.905278 
257	73.6214	[ 0.74685894]	[ 0.80427632]	[ 0.49005682]	[ 0.09065637]	9.92079	10 	4  	0.624312 
258	78.9818	[ 0.76243138]	[ 0.80427632]	[ 0.46217105]	[ 0.06976871]	10     	10 	10 	0        
259	74.7285	[ 0.75270619]	[ 0.80427632]	[ 0.45267644]	[ 0.08373881]	9.9505 	10 	8  	0.258566 
260	73.8558	[ 0.74172191]	[ 0.80427632]	[ 0.45439593]	[ 0.09000035]	9.82178	10 	2  	0.926999 
261	74.7151	[ 0.73774331]	[ 0.80427632]	[ 0.31362141]	[ 0.10263837]	9.88119	10 	6  	0.550196 
262	70.3979	[ 0.75455597]	[ 0.80427632]	[ 0.49540221]	[ 0.07929266]	9.9802 	10 	8  	0.19802  
263	73.9891	[ 0.76308572]	[ 0.80427632]	[ 0.41985646]	[ 0.06682241]	9.90099	10 	7  	0.477306 
264	71.2313	[ 0.73744537]	[ 0.80427632]	[ 0.45847039]	[ 0.09501303]	9.78218	10 	5  	0.83966  
265	73.1944	[ 0.74335332]	[ 0.80427632]	[ 0.43510766]	[ 0.09161352]	9.84158	10 	6  	0.64074  
266	78.313 	[ 0.75354929]	[ 0.80427632]	[ 0.35601077]	[ 0.0836624] 	9.9505 	10 	8  	0.294378 
267	80.2234	[ 0.75387646]	[ 0.80427632]	[ 0.46639504]	[ 0.08656355]	9.9802 	10 	9  	0.139319 
268	73.1459	[ 0.75126057]	[ 0.80308014]	[ 0.48613188]	[ 0.08572183]	10     	10 	10 	0        
269	74.3431	[ 0.74290476]	[ 0.80308014]	[ 0.46942285]	[ 0.09078255]	9.9901 	10 	9  	0.0990099
270	80.6143	[ 0.74795333]	[ 0.80308014]	[ 0.48639354]	[ 0.0890957] 	9.92079	10 	4  	0.608246 
271	76.5309	[ 0.74727012]	[ 0.80308014]	[ 0.49940191]	[ 0.08401513]	9.90099	10 	4  	0.637212 
272	75.1822	[ 0.74308574]	[ 0.80308014]	[ 0.49020634]	[ 0.09285332]	9.9604 	10 	8  	0.240494 
273	76.1268	[ 0.76116711]	[ 0.80308014]	[ 0.5]       	[ 0.06937447]	9.92079	10 	3  	0.699125 
274	77.1336	[ 0.74648069]	[ 0.80308014]	[ 0.49102871]	[ 0.08751197]	9.9604 	10 	8  	0.240494 
275	80.8948	[ 0.7535108] 	[ 0.80308014]	[ 0.49940191]	[ 0.07638803]	9.91089	10 	4  	0.614978 
276	80.3465	[ 0.75661596]	[ 0.80128589]	[ 0.49906549]	[ 0.07788414]	9.9901 	10 	9  	0.0990099
277	77.745 	[ 0.77061028]	[ 0.80308014]	[ 0.49289773]	[ 0.0614622] 	9.9604 	10 	8  	0.240494 
278	77.4672	[ 0.75549788]	[ 0.80308014]	[ 0.40800688]	[ 0.08530648]	9.9604 	10 	7  	0.312156 
279	75.8047	[ 0.7416638] 	[ 0.80308014]	[ 0.4453125] 	[ 0.09963463]	9.88119	10 	6  	0.567906 
280	73.7616	[ 0.75433797]	[ 0.80308014]	[ 0.31182715]	[ 0.08997507]	9.86139	10 	5  	0.796399 
281	75.753 	[ 0.74467718]	[ 0.80308014]	[ 0.48254336]	[ 0.09042576]	9.91089	10 	4  	0.661517 
282	75.9889	[ 0.73440794]	[ 0.80308014]	[ 0.46957237]	[ 0.10149583]	9.79208	10 	4  	0.904519 
283	74.8102	[ 0.73890062]	[ 0.80308014]	[ 0.]        	[ 0.11829387]	9.79208	10 	4  	0.926153 
284	77.7766	[ 0.75227724]	[ 0.80308014]	[ 0.47940341]	[ 0.08071193]	9.83168	10 	5  	0.732138 
285	77.3212	[ 0.75492718]	[ 0.80308014]	[ 0.44680772]	[ 0.08000777]	9.90099	10 	6  	0.517131 
286	75.6953	[ 0.76080848]	[ 0.80308014]	[ 0.43301435]	[ 0.07462085]	9.84158	10 	3  	0.930588 
287	77.947 	[ 0.74358168]	[ 0.80308014]	[ 0.5]       	[ 0.087358]  	9.77228	10 	3  	0.932167 
288	75.0459	[ 0.75664779]	[ 0.80308014]	[ 0.46220843]	[ 0.07693733]	9.89109	10 	4  	0.673413 
289	77.3532	[ 0.74711949]	[ 0.80308014]	[ 0.48923445]	[ 0.0883875] 	9.9604 	10 	9  	0.195027 
290	77.8023	[ 0.75334832]	[ 0.80188397]	[ 0.5]       	[ 0.08095447]	9.92079	10 	6  	0.437888 
291	73.9145	[ 0.73324989]	[ 0.80188397]	[ 0.47162829]	[ 0.10404728]	9.93069	10 	8  	0.290354 
292	76.4206	[ 0.7296103] 	[ 0.80248206]	[ 0.38199013]	[ 0.11051848]	9.90099	10 	7  	0.410384 
293	76.3508	[ 0.74772683]	[ 0.80248206]	[ 0.41966956]	[ 0.09659617]	9.88119	10 	3  	0.735078 
294	76.2106	[ 0.75468661]	[ 0.80248206]	[ 0.49293511]	[ 0.08427615]	9.9505 	10 	8  	0.294378 
295	78.3533	[ 0.75477322]	[ 0.80248206]	[ 0.4569378] 	[ 0.08322739]	9.85149	10 	3  	0.813088 
296	79.0972	[ 0.75718444]	[ 0.80308014]	[ 0.46306818]	[ 0.07721672]	9.91089	10 	5  	0.5468   
297	74.4348	[ 0.75260293]	[ 0.80248206]	[ 0.48086124]	[ 0.08326184]	9.91089	10 	5  	0.581889 
298	74.298 	[ 0.74909029]	[ 0.8048744] 	[ 0.49633672]	[ 0.09331045]	9.81188	10 	2  	1.03132  
299	76.1221	[ 0.74350322]	[ 0.8048744] 	[ 0.]        	[ 0.11927243]	9.90099	10 	5  	0.588755 