   	       	                                                          fitness                                                          	              size              
   	       	---------------------------------------------------------------------------------------------------------------------------	--------------------------------
gen	time   	avg                          	max                          	min                          	std                        	avg    	max	min	std     
0  	1.72699	[   0.55324727  102.83168317]	[   0.69589041  136.        ]	[  0.42406877  74.        ]  	[  0.05770031  14.83311075]	2.59406	8  	1  	2.10223 
1  	2.15833	[   0.5696572  106.2970297]  	[   0.71727749  137.        ]	[ 0.  0.]                    	[  0.09142249  20.66208301]	3.24752	12 	1  	2.7733  
2  	2.61643	[   0.60741078  115.03960396]	[   0.71727749  140.        ]	[  0.44047619  74.        ]  	[  0.067514   15.9149477]  	4.38614	12 	1  	3.16844 
3  	3.29739	[   0.61871369  118.02970297]	[   0.73399015  149.        ]	[  0.44712991  74.        ]  	[  0.07912668  18.32406601]	5.90099	15 	1  	3.85249 
4  	4.38879	[   0.64684914  122.88118812]	[   0.74093264  150.        ]	[  0.45747801  78.        ]  	[  0.07309396  16.84541665]	8.20792	19 	1  	4.09133 
5  	5.39717	[   0.6619461   126.17821782]	[   0.75132275  150.        ]	[  0.45930233  79.        ]  	[  0.07077688  16.2349068 ]	9.9604 	22 	1  	4.55532 
6  	6.36174	[   0.67660615  128.32673267]	[   0.76392573  149.        ]	[  0.48924731  87.        ]  	[  0.0645131   14.65991295]	11     	25 	1  	4.73245 
7  	8.12338	[   0.69878653  132.16831683]	[   0.76392573  149.        ]	[  0.48433048  85.        ]  	[  0.06242106  14.25723322]	13.0891	28 	1  	3.91266 
8  	10.8432	[   0.7100991   135.07920792]	[   0.76595745  149.        ]	[  0.46111111  83.        ]  	[  0.06085925  13.30724746]	14.505 	24 	1  	3.90639 
9  	12.8893	[   0.72327288  138.17821782]	[   0.78441558  151.        ]	[  0.4756447  83.       ]    	[  0.05083341  10.70430286]	15.2871	28 	1  	3.18206 
10 	13.6715	[   0.73321678  140.27722772]	[   0.78441558  152.        ]	[  0.48351648  88.        ]  	[ 0.0475434   9.56904954]  	15.2277	23 	9  	2.35419 
11 	14.4528	[   0.73161989  139.56435644]	[   0.78441558  152.        ]	[  0.46239554  83.        ]  	[  0.0634447   13.07511872]	15.505 	23 	1  	2.76335 
12 	14.9718	[   0.73944427  140.45544554]	[   0.78645833  152.        ]	[  0.43943662  78.        ]  	[  0.05995304  12.509422  ]	15.4851	21 	11 	1.96813 
13 	15.9023	[   0.74682553  142.21782178]	[   0.79381443  154.        ]	[  0.45977011  80.        ]  	[  0.05170643  10.76720724]	16.1188	24 	7  	2.47877 
14 	16.8975	[   0.74861269  142.65346535]	[   0.79480519  155.        ]	[  0.50688705  87.        ]  	[  0.05433785  11.92172129]	16.7228	26 	10 	2.79717 
15 	18.2699	[   0.74651578  142.55445545]	[   0.79480519  155.        ]	[   0.55401662  100.        ]	[  0.05874889  12.92819105]	17.3168	29 	8  	3.08279 
16 	19.1073	[   0.76051932  145.65346535]	[   0.79480519  155.        ]	[  0.49577465  88.        ]  	[  0.04848319  10.40700035]	18.1683	27 	10 	2.45381 
17 	19.0599	[   0.75309344  143.79207921]	[   0.79480519  155.        ]	[  0.45970149  77.        ]  	[  0.06754363  14.93173697]	18.3663	31 	10 	2.63909 
18 	19.8512	[   0.75628595  145.57425743]	[   0.79480519  155.        ]	[  0.44508671  77.        ]  	[  0.06013831  12.30579557]	18.7921	31 	5  	3.13813 
19 	21.2702	[   0.75730735  145.56435644]	[   0.79480519  155.        ]	[   0.55737705  102.        ]	[ 0.04800221  9.96569943]  	19.4257	31 	10 	2.59224 
20 	22.4712	[   0.7517548   143.87128713]	[   0.79691517  155.        ]	[  0.52173913  90.        ]  	[  0.06632431  14.93262981]	20.1287	32 	13 	3.05288 
21 	23.7691	[   0.74497964  143.1980198 ]	[   0.79691517  155.        ]	[  0.48  84.  ]              	[  0.06928821  15.55190594]	20.703 	36 	6  	4.16146 
22 	24.1924	[   0.74995296  144.15841584]	[   0.79691517  155.        ]	[  0.52291105  97.        ]  	[  0.05882594  12.73082536]	20.6139	34 	11 	3.04738 
23 	23.932 	[   0.75532812  145.34653465]	[   0.79691517  155.        ]	[  0.45833333  77.        ]  	[  0.05906627  12.59611416]	20.8812	34 	7  	3.56631 
24 	23.4187	[   0.76481658  147.02970297]	[   0.8  156. ]              	[  0.48358209  81.        ]  	[  0.05740929  12.73993911]	20.6436	31 	10 	3.44859 
25 	23.1448	[   0.77223211  149.05940594]	[   0.8  156. ]              	[  0.51829268  85.        ]  	[ 0.04170382  9.34362893]  	20.505 	29 	11 	2.23662 
26 	22.4634	[   0.7673173   147.86138614]	[   0.8  156. ]              	[  0.48  90.  ]              	[  0.05375381  11.36437869]	20.4752	33 	1  	3.40528 
27 	23.1825	[   0.75827468  145.94059406]	[   0.8  156. ]              	[  0.50828729  92.        ]  	[  0.05886672  13.22899739]	20.2871	40 	1  	3.36945 
28 	22.4357	[   0.76593621  147.86138614]	[   0.8  156. ]              	[   0.60869565  119.        ]	[ 0.04051623  8.41619102]  	20.3762	29 	10 	2.404   
29 	22.5779	[   0.76604986  148.06930693]	[   0.80306905  157.        ]	[   0.58378378  108.        ]	[ 0.04272624  9.07423447]  	20.5446	29 	13 	2.1596  
30 	22.7508	[   0.77150353  149.35643564]	[   0.80306905  157.        ]	[   0.61866667  116.        ]	[ 0.0344012   7.43098165]  	20.5842	29 	11 	2.01119 
31 	22.2443	[   0.76640258  148.45544554]	[   0.80306905  157.        ]	[  0.46067416  82.        ]  	[  0.05083169  11.15109971]	20.3465	28 	11 	2.20457 
32 	22.3154	[   0.76424381  147.52475248]	[   0.80306905  157.        ]	[   0.57381616  103.        ]	[ 0.0428583   9.76819861]  	20.3861	29 	4  	3.41508 
33 	22.4001	[   0.7657092  147.8019802]  	[   0.80306905  157.        ]	[   0.54301075  101.        ]	[  0.05044832  11.38526041]	20.7822	31 	13 	2.69067 
34 	21.9124	[   0.75843396  145.82178218]	[   0.80306905  157.        ]	[  0.51490515  94.        ]  	[  0.06011259  13.98896031]	20.5248	32 	2  	4.28581 
35 	22.5728	[   0.76457892  148.15841584]	[   0.80306905  157.        ]	[  0.47091413  85.        ]  	[  0.05185506  11.16104672]	21.3663	32 	11 	3.66337 
36 	23.5843	[   0.75925847  146.71287129]	[   0.80306905  157.        ]	[  0.43874644  77.        ]  	[  0.06318262  14.08836092]	22.1287	32 	13 	3.73016 
37 	23.6167	[   0.76793976  148.56435644]	[   0.80306905  157.        ]	[   0.61942257  113.        ]	[  0.044311    10.16927604]	22.6139	34 	11 	3.9726  
38 	22.9348	[   0.76474975  148.        ]	[   0.80306905  157.        ]	[  0.49162011  88.        ]  	[  0.05787821  12.88025582]	23.198 	34 	13 	3.20587 
39 	22.9564	[   0.76157526  147.5049505 ]	[   0.80306905  157.        ]	[  0.49853372  85.        ]  	[  0.05588393  11.89027705]	23.6436	34 	5  	4.14486 
40 	23.7484	[   0.76022177  146.94059406]	[   0.80306905  157.        ]	[  0.5106383  96.       ]    	[  0.05303431  11.34239553]	24.1188	37 	13 	3.83648 
41 	23.7471	[   0.76744333  148.87128713]	[   0.80306905  157.        ]	[   0.58888889  106.        ]	[ 0.04061908  8.7299001 ]  	24.1386	37 	13 	4.36237 
42 	24.1596	[   0.76303838  147.41584158]	[   0.80306905  157.        ]	[  0.49717514  88.        ]  	[  0.06243839  14.3377003 ]	23.4059	37 	13 	4.67599 
43 	24.3924	[   0.77208811  149.65346535]	[   0.80512821  157.        ]	[  0.47184987  88.        ]  	[  0.05486345  12.50539341]	23.5248	34 	11 	5.05533 
44 	22.6461	[   0.76836733  148.83168317]	[   0.80512821  157.        ]	[  0.51098901  93.        ]  	[  0.05874759  13.18344995]	22.3366	34 	4  	5.03901 
45 	22.9665	[   0.76833592  148.94059406]	[   0.80512821  157.        ]	[  0.54494382  97.        ]  	[  0.05293437  11.64135831]	22.2574	34 	11 	3.28107 
46 	23.32  	[   0.76801513  148.75247525]	[   0.80719794  157.        ]	[  0.49112426  83.        ]  	[  0.06538437  14.5795231 ]	23.1188	36 	3  	4.7747  
47 	24.4952	[   0.77218682  150.02970297]	[   0.80719794  157.        ]	[  0.50948509  94.        ]  	[  0.04610531  10.02517173]	22.9901	34 	14 	3.69505 
48 	24.3014	[   0.7708554   149.28712871]	[   0.80818414  158.        ]	[  0.56623377  98.        ]  	[  0.04830807  10.71072067]	23.1188	39 	17 	3.42468 
49 	23.5826	[   0.77230318  149.66336634]	[   0.80818414  158.        ]	[   0.625  120.   ]          	[ 0.04206511  8.94236466]  	23.1584	34 	14 	2.88297 
50 	24.428 	[   0.77132492  149.34653465]	[   0.80818414  158.        ]	[  0.47457627  83.        ]  	[  0.06222073  13.9556835 ]	23.4455	37 	7  	3.53896 
51 	25.0743	[   0.76171385  147.18811881]	[   0.80818414  158.        ]	[  0.50969529  92.        ]  	[  0.06172008  13.74788039]	23.3663	34 	2  	4.66655 
52 	24.9953	[   0.77418285  150.17821782]	[   0.80818414  158.        ]	[  0.47091413  85.        ]  	[  0.05741799  12.33235786]	23.5347	31 	1  	3.3877  
53 	26.1223	[   0.77044894  149.37623762]	[   0.80818414  158.        ]	[  0.51086957  94.        ]  	[  0.05538766  12.05585309]	24.3267	31 	4  	3.69937 
54 	28.2886	[   0.76966297  148.9009901 ]	[   0.80818414  158.        ]	[  0.50531915  95.        ]  	[  0.05115549  11.39437498]	25.4851	40 	2  	4.06534 
55 	29.7985	[   0.76503106  148.25742574]	[   0.80818414  158.        ]	[  0.46666667  84.        ]  	[  0.05892187  12.97495948]	26.1386	38 	14 	4.29835 
56 	31.2451	[   0.76587334  148.18811881]	[   0.80818414  158.        ]	[  0.47164179  79.        ]  	[  0.06067393  14.10337567]	27.1287	38 	18 	4.31361 
57 	33.4468	[   0.76834399  148.87128713]	[   0.80818414  158.        ]	[ 0.  0.]                    	[  0.08775551  17.72544368]	27.5842	38 	13 	4.04007 
58 	33.1086	[   0.77439743  150.57425743]	[   0.80818414  158.        ]	[   0.54881266  104.        ]	[  0.05104189  10.95657182]	26.6931	38 	13 	2.9576  
59 	35.1314	[   0.76400074  148.06930693]	[   0.80818414  158.        ]	[  0.4498645  80.       ]    	[  0.07417326  16.11546052]	27.3069	38 	21 	2.37871 
60 	34.8297	[   0.77721409  151.        ]	[   0.80818414  158.        ]	[  0.53658537  99.        ]  	[  0.05314359  11.03280437]	27.1584	39 	9  	2.97425 
61 	34.3796	[   0.76707564  148.53465347]	[   0.80818414  158.        ]	[  0.43843844  73.        ]  	[  0.06516981  14.69799229]	27.3762	39 	14 	2.9479  
62 	35.2379	[   0.77236824  149.88118812]	[   0.80818414  158.        ]	[  0.53521127  95.        ]  	[  0.04858295  10.73652702]	27.6535	37 	5  	3.51358 
63 	34.8629	[   0.78115752  152.12871287]	[   0.80818414  158.        ]	[  0.52432432  97.        ]  	[ 0.04171914  8.61573896]  	27.7129	40 	23 	2.63389 
64 	35.1715	[   0.76907834  149.67326733]	[   0.80818414  158.        ]	[  0.528  99.   ]            	[  0.05358925  11.48318522]	27.9406	36 	25 	2.44067 
65 	35.766 	[   0.7738884   150.28712871]	[   0.80818414  158.        ]	[   0.56692913  108.        ]	[  0.0486994   10.90130034]	27.6238	40 	1  	3.72269 
66 	35.5278	[   0.77122731  149.84158416]	[   0.80818414  158.        ]	[  0.51540616  92.        ]  	[  0.0566998   12.78437527]	27.495 	36 	25 	1.68055 
67 	36.7272	[   0.75795754  146.62376238]	[   0.80818414  158.        ]	[  0.50837989  89.        ]  	[  0.06670158  15.24639317]	26.9703	35 	2  	3.58615 
68 	37.0388	[   0.76960357  149.53465347]	[   0.80818414  158.        ]	[  0.48433048  85.        ]  	[  0.06395033  14.26521377]	27.8614	39 	25 	2.61765 
69 	37.1781	[   0.77257316  150.33663366]	[   0.80818414  158.        ]	[  0.50581395  87.        ]  	[  0.051669    11.57179674]	28.0198	39 	23 	2.77892 
70 	36.2698	[   0.77531977  151.17821782]	[   0.80818414  158.        ]	[  0.53580902  97.        ]  	[  0.04758017  10.33153017]	28.099 	40 	25 	2.88562 
71 	35.1894	[   0.75871476  147.53465347]	[   0.80818414  158.        ]	[  0.45810056  82.        ]  	[  0.06438836  13.91314241]	27.4158	39 	23 	2.0502  
72 	34.5244	[   0.76442348  148.36633663]	[   0.81025641  158.        ]	[  0.46831956  85.        ]  	[  0.06652304  14.92537395]	26.9109	39 	4  	2.84622 
73 	34.1902	[   0.77683015  151.14851485]	[   0.81025641  158.        ]	[  0.5203252  96.       ]    	[  0.04816017  10.29600147]	27.0693	35 	23 	1.78141 
74 	34.7904	[   0.78235911  152.37623762]	[   0.81025641  158.        ]	[  0.45698925  85.        ]  	[  0.04651465  10.12970486]	27.3366	34 	24 	1.4977  
75 	34.6444	[   0.77021823  149.72277228]	[   0.81025641  158.        ]	[  0.48450704  84.        ]  	[  0.07036145  15.32881762]	27.3465	39 	23 	1.85321 
76 	35.1742	[   0.77811844  151.15841584]	[   0.81025641  158.        ]	[   0.62285714  109.        ]	[ 0.03966607  9.30956356]  	27.5347	39 	25 	2.20065 
77 	34.3324	[   0.77690414  151.15841584]	[   0.81025641  158.        ]	[  0.43657817  74.        ]  	[  0.052563    11.43014312]	27.2772	39 	5  	3.14696 
78 	35.0378	[   0.78657038  153.2970297 ]	[   0.81025641  158.        ]	[   0.56544503  108.        ]	[ 0.03382639  6.76704969]  	27.7822	38 	25 	2.47204 
79 	35.0165	[   0.77703245  150.55445545]	[   0.81025641  158.        ]	[  0.56090652  99.        ]  	[  0.0542845   12.43316807]	27.1782	38 	8  	2.82631 
80 	36.1201	[   0.77982598  151.32673267]	[   0.81233933  158.        ]	[   0.57948718  111.        ]	[ 0.04564547  9.89560249]  	27.6931	40 	25 	2.83103 
81 	35.7511	[   0.78314531  152.00990099]	[   0.81233933  158.        ]	[  0.45714286  80.        ]  	[  0.05236323  11.64618244]	27.802 	40 	25 	2.96521 
82 	36.6088	[   0.76989043  149.32673267]	[   0.81233933  158.        ]	[  0.52432432  97.        ]  	[  0.0595654   12.97912178]	27.604 	39 	24 	2.36341 
83 	36.4461	[   0.78469979  152.38613861]	[   0.81233933  158.        ]	[   0.57142857  106.        ]	[ 0.0440345   9.50661083]  	27.4554	39 	24 	2.94008 
84 	36.8806	[   0.79033999  153.65346535]	[   0.81233933  158.        ]	[   0.64835165  118.        ]	[ 0.03188348  7.19933391]  	27.6931	39 	24 	3.25102 
85 	36.6343	[   0.78360253  152.33663366]	[   0.81233933  158.        ]	[   0.54255319  102.        ]	[ 0.04539905  9.46622681]  	27.2376	39 	24 	2.29571 
86 	37.4743	[   0.77469856  150.4950495 ]	[   0.81233933  158.        ]	[  0.49046322  90.        ]  	[  0.06319224  13.79598432]	27     	37 	24 	2.06335 
87 	36.869 	[   0.77933955  151.08910891]	[   0.81443299  158.        ]	[  0.45142857  79.        ]  	[  0.06148523  13.84790009]	27.3069	39 	4  	4.00925 
88 	38.0248	[   0.78271818  151.77227723]	[   0.81443299  158.        ]	[  0.51239669  93.        ]  	[  0.0504779   11.13364466]	26.4059	33 	24 	1.81947 
89 	37.663 	[   0.76897113  148.38613861]	[   0.81443299  158.        ]	[  0.47252747  86.        ]  	[  0.07545521  16.95011335]	25.9109	40 	1  	4.0421  
90 	39.3984	[   0.78298945  151.43564356]	[   0.81443299  158.        ]	[  0.5615142  89.       ]    	[  0.05445519  12.31791406]	26.3861	40 	24 	3.48397 
91 	38.8442	[   0.7858552   152.02970297]	[   0.81443299  158.        ]	[  0.4972067  89.       ]    	[  0.05002754  11.29220834]	25.7327	40 	24 	2.35002 
92 	39.0208	[   0.78005001  150.93069307]	[   0.81443299  158.        ]	[  0.53631285  96.        ]  	[  0.05614893  12.55503325]	26.4257	40 	23 	3.75841 
93 	38.9927	[   0.78329301  151.81188119]	[   0.81443299  158.        ]	[   0.62155388  123.        ]	[ 0.04513634  9.42685533]  	26.2475	40 	25 	2.82635 
94 	38.6243	[   0.77595786  149.94059406]	[   0.81443299  158.        ]	[  0.4929972  88.       ]    	[  0.06724077  14.91880452]	26.2178	40 	8  	3.98165 
95 	39.4853	[   0.76543826  148.02970297]	[   0.81443299  158.        ]	[  0.49315068  90.        ]  	[  0.08006307  16.72873584]	26.8911	40 	1  	5.96342 
96 	40.2899	[   0.77755399  150.08910891]	[   0.81443299  158.        ]	[   0.52173913  101.        ]	[  0.04863431  10.7979637 ]	27.1584	40 	23 	3.62536 
97 	40.0627	[   0.77847344  150.53465347]	[   0.81443299  158.        ]	[   0.56521739  104.        ]	[  0.05064785  11.10754302]	27.1089	40 	24 	4.00964 
98 	40.7118	[   0.77306119  149.56435644]	[   0.81443299  158.        ]	[ 0.  0.]                    	[  0.09604126  19.5247575 ]	27.9505	40 	22 	4.69332 
99 	40.3371	[   0.77686783  150.22772277]	[   0.81443299  158.        ]	[   0.53580902  101.        ]	[  0.05785579  12.48593759]	27.4851	40 	24 	3.86816 
100	39.6155	[   0.77008151  148.78217822]	[   0.81443299  158.        ]	[  0.49577465  88.        ]  	[  0.06723222  14.75986259]	27.3069	40 	7  	4.68776 
101	39.9017	[   0.78372841  151.64356436]	[   0.81443299  158.        ]	[   0.56284153  103.        ]	[  0.04653363  10.42900008]	27.5644	40 	24 	3.84454 
102	39.7966	[   0.78387265  151.57425743]	[   0.81443299  158.        ]	[  0.50406504  93.        ]  	[  0.05178963  11.64265505]	27.2178	40 	24 	3.99902 
103	40.0201	[   0.77769765  150.69306931]	[   0.81443299  158.        ]	[   0.56396867  108.        ]	[  0.05000355  10.1090515 ]	26.8218	39 	24 	3.07785 
104	40.0478	[   0.77561704  150.17821782]	[   0.81443299  158.        ]	[   0.58156028  113.        ]	[ 0.05038318  9.47784915]  	26.9208	39 	24 	3.21717 
105	40.2073	[   0.77896182  150.36633663]	[   0.81443299  158.        ]	[  0.50415512  91.        ]  	[  0.05158654  11.54648185]	27.7129	37 	24 	3.49352 
106	39.751 	[   0.78221374  151.24752475]	[   0.81443299  158.        ]	[   0.62125341  112.        ]	[ 0.0424039   9.47576998]  	27.8515	37 	24 	3.22854 
107	39.8249	[   0.77487816  149.93069307]	[   0.81443299  158.        ]	[  0.51630435  95.        ]  	[  0.05754317  12.65244267]	28.5644	37 	23 	3.19782 
108	39.9593	[   0.78623939  152.34653465]	[   0.81443299  158.        ]	[   0.59490085  105.        ]	[ 0.0386769   8.05603598]  	29.5446	40 	24 	3.26252 
109	40.3741	[   0.78192177  151.17821782]	[   0.81443299  158.        ]	[   0.58942065  103.        ]	[  0.04969173  10.96023057]	29.604 	40 	23 	3.2944  
110	40.5232	[   0.78623472  152.35643564]	[   0.81443299  158.        ]	[   0.55702918  105.        ]	[ 0.04595998  9.67551176]  	30.3366	40 	25 	2.91217 
111	40.5955	[   0.78298291  151.35643564]	[   0.81443299  158.        ]	[  0.52197802  95.        ]  	[  0.05647869  12.45553212]	30.2277	40 	24 	2.94128 
112	40.6377	[   0.78290432  151.71287129]	[   0.81443299  158.        ]	[  0.49868766  95.        ]  	[  0.04879322  10.03887161]	30.2376	40 	24 	3.38356 
113	40.3069	[   0.78017347  150.7029703 ]	[   0.81443299  158.        ]	[  0.51851852  90.        ]  	[  0.0606444   13.53144088]	29.6535	40 	24 	3.48813 
114	39.8217	[   0.78519425  152.04950495]	[   0.81443299  158.        ]	[  0.44134078  79.        ]  	[  0.05646619  11.60946715]	29.4752	39 	24 	3.35844 
115	40.0502	[   0.77742421  150.21782178]	[   0.81443299  158.        ]	[  0.46991404  82.        ]  	[  0.06288464  13.93166062]	29.2178	39 	24 	3.2445  
116	39.7858	[   0.78223928  151.94059406]	[   0.81443299  158.        ]	[   0.56330749  109.        ]	[ 0.04706898  9.17359726]  	29.3564	39 	23 	3.29892 
117	40.0996	[   0.78202602  150.96039604]	[   0.81443299  158.        ]	[  0.52941176  99.        ]  	[  0.05046257  11.43030607]	29.3465	40 	24 	3.49946 
118	40.016 	[   0.78396281  151.62376238]	[   0.81443299  158.        ]	[   0.62566845  117.        ]	[ 0.04046882  8.75163519]  	28.6733	40 	24 	3.64816 
119	39.9438	[   0.78303985  151.28712871]	[   0.81443299  158.        ]	[  0.40350877  69.        ]  	[  0.05699276  12.71105906]	28.6634	38 	24 	3.56628 
120	40.4775	[   0.78382416  152.25742574]	[   0.81443299  158.        ]	[   0.64705882  131.        ]	[ 0.04164754  7.43507005]  	28.1782	40 	25 	3.37843 
121	39.9824	[   0.77648798  150.27722772]	[   0.81443299  158.        ]	[  0.46991404  82.        ]  	[  0.06239857  13.14060958]	28.6832	40 	6  	4.15285 
122	40.1939	[   0.77772385  150.24752475]	[   0.81443299  158.        ]	[  0.46927374  84.        ]  	[  0.05961463  13.00754232]	28.6436	35 	24 	3.35546 
123	41.075 	[   0.77845595  150.51485149]	[   0.81443299  158.        ]	[  0.44759207  79.        ]  	[  0.05758285  12.53321438]	28.9604	37 	24 	3.59846 
124	40.8425	[   0.78712918  152.37623762]	[   0.81443299  158.        ]	[  0.50837989  91.        ]  	[  0.04809026  10.17748582]	29.1188	38 	20 	3.73447 
125	40.4341	[   0.78162345  151.48514851]	[   0.81443299  158.        ]	[  0.51428571  90.        ]  	[  0.05130283  10.71744563]	29.4257	39 	24 	3.38414 
126	40.8988	[   0.76967673  148.42574257]	[   0.81443299  158.        ]	[  0.49122807  84.        ]  	[  0.07358836  15.98163955]	29.0792	37 	24 	3.4945  
127	40.2025	[   0.79353211  153.41584158]	[   0.81443299  158.        ]	[  0.4902507  88.       ]    	[ 0.04270892  9.3303161 ]  	28.4554	40 	2  	4.28796 
128	41.0328	[   0.78441471  151.6039604 ]	[   0.81443299  158.        ]	[ 0.  0.]                    	[  0.08494777  16.77815601]	28.6139	37 	23 	3.18713 
129	41.5228	[   0.77460678  149.1980198 ]	[   0.81443299  158.        ]	[  0.4902507  88.       ]    	[  0.06354916  14.13934879]	28.1584	37 	14 	3.55085 
130	40.831 	[   0.78379855  151.61386139]	[   0.81443299  158.        ]	[  0.45142857  79.        ]  	[  0.05218289  11.3329191 ]	27.7525	40 	1  	5.29226 
131	41.8219	[   0.78592767  151.9009901 ]	[   0.81443299  158.        ]	[  0.5480226  97.       ]    	[  0.04894851  10.83586358]	28.4158	40 	24 	3.6837  
132	40.6323	[   0.78193937  151.24752475]	[   0.81443299  158.        ]	[  0.48199446  87.        ]  	[  0.05197274  11.10918444]	28.0792	40 	23 	3.50016 
133	40.4103	[   0.7822007   150.92079208]	[   0.81443299  158.        ]	[  0.49307479  89.        ]  	[  0.05487499  12.25769766]	27.505 	39 	24 	3.13278 
134	40.6437	[   0.78228055  151.01980198]	[   0.81443299  158.        ]	[   0.54891304  101.        ]	[  0.04930967  10.69466435]	27.4455	35 	24 	3.01309 
135	40.3259	[   0.76591906  147.69306931]	[   0.81443299  158.        ]	[  0.43323442  73.        ]  	[  0.07914491  17.06466593]	27.2079	38 	6  	3.64601 
136	40.2351	[   0.78020907  150.95049505]	[   0.81443299  158.        ]	[  0.48467967  87.        ]  	[  0.05641603  12.0266834 ]	27.3465	35 	24 	2.79475 
137	39.9167	[   0.78547138  152.02970297]	[   0.81443299  158.        ]	[  0.4863388  89.       ]    	[  0.05190359  10.87594807]	26.8119	40 	5  	3.74883 
138	39.579 	[   0.78479152  151.65346535]	[   0.81443299  158.        ]	[  0.53672316  95.        ]  	[  0.05326072  11.79564918]	26.9802	36 	24 	2.41686 
139	39.8521	[   0.77321222  149.00990099]	[   0.81443299  158.        ]	[  0.47323944  84.        ]  	[  0.06262848  14.16207112]	27.0297	36 	24 	2.49139 
140	39.5711	[   0.77848514  150.79207921]	[   0.81443299  158.        ]	[   0.55102041  108.        ]	[  0.05213871  10.51196097]	27     	40 	25 	2.42512 
141	39.0447	[   0.78472605  151.9009901 ]	[   0.81443299  158.        ]	[  0.51912568  95.        ]  	[  0.05228012  10.75147234]	27.3366	33 	25 	2.16304 
142	39.2084	[   0.78091095  151.05940594]	[   0.81443299  158.        ]	[  0.47191011  84.        ]  	[  0.05412531  11.82112707]	27.396 	37 	25 	2.40494 
143	39.1269	[   0.77909076  150.51485149]	[   0.81443299  158.        ]	[  0.46334311  79.        ]  	[  0.06190056  14.10892131]	27.6238	38 	24 	2.5827  
144	39.5555	[   0.78719167  152.21782178]	[   0.81443299  158.        ]	[  0.51311953  88.        ]  	[  0.04624721  10.32981263]	27.7723	38 	25 	2.55196 
145	38.9128	[   0.77980724  150.97029703]	[   0.81443299  158.        ]	[  0.5027933  90.       ]    	[  0.05801657  12.02263167]	27.2376	38 	23 	2.71464 
146	38.9505	[   0.76960778  148.68316832]	[   0.81443299  158.        ]	[  0.47863248  84.        ]  	[  0.0640879  13.4862825]  	27.0792	37 	24 	2.12334 
147	38.3243	[   0.77843812  150.26732673]	[   0.81443299  158.        ]	[  0.51575931  90.        ]  	[  0.05864957  12.92161524]	26.6733	34 	24 	1.93513 
148	38.5423	[   0.78830889  152.5049505 ]	[   0.81443299  158.        ]	[   0.58760108  109.        ]	[ 0.03746227  8.10405566]  	27.1386	40 	24 	2.52524 
149	38.4005	[   0.77590322  149.95049505]	[   0.81443299  158.        ]	[   0.54731458  107.        ]	[  0.05762126  12.02586012]	27.1683	40 	23 	2.50176 
150	38.5591	[   0.7859219   152.37623762]	[   0.81443299  158.        ]	[   0.57923497  106.        ]	[ 0.0429811   8.67892803]  	27.4851	39 	19 	2.51181 
151	38.5449	[   0.79043835  153.10891089]	[   0.81443299  158.        ]	[   0.55154639  107.        ]	[ 0.03886215  7.51223555]  	27.6733	37 	23 	2.48604 
152	38.2353	[   0.78608186  152.08910891]	[   0.81443299  158.        ]	[  0.46991404  82.        ]  	[  0.05399969  11.81549495]	27.3663	34 	24 	2.00851 
153	38.8609	[   0.77786449  150.42574257]	[   0.81443299  158.        ]	[  0.49717514  88.        ]  	[  0.06285848  13.52983248]	26.9604	35 	24 	1.71147 
154	38.5233	[   0.78456429  151.66336634]	[   0.81443299  158.        ]	[   0.59317585  113.        ]	[ 0.04212442  9.67212718]  	26.9208	37 	24 	1.88629 
155	38.9847	[   0.77756463  150.17821782]	[   0.81443299  158.        ]	[   0.55890411  102.        ]	[  0.05331952  11.70461197]	27.1386	32 	23 	1.58601 
156	38.9946	[   0.77960931  150.77227723]	[   0.81443299  158.        ]	[   0.53439153  101.        ]	[  0.05195891  10.81700274]	27.4356	38 	23 	1.98218 
157	38.9215	[   0.77388123  149.33663366]	[   0.81443299  158.        ]	[  0.46590909  81.        ]  	[  0.06448298  14.41552877]	27.4158	37 	3  	3.97833 
158	39.8786	[   0.77563623  150.21782178]	[   0.81443299  158.        ]	[  0.48863636  86.        ]  	[  0.06159195  12.81598936]	28.6337	39 	11 	3.18947 
159	39.948 	[   0.78047777  150.82178218]	[   0.81443299  158.        ]	[   0.62790698  108.        ]	[ 0.04458966  9.8918869 ]  	28.9109	40 	24 	2.78646 
160	39.0202	[   0.77708699  150.35643564]	[   0.81443299  158.        ]	[  0.45555556  82.        ]  	[  0.05720649  11.86022904]	28.0099	40 	24 	2.43121 
161	38.7272	[   0.7762929   150.02970297]	[   0.81443299  158.        ]	[   0.57364341  111.        ]	[  0.04993632  10.0754141 ]	27.703 	35 	23 	1.90125 
162	38.362 	[   0.78398991  151.53465347]	[   0.81443299  158.        ]	[  0.47953216  82.        ]  	[  0.05783176  12.50470356]	27.6832	39 	4  	2.98488 
163	38.5311	[   0.77325428  149.40594059]	[   0.81443299  158.        ]	[  0.50847458  90.        ]  	[  0.0692801   15.01232379]	28.0495	39 	5  	3.1915  
164	38.1832	[   0.77995156  151.        ]	[   0.81443299  158.        ]	[  0.48087432  88.        ]  	[  0.05338227  11.24524102]	28     	36 	23 	2.05373 
165	38.8616	[   0.77872927  150.51485149]	[   0.81443299  158.        ]	[  0.5497076  94.       ]    	[  0.05295526  11.69210097]	28.198 	34 	26 	1.78009 
166	38.7397	[   0.78926149  152.45544554]	[   0.81443299  158.        ]	[   0.60821918  111.        ]	[ 0.03928374  9.05267834]  	27.9307	32 	26 	1.35162 
167	39.3938	[   0.7846773   151.66336634]	[   0.81443299  158.        ]	[  0.46498599  83.        ]  	[  0.04922209  10.56734858]	28.0594	34 	24 	1.72817 
168	39.2476	[   0.78372216  151.36633663]	[   0.81443299  158.        ]	[  0.50847458  90.        ]  	[  0.05338519  11.68202713]	28.2178	37 	4  	3.15163 
169	39.2442	[   0.7806606   150.94059406]	[   0.81443299  158.        ]	[  0.54246575  99.        ]  	[  0.05338281  11.21245928]	28.9109	38 	1  	3.86684 
170	39.8186	[   0.77508318  149.36633663]	[   0.81443299  158.        ]	[  0.50415512  91.        ]  	[  0.06272058  13.78528615]	29.0495	38 	24 	2.3855  
171	38.2202	[   0.79404432  153.7029703 ]	[   0.81443299  158.        ]	[   0.5374677  104.       ]  	[ 0.03465571  6.92326334]  	28.4554	36 	2  	3.30474 
172	39.2807	[   0.77600323  149.57425743]	[   0.81443299  158.        ]	[  0.47802198  87.        ]  	[  0.0681924   14.91583419]	28.6238	38 	7  	3.23303 
173	39.9331	[   0.77654175  149.92079208]	[   0.81443299  158.        ]	[  0.47645429  86.        ]  	[  0.0614278   13.06547349]	29.0099	35 	24 	2.09429 
174	40.016 	[   0.77146654  148.8019802 ]	[   0.81443299  158.        ]	[  0.44444444  78.        ]  	[  0.07456204  16.19498749]	28.9208	38 	2  	3.87856 
175	40.1459	[   0.77251734  149.30693069]	[   0.81443299  158.        ]	[  0.4566474  79.       ]    	[  0.06221834  13.20271692]	29.4851	37 	1  	3.94671 
176	39.8674	[   0.77711525  150.33663366]	[   0.81443299  158.        ]	[   0.54301075  101.        ]	[  0.05587346  11.14732772]	29.6535	35 	24 	2.61918 
177	39.6303	[   0.77856624  150.42574257]	[   0.81443299  158.        ]	[  0.52173913  96.        ]  	[  0.06133732  12.7235235 ]	29.4653	37 	8  	3.34357 
178	40.2569	[   0.789155    152.42574257]	[   0.81443299  158.        ]	[   0.61979167  118.        ]	[ 0.03921401  8.24062207]  	29.7723	33 	26 	2.16123 
179	40.3858	[   0.77700709  149.82178218]	[   0.81443299  158.        ]	[  0.46537396  84.        ]  	[  0.06476999  13.78864222]	29.7129	36 	24 	2.34346 
180	39.6514	[   0.78069541  150.7029703 ]	[   0.81443299  158.        ]	[  0.42813456  70.        ]  	[  0.05783757  12.82752652]	29.5842	37 	26 	2.48667 
181	39.7109	[   0.78792838  152.16831683]	[   0.81443299  158.        ]	[   0.53061224  104.        ]	[ 0.04039722  8.79364004]  	29.6832	36 	26 	2.1797  
182	40.0482	[   0.77957613  150.98019802]	[   0.81443299  158.        ]	[  0.50415512  91.        ]  	[  0.05672802  11.82293475]	30.495 	38 	26 	2.51972 
183	40.8702	[   0.78250455  151.14851485]	[   0.81443299  158.        ]	[  0.49864499  90.        ]  	[  0.06125031  13.28394113]	31.0198	38 	27 	1.81839 
184	40.2201	[   0.77878091  150.41584158]	[   0.81443299  158.        ]	[  0.48924731  91.        ]  	[  0.06145079  12.88507259]	30.4257	40 	6  	3.44216 
185	41.3024	[   0.78195614  151.        ]	[   0.81443299  158.        ]	[  0.58235294  99.        ]  	[  0.0520123   11.82462609]	31.1683	38 	26 	2.64788 
186	41.3694	[   0.77782373  150.2970297 ]	[   0.81443299  158.        ]	[  0.52717391  97.        ]  	[  0.06181567  13.2123139 ]	30.8911	38 	26 	2.85942 
187	40.9323	[   0.78159531  151.31683168]	[   0.81443299  158.        ]	[  0.52717391  97.        ]  	[  0.05563891  11.24694079]	30.9505	38 	26 	2.87831 
188	40.56  	[   0.77340397  149.85148515]	[   0.81443299  158.        ]	[  0.49283668  86.        ]  	[  0.06427592  13.31148997]	30.7723	40 	15 	3.3857  
189	40.9439	[   0.78071321  150.87128713]	[   0.81653747  158.        ]	[   0.56020942  105.        ]	[  0.05028433  10.76818137]	30.1584	38 	26 	2.52015 
190	40.1053	[   0.78097589  150.81188119]	[   0.81653747  158.        ]	[  0.50928382  96.        ]  	[  0.05757799  12.34224242]	30.0495	35 	26 	2.06516 
191	40.2402	[   0.78617558  152.00990099]	[   0.81653747  158.        ]	[  0.51873199  90.        ]  	[  0.05775765  12.37891456]	30.5842	34 	23 	2.15842 
192	40.7064	[   0.77959635  150.53465347]	[   0.81653747  158.        ]	[  0.46961326  85.        ]  	[  0.06246711  13.49261944]	30.3366	38 	23 	2.34321 
193	39.6595	[   0.78680535  152.37623762]	[   0.81653747  158.        ]	[  0.55681818  98.        ]  	[ 0.04617291  9.75019826]  	30.2079	39 	23 	2.4018  
194	40.7123	[   0.78360991  151.3960396 ]	[   0.81653747  158.        ]	[  0.46666667  84.        ]  	[  0.05993519  13.05288497]	30.0891	33 	23 	2.27382 
195	40.3818	[   0.78578493  151.87128713]	[   0.81653747  158.        ]	[  0.51810585  93.        ]  	[  0.0582303   12.53957171]	29.9604	39 	26 	2.71016 
196	40.2841	[   0.78802333  152.20792079]	[   0.81653747  158.        ]	[  0.51891892  96.        ]  	[  0.0494583   10.46949064]	29.6535	39 	26 	2.62296 
197	40.0345	[   0.78155239  151.23762376]	[   0.81653747  158.        ]	[   0.58310627  107.        ]	[  0.05020928  10.16901576]	29.1683	38 	23 	3.02815 
198	39.8706	[   0.77313851  149.18811881]	[   0.81653747  158.        ]	[  0.45086705  78.        ]  	[  0.07649388  16.19602254]	28.3564	39 	5  	3.79051 
199	40.7981	[   0.78444344  151.81188119]	[   0.81653747  158.        ]	[   0.61845387  124.        ]	[ 0.04315267  8.40286711]  	28.4158	39 	25 	3.06777 
200	40.8234	[   0.78135279  151.07920792]	[   0.81653747  158.        ]	[   0.55789474  106.        ]	[  0.04979805  10.04611463]	28.5248	40 	26 	3.27787 
201	41.2386	[   0.78651147  151.99009901]	[   0.81653747  158.        ]	[   0.60377358  112.        ]	[ 0.04128524  8.81773084]  	28.8218	40 	26 	3.32526 
202	40.5576	[   0.77691721  150.03960396]	[   0.81653747  158.        ]	[  0.47727273  84.        ]  	[  0.06428432  13.57627575]	28.495 	39 	5  	4.14257 
203	41.214 	[   0.77928918  150.20792079]	[   0.81653747  158.        ]	[  0.51810585  93.        ]  	[  0.05153076  11.61794177]	28.7822	39 	1  	4.35004 
204	41.6218	[   0.77199395  149.08910891]	[   0.81653747  158.        ]	[  0.48137536  84.        ]  	[  0.06762918  14.37413726]	29     	40 	1  	5.01483 
205	41.254 	[   0.78555478  151.71287129]	[   0.81653747  158.        ]	[  0.48837209  84.        ]  	[  0.05788757  12.45136013]	29.1683	37 	1  	4.2053  
206	41.7627	[   0.77856501  150.58415842]	[   0.81653747  158.        ]	[  0.54830287  95.        ]  	[  0.05385121  11.30168421]	29.5149	40 	25 	3.31696 
207	41.5608	[   0.78730677  152.51485149]	[   0.81653747  158.        ]	[   0.65454545  126.        ]	[ 0.03741042  7.28842003]  	29.7822	40 	25 	3.23534 
208	41.7298	[   0.78881334  152.71287129]	[   0.81653747  158.        ]	[   0.57742782  110.        ]	[ 0.0445884  9.0283784]    	30.4653	40 	26 	2.93347 
209	41.4667	[   0.77501403  149.69306931]	[   0.81653747  158.        ]	[  0.46590909  82.        ]  	[  0.06896083  14.53077484]	30.9109	37 	26 	2.76147 
210	41.348 	[   0.78571483  151.96039604]	[   0.81653747  158.        ]	[   0.53333333  100.        ]	[  0.0487824   10.06997379]	31.1089	38 	26 	2.96147 
211	42.0217	[   0.77861701  150.26732673]	[   0.81653747  158.        ]	[  0.55393586  95.        ]  	[  0.05530744  11.91129848]	32.1386	39 	26 	2.63273 
212	40.3895	[   0.77594094  149.79207921]	[   0.81653747  158.        ]	[  0.48793566  86.        ]  	[  0.07367778  15.67637867]	31.2079	40 	5  	4.60374 
213	41.5439	[   0.77704924  150.02970297]	[   0.81653747  158.        ]	[  0.47091413  85.        ]  	[  0.06228692  13.06681644]	31.9307	38 	26 	2.44649 
214	41.4256	[   0.78008461  151.32673267]	[   0.81653747  158.        ]	[  0.51458886  97.        ]  	[  0.05484245  10.80438938]	32.0594	40 	26 	2.45281 
215	41.5348	[   0.77754137  150.12871287]	[   0.81653747  158.        ]	[  0.49859944  89.        ]  	[  0.05697505  12.1888306 ]	31.8812	40 	26 	2.52232 
216	41.8455	[   0.7843353   151.67326733]	[   0.81653747  158.        ]	[   0.58333333  105.        ]	[  0.04828054  10.49762718]	31.5149	37 	26 	2.49202 
217	42.2235	[   0.78548514  151.89108911]	[   0.81653747  158.        ]	[  0.52367688  94.        ]  	[  0.05134281  10.77299612]	31.505 	40 	25 	2.69809 
218	41.9471	[   0.77305016  149.35643564]	[   0.81653747  158.        ]	[  0.48767123  89.        ]  	[  0.06676423  14.00112029]	31.9703	40 	11 	3.35508 
219	42.4801	[   0.78051017  150.46534653]	[   0.81653747  158.        ]	[   0.62983425  114.        ]	[  0.0451773   10.05092415]	32.0891	37 	25 	2.71811 
220	42.3152	[   0.78259549  151.26732673]	[   0.81653747  158.        ]	[  0.47091413  85.        ]  	[  0.06192889  12.89169745]	32.4851	38 	3  	3.78013 
221	42.0637	[   0.79061608  152.98019802]	[   0.81653747  158.        ]	[   0.63586957  117.        ]	[ 0.035935    7.39544976]  	32.8119	40 	25 	2.86914 
222	42.4046	[   0.77620737  150.15841584]	[   0.81653747  158.        ]	[  0.49595687  92.        ]  	[  0.0607672   12.54120549]	32.9901	38 	2  	4.13029 
223	41.9542	[   0.78301785  151.31683168]	[   0.81653747  158.        ]	[  0.5613079  98.       ]    	[  0.05353043  11.51746903]	32.7327	40 	1  	4.4341  
224	42.3448	[   0.78740836  152.35643564]	[   0.81653747  158.        ]	[  0.53551913  98.        ]  	[  0.05157794  10.38809692]	33.1584	40 	25 	3.04336 
225	42.4342	[   0.78044446  150.67326733]	[   0.81653747  158.        ]	[  0.46666667  84.        ]  	[  0.05558055  11.44172398]	33.3366	39 	23 	3.07747 
226	42.0357	[   0.79080099  152.93069307]	[   0.81653747  158.        ]	[   0.66497462  125.        ]	[ 0.03681268  7.5900631 ]  	33     	39 	25 	3.59868 
227	42.5561	[   0.78237475  151.03960396]	[   0.81653747  158.        ]	[ 0.  0.]                    	[  0.09348719  18.68706377]	32.8317	38 	24 	3.80742 
228	42.464 	[   0.78127825  150.73267327]	[   0.81653747  158.        ]	[  0.47813411  82.        ]  	[  0.06790219  14.76475003]	33.4455	40 	1  	4.64902 
229	42.1823	[   0.78364256  151.69306931]	[   0.81653747  158.        ]	[  0.4972973  92.       ]    	[  0.05765517  11.87371052]	33.6238	40 	2  	5.36555 
230	43.7501	[   0.78395834  151.35643564]	[   0.81653747  158.        ]	[  0.53824363  95.        ]  	[  0.05048651  11.02973852]	34.9901	40 	25 	2.41076 
231	43.595 	[   0.7878352   152.30693069]	[   0.81653747  158.        ]	[   0.60869565  105.        ]	[ 0.04625402  9.61922845]  	35.099 	40 	25 	2.27994 
232	42.9017	[   0.78807552  152.01980198]	[   0.81653747  158.        ]	[  0.45142857  79.        ]  	[  0.05611428  12.11576193]	35.0693	40 	1  	3.90799 
233	43.4537	[   0.7891643   152.05940594]	[   0.81653747  158.        ]	[  0.48257373  90.        ]  	[  0.05140454  11.31967689]	35.6337	40 	33 	1.55253 
234	43.2454	[   0.78927339  152.08910891]	[   0.81653747  158.        ]	[  0.53221289  86.        ]  	[  0.05177161  12.15746441]	35.5644	40 	5  	3.54159 
235	44.0932	[   0.7869524   151.93069307]	[   0.81653747  158.        ]	[  0.51162791  88.        ]  	[  0.05226157  11.25866656]	36.4752	40 	33 	2.20078 
236	43.865 	[   0.80003526  154.68316832]	[   0.81653747  158.        ]	[   0.65984655  129.        ]	[ 0.03324039  6.6688736 ]  	36.901 	40 	35 	2.24051 
237	43.9763	[   0.79488119  153.58415842]	[   0.81653747  158.        ]	[   0.59782609  110.        ]	[ 0.04158069  8.80961146]  	37.0099	40 	35 	2.31438 
238	43.3508	[   0.79419245  153.55445545]	[   0.81653747  158.        ]	[   0.65809769  127.        ]	[ 0.03868131  7.69399309]  	37.0198	40 	33 	2.42504 
239	43.2281	[   0.7892897   152.75247525]	[   0.81653747  158.        ]	[   0.54973822  105.        ]	[  0.05823881  11.69023113]	36.802 	40 	33 	2.3757  
240	44.0383	[   0.79602545  153.66336634]	[   0.81653747  158.        ]	[   0.63297872  119.        ]	[ 0.04029864  8.67256654]  	36.6436	40 	31 	2.3233  
241	44.1837	[   0.78900769  152.43564356]	[   0.81653747  158.        ]	[   0.65128205  120.        ]	[ 0.04318888  8.8992333 ]  	36.5941	40 	33 	2.32157 
242	43.7835	[   0.79584908  153.97029703]	[   0.81653747  158.        ]	[   0.67002519  129.        ]	[ 0.03842139  7.57465216]  	36.8911	40 	33 	2.44909 
243	43.5681	[   0.78771957  152.13861386]	[   0.81653747  158.        ]	[  0.40112994  71.        ]  	[  0.06428964  13.29261665]	36.8119	40 	30 	2.56678 
244	44.1834	[   0.79478039  153.42574257]	[   0.81653747  158.        ]	[  0.49456522  91.        ]  	[  0.04719986  10.15654355]	36.9307	40 	27 	2.68202 
245	44.1468	[   0.79677395  154.23762376]	[   0.81653747  158.        ]	[   0.63753213  124.        ]	[ 0.03475364  6.6706814 ]  	37.2673	40 	33 	2.50105 
246	44.9334	[   0.79336139  153.5049505 ]	[   0.81653747  158.        ]	[  0.4973822  95.       ]    	[ 0.05084794  9.84596592]  	37.1485	40 	33 	2.64533 
247	44.3813	[   0.79358218  153.30693069]	[   0.81653747  158.        ]	[  0.51912568  95.        ]  	[ 0.04818659  9.99479327]  	37.1386	40 	5  	4.12198 
248	45.4249	[   0.79188743  153.03960396]	[   0.81653747  158.        ]	[   0.6162465  110.       ]  	[ 0.03965832  8.33330523]  	37.8614	40 	33 	2.71421 
249	45.5777	[   0.78898322  152.44554455]	[   0.81653747  158.        ]	[  0.50673854  94.        ]  	[  0.05781959  12.15288357]	38.1287	40 	33 	2.63135 
250	45.3564	[   0.79288688  153.44554455]	[   0.81653747  158.        ]	[   0.67506297  130.        ]	[ 0.037837    7.35987953]  	38.0198	40 	32 	2.85276 
251	45.4006	[   0.79717101  153.87128713]	[   0.81653747  158.        ]	[   0.66489362  119.        ]	[ 0.03503781  7.81679249]  	38.4752	40 	32 	2.50383 
252	44.6652	[   0.78337614  151.10891089]	[   0.81653747  158.        ]	[  0.55211268  98.        ]  	[  0.05536288  12.16463059]	38.0594	40 	8  	3.89674 
253	44.6614	[   0.78793051  152.06930693]	[   0.81653747  158.        ]	[   0.59587021  101.        ]	[  0.05047125  11.15175023]	38.4851	40 	30 	2.52753 
254	45.0125	[   0.79825647  154.24752475]	[   0.81653747  158.        ]	[   0.57217848  109.        ]	[ 0.03829436  7.93838393]  	38.505 	40 	27 	2.71273 
255	45.3802	[   0.79085205  152.77227723]	[   0.81653747  158.        ]	[   0.59358289  111.        ]	[ 0.04257655  9.07491504]  	38.802 	40 	33 	2.26912 
256	44.5873	[   0.79167899  153.04950495]	[   0.81653747  158.        ]	[  0.51648352  94.        ]  	[  0.04833473  10.06255311]	38.6337	40 	16 	3.31729 
257	45.4624	[   0.79338597  153.35643564]	[   0.81653747  158.        ]	[   0.54545455  101.        ]	[ 0.04809967  9.93801   ]  	38.9406	40 	33 	2.16553 
258	45.6963	[   0.78628491  151.95049505]	[   0.81653747  158.        ]	[  0.51506849  94.        ]  	[  0.05559464  11.40728987]	39.2574	40 	33 	1.80018 
259	44.9903	[   0.79398514  153.5049505 ]	[   0.81653747  158.        ]	[   0.62663185  120.        ]	[ 0.04049612  8.00819353]  	39.1386	40 	35 	1.80225 
260	45.1452	[   0.78329582  151.07920792]	[   0.81653747  158.        ]	[  0.46022727  81.        ]  	[  0.06033327  12.86078017]	39.1881	40 	33 	1.88644 
261	45.2095	[   0.78195592  150.91089109]	[   0.81653747  158.        ]	[  0.48725212  86.        ]  	[  0.06141409  13.25163843]	39.3069	40 	34 	1.69882 
262	45.339 	[   0.78626361  151.87128713]	[   0.81653747  158.        ]	[   0.59322034  105.        ]	[  0.04837656  10.17924832]	39.7921	40 	35 	0.871062
263	45.6645	[   0.78790464  152.41584158]	[   0.81653747  158.        ]	[   0.56041131  109.        ]	[  0.05594274  10.94293689]	39.5149	40 	6  	3.42852 
264	45.3075	[   0.78838961  152.40594059]	[   0.81653747  158.        ]	[  0.44383562  81.        ]  	[  0.0565701   11.70019736]	39.505 	40 	35 	1.37606 
265	45.0923	[   0.79201255  152.99009901]	[   0.81653747  158.        ]	[   0.62694301  121.        ]	[ 0.04214793  8.73991079]  	39.3861	40 	35 	1.54772 
266	45.556 	[   0.7910535   152.55445545]	[   0.81653747  158.        ]	[  0.4519774  80.       ]    	[  0.05301453  11.70383304]	39.6238	40 	35 	1.13322 
267	45.3039	[   0.79473218  153.4950495 ]	[   0.81653747  158.        ]	[  0.48501362  89.        ]  	[  0.04739339  10.03027473]	39.3861	40 	30 	1.61043 
268	44.8306	[   0.78592961  151.8019802 ]	[   0.81653747  158.        ]	[   0.625  117.   ]          	[ 0.04724867  9.83831649]  	38.8614	40 	27 	2.68487 
269	45.3721	[   0.785318    151.86138614]	[   0.81653747  158.        ]	[   0.5606469  104.       ]  	[  0.05397388  10.75471778]	39.1386	40 	30 	2.18469 
270	45.1681	[   0.79011753  152.54455446]	[   0.81653747  158.        ]	[   0.64850136  119.        ]	[ 0.03937978  8.61672878]  	38.8317	40 	30 	2.54103 
271	43.9974	[   0.79076364  153.02970297]	[   0.81653747  158.        ]	[  0.47486034  85.        ]  	[  0.05255232  10.69788121]	37.8515	40 	8  	4.37904 
272	44.7131	[   0.78762311  152.23762376]	[   0.81653747  158.        ]	[   0.56216216  104.        ]	[  0.04837793  10.14952422]	38.3069	40 	27 	3.36476 
273	45.003 	[   0.79407875  153.40594059]	[   0.81653747  158.        ]	[   0.60941828  110.        ]	[ 0.04369425  9.5990699 ]  	38.4158	40 	27 	3.44193 
274	44.3142	[   0.79239337  153.52475248]	[   0.81653747  158.        ]	[   0.55284553  102.        ]	[ 0.04762194  9.51766888]  	37.9802	40 	30 	3.54876 
275	44.1737	[   0.79136137  153.1980198 ]	[   0.81653747  158.        ]	[   0.62105263  118.        ]	[ 0.04064328  7.90164766]  	37.9901	40 	27 	3.60279 
276	45.1829	[   0.78854245  152.35643564]	[   0.81653747  158.        ]	[  0.45378151  81.        ]  	[  0.05181698  10.84689503]	38.0693	40 	27 	3.5551  
277	44.3637	[   0.79361997  153.55445545]	[   0.81653747  158.        ]	[   0.64623955  116.        ]	[ 0.03930449  8.04378519]  	37.9307	40 	27 	3.66481 
278	43.6467	[   0.78351927  151.44554455]	[   0.81653747  158.        ]	[  0.4610951  80.       ]    	[  0.05774294  12.22841622]	37.4257	40 	27 	3.75314 
279	44.0125	[   0.79039381  152.61386139]	[   0.81653747  158.        ]	[  0.51111111  92.        ]  	[  0.04902367  11.04802325]	37.1584	40 	30 	3.99438 
280	43.5183	[   0.78823357  152.21782178]	[   0.81653747  158.        ]	[  0.4756447  83.       ]    	[  0.06710148  14.10540516]	37.5941	40 	7  	4.68868 
281	44.9642	[   0.79287241  153.2970297 ]	[   0.81653747  158.        ]	[  0.49853372  85.        ]  	[  0.04816647  10.28460789]	38.0891	40 	27 	3.57964 
282	43.9849	[   0.78966971  152.71287129]	[   0.81653747  158.        ]	[  0.50948509  94.        ]  	[  0.05336292  10.99535152]	38.0297	40 	5  	4.60188 
283	44.4839	[   0.78563291  151.57425743]	[   0.81653747  158.        ]	[   0.54881266  103.        ]	[  0.05494344  11.99781047]	38.7129	40 	27 	2.87818 
284	44.5686	[   0.78809256  152.3960396 ]	[   0.81653747  158.        ]	[  0.52574526  97.        ]  	[  0.05144321  10.55591356]	38.3366	40 	27 	3.95338 
285	44.8624	[   0.79398414  153.54455446]	[   0.81653747  158.        ]	[  0.5  90. ]                	[  0.05151562  11.043142  ]	38.4356	40 	27 	3.66254 
286	44.104 	[   0.79819829  154.22772277]	[   0.81653747  158.        ]	[   0.65142857  114.        ]	[ 0.0344818   7.75475732]  	37.3861	40 	27 	4.87664 
287	43.3285	[   0.80118424  154.77227723]	[   0.81653747  158.        ]	[   0.64229765  110.        ]	[ 0.03089544  7.34830914]  	36.4356	40 	22 	5.54802 
288	44.961 	[   0.78780025  152.08910891]	[   0.81653747  158.        ]	[   0.64130435  118.        ]	[ 0.04649038  9.97928449]  	37.703 	40 	23 	4.61497 
289	45.14  	[   0.79448422  153.93069307]	[   0.81653747  158.        ]	[   0.62533693  116.        ]	[ 0.03724711  7.24843093]  	39.0396	40 	27 	2.53264 
290	44.9945	[   0.79286826  153.34653465]	[   0.81653747  158.        ]	[   0.64379947  122.        ]	[ 0.03853952  7.95586295]  	39.1881	40 	27 	1.81693 
291	45.4151	[   0.79062206  152.95049505]	[   0.81653747  158.        ]	[   0.53333333  100.        ]	[ 0.04769196  9.84973864]  	39.4158	40 	27 	1.40907 
292	46.0973	[   0.79594171  153.78217822]	[   0.81653747  158.        ]	[  0.44848485  74.        ]  	[  0.04752715  10.64420445]	39.6139	40 	39 	0.486863
293	45.6468	[   0.78558172  151.66336634]	[   0.81653747  158.        ]	[   0.56901408  101.        ]	[  0.05273768  11.20314421]	39.3861	40 	31 	1.47568 
294	45.5717	[   0.78421363  151.41584158]	[   0.81653747  158.        ]	[ 0.  0.]                    	[  0.09400897  18.82607594]	39.1881	40 	1  	4.02889 
295	45.9772	[   0.78678575  152.20792079]	[   0.81653747  158.        ]	[   0.55497382  104.        ]	[  0.05392405  10.94207687]	39.5347	40 	34 	1.06766 
296	46.2703	[   0.79108306  152.7029703 ]	[   0.81653747  158.        ]	[  0.52741514  99.        ]  	[  0.0515153   10.81211692]	39.7426	40 	31 	0.950804
297	45.3032	[   0.79885087  154.47524752]	[   0.81653747  158.        ]	[   0.66137566  125.        ]	[ 0.03252064  6.7904914 ]  	39.5644	40 	31 	1.58218 
298	45.6769	[   0.79866165  154.53465347]	[   0.81653747  158.        ]	[   0.63687151  114.        ]	[ 0.03587214  7.84700783]  	39.495 	40 	31 	1.63273 
299	46.3723	[   0.78873981  152.18811881]	[   0.81653747  158.        ]	[  0.50434783  87.        ]  	[  0.05935937  13.03362967]	39.8713	40 	35 	0.556925