   	       	                                                                           fitness                                                                           	              size              
   	       	-------------------------------------------------------------------------------------------------------------------------------------------------------------	--------------------------------
gen	time   	avg                                  	max                                  	min                                  	std                                  	avg  	max	min	std     
0  	2.5777 	[ 0.53936085  0.55021925  0.5285611 ]	[ 0.65645806  0.67605634  0.66025641]	[ 0.47669774  0.49122807  0.46022727]	[ 0.0448839   0.04111498  0.04974252]	3.09 	9  	1  	2.16839 
1  	3.60889	[ 0.56937417  0.5764529   0.5626646 ]	[ 0.69107856  0.71875     0.66666667]	[ 0.45805593  0.46884273  0.44927536]	[ 0.05654153  0.05122054  0.06345769]	4.5  	12 	1  	2.82312 
2  	4.1926 	[ 0.59022636  0.59559078  0.58551199]	[ 0.69107856  0.71875     0.66666667]	[ 0.4620506   0.47593583  0.44827586]	[ 0.05836862  0.0556113   0.06332661]	5.72 	13 	1  	3.06294 
3  	4.77586	[ 0.61259654  0.61947646  0.60717005]	[ 0.7057257   0.73109244  0.68274112]	[ 0.47802929  0.49202128  0.464     ]	[ 0.05925412  0.05998718  0.06196337]	6.68 	15 	1  	3.33131 
4  	5.11846	[ 0.62039947  0.63007449  0.6119155 ]	[ 0.71770972  0.73109244  0.70509383]	[ 0.47270306  0.48663102  0.45888594]	[ 0.0610968   0.06192699  0.06259841]	7.18 	15 	1  	3.53378 
5  	5.79564	[ 0.63070573  0.64352939  0.61861531]	[ 0.71904128  0.74928775  0.70509383]	[ 0.  0.  0.]                        	[ 0.08744093  0.09032023  0.08592497]	8.12 	15 	2  	3.15049 
6  	5.5112 	[ 0.65573901  0.67067571  0.64194924]	[ 0.71904128  0.74928775  0.72254335]	[ 0.48601864  0.5         0.47445255]	[ 0.05475421  0.05865181  0.05276385]	7.6  	15 	2  	2.87054 
7  	6.34751	[ 0.65828229  0.67425127  0.64354379]	[ 0.72037284  0.74928775  0.72254335]	[ 0.47270306  0.48655914  0.4591029 ]	[ 0.05975081  0.06211892  0.05933348]	8.4  	16 	2  	3.1496  
8  	6.70233	[ 0.67609854  0.69034626  0.66295224]	[ 0.72037284  0.74928775  0.72254335]	[ 0.47536618  0.48895028  0.46272494]	[ 0.05594932  0.05814624  0.0555853 ]	8.85 	16 	4  	2.98789 
9  	7.09363	[ 0.67513981  0.68966723  0.66176266]	[ 0.72969374  0.7592068   0.72254335]	[ 0.49800266  0.51246537  0.48461538]	[ 0.05749785  0.06077482  0.0563735 ]	9.36 	18 	4  	3.17969 
10 	7.18736	[ 0.68368842  0.70106893  0.66753513]	[ 0.72969374  0.7592068   0.72254335]	[ 0.50332889  0.5184136   0.48994975]	[ 0.05528496  0.05951795  0.05297792]	9.22 	15 	4  	2.704   
11 	6.55879	[ 0.68844208  0.70739629  0.67089202]	[ 0.74434088  0.7592068   0.73569482]	[ 0.51797603  0.52912621  0.50442478]	[ 0.05162702  0.05649732  0.04889497]	9.81 	16 	4  	2.39038 
12 	6.02947	[ 0.69414115  0.71477371  0.67523885]	[ 0.74434088  0.7592068   0.73569482]	[ 0.50732357  0.52094241  0.49322493]	[ 0.04857742  0.05325822  0.04606743]	10.09	19 	4  	2.60805 
13 	6.77335	[ 0.68476698  0.70542456  0.66576435]	[ 0.74434088  0.76368876  0.73569482]	[ 0.47403462  0.48739496  0.46192893]	[ 0.06576214  0.07017961  0.06290096]	10.52	17 	4  	2.65134 
14 	7.154  	[ 0.68219707  0.69993439  0.66554163]	[ 0.74434088  0.7592068   0.73569482]	[ 0.49667111  0.51058201  0.48257373]	[ 0.06714461  0.0708935   0.06496467]	11.13	20 	4  	3.27003 
15 	7.65404	[ 0.68992011  0.70697845  0.67390812]	[ 0.74434088  0.7592068   0.73569482]	[ 0.49800266  0.51150895  0.48333333]	[ 0.06147348  0.06446576  0.05989307]	11.17	20 	3  	2.68349 
16 	8.45405	[ 0.69360852  0.70867523  0.67929342]	[ 0.74567244  0.7592068   0.73569482]	[ 0.49667111  0.5104712   0.48238482]	[ 0.06111735  0.06267218  0.06064525]	11.74	23 	4  	3.1737  
17 	9.39419	[ 0.6917976   0.70650544  0.67804439]	[ 0.74567244  0.75801749  0.73641304]	[ 0.51531292  0.52631579  0.5015015 ]	[ 0.06184006  0.06285716  0.06218049]	12.47	24 	4  	2.94773 
18 	9.77385	[ 0.69972037  0.71365406  0.68641458]	[ 0.74567244  0.76177285  0.73641304]	[ 0.47003995  0.48453608  0.45454545]	[ 0.05978576  0.06101746  0.0600815 ]	12.48	28 	4  	3.35106 
19 	9.91606	[ 0.70255659  0.71530765  0.69019821]	[ 0.74567244  0.76177285  0.73569482]	[ 0.49267643  0.50639386  0.47777778]	[ 0.05192181  0.05453693  0.05044246]	12.83	21 	5  	2.6308  
20 	9.81295	[ 0.70199734  0.71555811  0.68880312]	[ 0.74700399  0.76539589  0.73569482]	[ 0.50599201  0.51851852  0.49132948]	[ 0.06199428  0.06271927  0.0622606 ]	12.8 	23 	4  	2.92916 
21 	9.64391	[ 0.70391478  0.71652257  0.69165171]	[ 0.74700399  0.7630854   0.73569482]	[ 0.48468708  0.49868766  0.47027027]	[ 0.05234616  0.05373767  0.05187513]	12.76	21 	4  	2.82885 
22 	9.32933	[ 0.71050599  0.72216497  0.69909531]	[ 0.74700399  0.7630854   0.74022346]	[ 0.50199734  0.51621622  0.48818898]	[ 0.04624633  0.04700553  0.04658398]	12.59	22 	7  	3.00698 
23 	9.84051	[ 0.70161119  0.71459339  0.68904956]	[ 0.74833555  0.76454294  0.73913043]	[ 0.47403462  0.48806366  0.45989305]	[ 0.06356124  0.06420178  0.06371567]	12.98	22 	7  	3.06261 
24 	9.36378	[ 0.70256991  0.71494162  0.69045764]	[ 0.74966711  0.76470588  0.73913043]	[ 0.50865513  0.52367688  0.49489796]	[ 0.05639259  0.05707332  0.05653321]	12.68	26 	4  	3.67391 
25 	9.68784	[ 0.69685752  0.70875921  0.68532206]	[ 0.74966711  0.76470588  0.7398374 ]	[ 0.47669774  0.49019608  0.46446701]	[ 0.0607731   0.06107101  0.06124315]	13.4 	24 	3  	3.95727 
26 	11.2136	[ 0.7118775   0.72432346  0.69983002]	[ 0.74966711  0.76470588  0.7398374 ]	[ 0.49667111  0.50925926  0.47962382]	[ 0.05214296  0.05156397  0.05322137]	14.7 	25 	4  	4.13642 
27 	10.3926	[ 0.70109188  0.71212123  0.69004507]	[ 0.74966711  0.76470588  0.7398374 ]	[ 0.50865513  0.5227882   0.49470899]	[ 0.06088918  0.06094337  0.06127001]	14.22	22 	4  	4.16553 
28 	10.821 	[ 0.71499334  0.72639324  0.70377119]	[ 0.75233023  0.76470588  0.73994638]	[ 0.58588549  0.59640103  0.57458564]	[ 0.0405266   0.04139759  0.04054518]	13.78	28 	6  	3.35136 
29 	12.1769	[ 0.71198402  0.72469565  0.69948734]	[ 0.75233023  0.76902174  0.73994638]	[ 0.45805593  0.47214854  0.44385027]	[ 0.05972523  0.06002154  0.05986953]	14.56	28 	4  	3.68326 
30 	12.1047	[ 0.71063915  0.72332505  0.69815998]	[ 0.75366178  0.77260274  0.74324324]	[ 0.51930759  0.53213368  0.50552486]	[ 0.05437705  0.05593339  0.05353525]	14.8 	23 	5  	3.39411 
31 	12.2966	[ 0.71720373  0.73182956  0.70297703]	[ 0.7563249   0.77260274  0.74324324]	[ 0.52197071  0.53658537  0.5078534 ]	[ 0.05037788  0.05128261  0.04993257]	15.51	26 	4  	3.2726  
32 	12.8484	[ 0.71833555  0.73359639  0.70373925]	[ 0.7563249   0.77260274  0.74324324]	[ 0.52596538  0.53768844  0.51274788]	[ 0.04664691  0.04632556  0.04681088]	15.66	28 	4  	3.17874 
33 	13.2271	[ 0.70762983  0.72142342  0.69403374]	[ 0.75765646  0.77211796  0.744     ]	[ 0.49533955  0.50877193  0.48011364]	[ 0.05911345  0.06097012  0.05790682]	16.6 	28 	7  	3.33467 
34 	13.4094	[ 0.71596538  0.72989898  0.70227827]	[ 0.76031957  0.77688172  0.74406332]	[ 0.50466045  0.51785714  0.4902507 ]	[ 0.05531167  0.05645538  0.0548028 ]	16.29	28 	8  	3.07342 
35 	14.443 	[ 0.7055526   0.71890895  0.69239245]	[ 0.76031957  0.77688172  0.74406332]	[ 0.49533955  0.50980392  0.4822335 ]	[ 0.06865615  0.06931513  0.06824858]	16.49	28 	5  	3.56509 
36 	13.9916	[ 0.6981225   0.71132009  0.68518716]	[ 0.76031957  0.77688172  0.74406332]	[ 0.  0.  0.]                        	[ 0.09302498  0.09468366  0.09171133]	16.29	29 	6  	3.71024 
37 	14.7132	[ 0.70852197  0.72335286  0.69424258]	[ 0.76031957  0.77688172  0.74406332]	[ 0.49400799  0.50738916  0.47826087]	[ 0.06159589  0.06126053  0.06203526]	16.41	26 	7  	3.32294 
38 	14.1929	[ 0.71660453  0.73063015  0.70285908]	[ 0.76031957  0.77688172  0.74406332]	[ 0.50466045  0.51861702  0.49066667]	[ 0.05222561  0.05379608  0.0513786 ]	16.26	26 	4  	4.019   
39 	13.8409	[ 0.7163249   0.7301187   0.70289795]	[ 0.76031957  0.77837838  0.74796748]	[ 0.52463382  0.5334873   0.51257862]	[ 0.05101967  0.05227626  0.05049393]	17.1 	33 	4  	4.49555 
40 	13.489 	[ 0.72027963  0.73390829  0.706898  ]	[ 0.76165113  0.78021978  0.74796748]	[ 0.47936085  0.49363868  0.46368715]	[ 0.05704518  0.05779197  0.05678976]	17.41	28 	11 	3.44121 
41 	13.724 	[ 0.7165779   0.72889619  0.70431074]	[ 0.76165113  0.77897574  0.74731183]	[ 0.5286285   0.54571429  0.51371571]	[ 0.05132508  0.05189164  0.05102847]	17.43	33 	4  	3.93003 
42 	14.1247	[ 0.71262317  0.72549654  0.6998629 ]	[ 0.76165113  0.77897574  0.74731183]	[ 0.50466045  0.51871658  0.49071618]	[ 0.06223673  0.06399579  0.06123458]	17.01	32 	4  	4.52658 
43 	14.7074	[ 0.71207723  0.72673915  0.69779581]	[ 0.76165113  0.77897574  0.7486631 ]	[ 0.48601864  0.5         0.47025496]	[ 0.06501436  0.0657055   0.06465176]	17.39	32 	4  	4.45398 
44 	14.7048	[ 0.72416778  0.7376592   0.71074842]	[ 0.76165113  0.77897574  0.7486631 ]	[ 0.53262317  0.5436409   0.52      ]	[ 0.04921845  0.05111839  0.04792829]	17.69	32 	10 	3.8722  
45 	14.5146	[ 0.71824234  0.73212156  0.70453009]	[ 0.76165113  0.77897574  0.7486631 ]	[ 0.52330226  0.53763441  0.50923483]	[ 0.06079142  0.06225878  0.05970036]	17.92	32 	4  	3.90046 
46 	14.7757	[ 0.71725699  0.73070178  0.70391576]	[ 0.76830892  0.78191489  0.75466667]	[ 0.50332889  0.51724138  0.48930481]	[ 0.0647198   0.06640655  0.0634587 ]	17.91	25 	4  	3.86289 
47 	15.6648	[ 0.72372836  0.7374164   0.71029874]	[ 0.76830892  0.78191489  0.75466667]	[ 0.53129161  0.54594595  0.51706037]	[ 0.05313416  0.05475858  0.05212671]	18.07	25 	8  	3.44458 
48 	15.3559	[ 0.71516644  0.7284119   0.70200977]	[ 0.76830892  0.78191489  0.75466667]	[ 0.50066578  0.51421189  0.48626374]	[ 0.05927216  0.06083723  0.05835549]	17.66	35 	4  	4.03787 
49 	15.6142	[ 0.71877497  0.73325135  0.70466728]	[ 0.76964048  0.78861789  0.75466667]	[ 0.47270306  0.48626374  0.45994832]	[ 0.06432514  0.06552573  0.06344121]	17.18	27 	4  	3.69427 
50 	15.8032	[ 0.72552597  0.73975691  0.71151881]	[ 0.76964048  0.78861789  0.752     ]	[ 0.48601864  0.5         0.47229551]	[ 0.04936746  0.05065614  0.04861134]	16.92	27 	4  	3.27927 
51 	16.4614	[ 0.72407457  0.73876026  0.70964559]	[ 0.76964048  0.78861789  0.75466667]	[ 0.48468708  0.49878345  0.46764706]	[ 0.06180282  0.06408329  0.06016605]	16.85	30 	9  	2.91676 
52 	15.7024	[ 0.72621838  0.7409299   0.71171881]	[ 0.76964048  0.78861789  0.752     ]	[ 0.50066578  0.51421189  0.48626374]	[ 0.05695455  0.05916533  0.05532016]	16.63	26 	4  	3.11337 
53 	16.1357	[ 0.71564581  0.73096415  0.70062423]	[ 0.76964048  0.78861789  0.75466667]	[ 0.48601864  0.5         0.47272727]	[ 0.07466096  0.0762291   0.07358377]	16.6 	29 	4  	3.48138 
54 	16.6257	[ 0.71564581  0.73185072  0.69992657]	[ 0.7723036   0.78975741  0.75526316]	[ 0.47669774  0.49061662  0.46296296]	[ 0.07538203  0.07705057  0.07416445]	17.72	30 	4  	3.76319 
55 	16.7155	[ 0.71699068  0.73295988  0.70144254]	[ 0.7723036   0.78975741  0.75526316]	[ 0.47403462  0.488       0.46010638]	[ 0.06993973  0.07233983  0.06803592]	18.21	28 	13 	3.32354 
56 	17.9034	[ 0.71725699  0.73312339  0.70180618]	[ 0.7723036   0.78975741  0.75526316]	[ 0.  0.  0.]                        	[ 0.09708422  0.09986919  0.0946952 ]	18.79	31 	15 	3.46784 
57 	17.7007	[ 0.72945406  0.74645539  0.71315882]	[ 0.7723036   0.79132791  0.75526316]	[ 0.53661784  0.54822335  0.52380952]	[ 0.05858806  0.0608385   0.05698704]	18.61	26 	15 	3.12376 
58 	18.1056	[ 0.7222237   0.73821322  0.70676284]	[ 0.77496671  0.79889807  0.75526316]	[ 0.48868176  0.50273224  0.47532468]	[ 0.06860971  0.07024592  0.06725378]	19.4 	30 	7  	4.21663 
59 	17.581 	[ 0.73672437  0.75247096  0.72137726]	[ 0.77496671  0.79889807  0.75526316]	[ 0.52063915  0.53282828  0.50704225]	[ 0.04899629  0.05137816  0.04712478]	19.8 	35 	4  	4.76445 
60 	18.0358	[ 0.72821571  0.74406941  0.71289866]	[ 0.77762983  0.79889807  0.76052632]	[ 0.47403462  0.48760331  0.46134021]	[ 0.06958913  0.07218684  0.06748554]	19.96	33 	5  	4.51867 
61 	17.7071	[ 0.73492676  0.75194715  0.71849013]	[ 0.77762983  0.79889807  0.76052632]	[ 0.50865513  0.52394366  0.49494949]	[ 0.05901859  0.06131598  0.0572623 ]	19.67	29 	8  	3.6771  
62 	17.8213	[ 0.72856192  0.74607287  0.71181129]	[ 0.77762983  0.79889807  0.76052632]	[ 0.  0.  0.]                        	[ 0.09406481  0.09750033  0.09111478]	19.78	33 	15 	3.45711 
63 	18.1688	[ 0.73379494  0.75203961  0.71629263]	[ 0.77762983  0.79889807  0.76052632]	[ 0.  0.  0.]                        	[ 0.0921526   0.09577658  0.08905156]	19.55	28 	8  	2.93385 
64 	18.2004	[ 0.73641811  0.75482541  0.71881509]	[ 0.77762983  0.79889807  0.76052632]	[ 0.48202397  0.49597855  0.46825397]	[ 0.06235627  0.0665591   0.05894761]	20.26	33 	16 	3.43109 
65 	17.7656	[ 0.73516644  0.75446819  0.71679198]	[ 0.77762983  0.79889807  0.76052632]	[ 0.47936085  0.4933687   0.46524064]	[ 0.06938015  0.07279863  0.06670149]	19.35	26 	5  	3.27529 
66 	18.0419	[ 0.729747    0.7482058   0.71200526]	[ 0.77762983  0.8         0.76052632]	[ 0.50732357  0.52209945  0.49357326]	[ 0.07279639  0.07702664  0.06935666]	19.41	28 	16 	2.69108 
67 	18.411 	[ 0.73051931  0.74923267  0.71258603]	[ 0.77896138  0.8         0.76115486]	[ 0.49134487  0.50497512  0.4756447 ]	[ 0.07233088  0.07564421  0.06982571]	19.65	31 	4  	3.84545 
68 	17.9788	[ 0.74115846  0.76095672  0.72268391]	[ 0.77896138  0.79889807  0.76115486]	[ 0.46071904  0.47368421  0.44871795]	[ 0.06391642  0.0658636   0.06197376]	19.89	33 	11 	3.72262 
69 	18.2992	[ 0.73925433  0.75861579  0.72078732]	[ 0.77896138  0.79889807  0.76115486]	[ 0.48868176  0.50236967  0.47112462]	[ 0.06538434  0.06866648  0.06289834]	20.01	33 	16 	3.52561 
70 	18.2133	[ 0.73762983  0.75590784  0.72023609]	[ 0.77896138  0.79891304  0.76115486]	[ 0.49933422  0.51256281  0.48441926]	[ 0.06524713  0.06833455  0.0627499 ]	20.1 	31 	9  	3.78814 
71 	18.6155	[ 0.71609854  0.73468303  0.69833907]	[ 0.77896138  0.79891304  0.76190476]	[ 0.  0.  0.]                        	[ 0.10641694  0.10908853  0.10404426]	20.68	33 	4  	4.74948 
72 	17.9725	[ 0.72796272  0.7455883   0.71112654]	[ 0.77896138  0.79891304  0.76203209]	[ 0.48868176  0.50265957  0.47466667]	[ 0.07548266  0.07727606  0.07395621]	20.3 	33 	6  	4.42154 
73 	17.5378	[ 0.73315579  0.75003698  0.71672141]	[ 0.77896138  0.79891304  0.76266667]	[ 0.47669774  0.49061662  0.46296296]	[ 0.07016363  0.07257302  0.06840306]	20.14	30 	4  	4.63038 
74 	17.5721	[ 0.74595206  0.76414478  0.7284977 ]	[ 0.77896138  0.79891304  0.76266667]	[ 0.47936085  0.49350649  0.46448087]	[ 0.05202024  0.05345803  0.05117763]	20.59	30 	8  	4.20261 
75 	17.8132	[ 0.74049268  0.75736175  0.72414247]	[ 0.77896138  0.79891304  0.76115486]	[ 0.50332889  0.51653944  0.48882682]	[ 0.06431463  0.06702603  0.0622133 ]	19.85	28 	5  	3.9834  
76 	18.3887	[ 0.73926764  0.75596391  0.72311228]	[ 0.77896138  0.79891304  0.76203209]	[ 0.50199734  0.51630435  0.48825065]	[ 0.06377862  0.0663549   0.0618413 ]	20.2 	33 	4  	4.87852 
77 	19.5806	[ 0.72992011  0.74766383  0.71288068]	[ 0.77896138  0.79891304  0.76266667]	[ 0.50066578  0.5140665   0.48611111]	[ 0.07788238  0.07947896  0.07662064]	21.77	35 	4  	5.82556 
78 	20.0252	[ 0.73194407  0.74871529  0.7156748 ]	[ 0.77896138  0.79891304  0.76190476]	[ 0.45539281  0.47012987  0.43989071]	[ 0.07095909  0.07295976  0.0692777 ]	22.15	35 	4  	6.00562 
79 	20.0039	[ 0.72716378  0.74382524  0.71100475]	[ 0.77896138  0.79891304  0.76190476]	[ 0.45805593  0.47214854  0.44385027]	[ 0.07994284  0.08222547  0.07809272]	22.81	35 	4  	5.96606 
80 	20.1209	[ 0.73588549  0.75293735  0.71946721]	[ 0.77896138  0.80054645  0.76115486]	[ 0.46604527  0.47875354  0.45477387]	[ 0.06884538  0.07087658  0.06703722]	23.16	35 	11 	5.00943 
81 	19.7129	[ 0.73494008  0.75219976  0.7182831 ]	[ 0.77896138  0.79891304  0.76407507]	[ 0.47802929  0.49184783  0.46475196]	[ 0.07281609  0.07449779  0.07147966]	22.76	35 	16 	5.05593 
82 	19.504 	[ 0.73857523  0.75594105  0.72179958]	[ 0.77896138  0.79891304  0.76190476]	[ 0.48601864  0.5         0.47355164]	[ 0.06067056  0.06254476  0.0591542 ]	23.51	35 	4  	5.78705 
83 	19.7001	[ 0.74403462  0.76169196  0.72709318]	[ 0.77896138  0.79891304  0.76190476]	[ 0.50865513  0.52266667  0.49468085]	[ 0.05480711  0.05559819  0.05430348]	23.64	31 	5  	5.20869 
84 	20.1633	[ 0.73876165  0.75620047  0.7219378 ]	[ 0.77896138  0.8005618   0.76203209]	[ 0.50865513  0.52242744  0.49462366]	[ 0.06142097  0.06343797  0.05978729]	24.26	32 	5  	5.08649 
85 	21.0056	[ 0.74316911  0.75980534  0.72694367]	[ 0.77896138  0.79891304  0.76190476]	[ 0.53395473  0.53829787  0.52669039]	[ 0.05674383  0.06023934  0.05398613]	24.98	32 	16 	4.07917 
86 	20.5678	[ 0.73894807  0.75683307  0.72177668]	[ 0.77896138  0.79891304  0.76190476]	[ 0.4620506   0.47631579  0.44743935]	[ 0.06482277  0.06599139  0.06372971]	25.29	33 	16 	4.0995  
87 	20.2472	[ 0.73338216  0.75003856  0.7173424 ]	[ 0.7816245   0.80163043  0.76240209]	[ 0.50732357  0.51860465  0.49221184]	[ 0.06770703  0.06913726  0.06646066]	25.01	33 	16 	4.28134 
88 	19.8243	[ 0.73888149  0.75629416  0.72198364]	[ 0.7816245   0.80163043  0.76240209]	[ 0.4873502   0.50131234  0.47297297]	[ 0.07049024  0.07183192  0.06933255]	24.39	33 	4  	4.37697 
89 	19.5866	[ 0.74420772  0.76156438  0.72740317]	[ 0.7816245   0.80163043  0.76240209]	[ 0.46737683  0.48108108  0.45406824]	[ 0.05771178  0.05973835  0.05618027]	24.37	30 	4  	4.58619 
90 	20.9106	[ 0.7355526   0.75321986  0.71848463]	[ 0.7816245   0.80163043  0.76240209]	[ 0.50199734  0.51428571  0.48640483]	[ 0.07448802  0.07670404  0.07268999]	25.95	32 	17 	2.80847 
91 	20.1668	[ 0.7434221   0.76011219  0.72720406]	[ 0.78295606  0.80163043  0.76578947]	[ 0.50599201  0.52089136  0.49234694]	[ 0.06207822  0.06475267  0.05979223]	25.79	34 	17 	3.32053 
92 	20.6422	[ 0.74604527  0.76377687  0.72889153]	[ 0.78295606  0.80163043  0.76578947]	[ 0.53928096  0.55263158  0.52560647]	[ 0.05800615  0.06002551  0.05644857]	26.11	33 	16 	3.53524 
93 	20.7973	[ 0.73896138  0.75654947  0.72196497]	[ 0.78295606  0.80216802  0.76578947]	[ 0.46471372  0.47894737  0.45013477]	[ 0.06873804  0.07022826  0.06748928]	26.46	33 	17 	2.75107 
94 	20.5111	[ 0.74123835  0.75911746  0.72411005]	[ 0.78295606  0.80327869  0.76578947]	[ 0.47003995  0.48421053  0.45552561]	[ 0.05693841  0.05828069  0.05584166]	25.93	35 	4  	5.09952 
95 	22.1517	[ 0.73210386  0.74965416  0.71515487]	[ 0.78295606  0.80216802  0.76578947]	[ 0.49134487  0.50520833  0.47683924]	[ 0.07841931  0.08009381  0.07703995]	26.39	35 	11 	3.89075 
96 	21.769 	[ 0.72926764  0.74599376  0.71300373]	[ 0.78561917  0.80434783  0.76842105]	[ 0.50998668  0.52445652  0.49608355]	[ 0.07203713  0.0740781   0.07038558]	26.81	33 	11 	2.98562 
97 	21.643 	[ 0.74464714  0.76201499  0.72794671]	[ 0.78561917  0.8032345   0.76842105]	[ 0.51797603  0.52898551  0.50445104]	[ 0.05458538  0.05627649  0.05340447]	25.94	33 	4  	4.35849 
98 	22.0692	[ 0.74904128  0.7669973   0.73173381]	[ 0.78561917  0.80653951  0.76842105]	[ 0.49933422  0.51269036  0.48459384]	[ 0.05686655  0.05848867  0.05564256]	25.65	32 	15 	3.66436 
99 	21.547 	[ 0.75027963  0.76792229  0.73332201]	[ 0.78561917  0.80653951  0.76842105]	[ 0.49667111  0.51036269  0.48219178]	[ 0.05930186  0.06020641  0.05843642]	25.4 	31 	4  	4.00999 
100	21.6688	[ 0.73944075  0.75738702  0.72212913]	[ 0.78561917  0.80653951  0.76842105]	[ 0.49267643  0.50724638  0.48029557]	[ 0.07549895  0.07763131  0.07366421]	24.88	32 	6  	3.98818 
101	21.8648	[ 0.72612517  0.743139    0.70966009]	[ 0.78561917  0.80653951  0.76842105]	[ 0.50066578  0.51474531  0.48677249]	[ 0.08110289  0.08394458  0.07873535]	24.68	34 	4  	4.49862 
102	22.3916	[ 0.73073236  0.74815736  0.71398165]	[ 0.78561917  0.80769231  0.76842105]	[ 0.47802929  0.49206349  0.46380697]	[ 0.08135821  0.08338146  0.07971588]	25.08	35 	4  	4.60365 
103	22.1419	[ 0.72945406  0.74708185  0.71245713]	[ 0.78561917  0.80769231  0.76842105]	[ 0.49267643  0.50708215  0.4798995 ]	[ 0.07575134  0.07838584  0.0737119 ]	25.5 	35 	6  	4.34396 
104	21.9894	[ 0.73671105  0.75423608  0.71987035]	[ 0.78561917  0.80653951  0.76842105]	[ 0.52596538  0.5390625   0.51226158]	[ 0.0643981   0.06713944  0.06211003]	25.2 	31 	5  	3.89615 
105	21.7356	[ 0.7357257   0.75370065  0.71849336]	[ 0.78561917  0.80653951  0.76842105]	[ 0.50998668  0.52419355  0.49604222]	[ 0.07216564  0.07527309  0.06969564]	24.33	34 	10 	4.54325 
106	22.1644	[ 0.74376831  0.76249784  0.72584937]	[ 0.79094541  0.80862534  0.77368421]	[ 0.48202397  0.49608355  0.4673913 ]	[ 0.06148518  0.06366118  0.05970196]	24.3 	35 	9  	4.89183 
107	22.1847	[ 0.73633822  0.7544101   0.71894994]	[ 0.79360852  0.81132075  0.77631579]	[ 0.49267643  0.50696379  0.47959184]	[ 0.07694803  0.07946889  0.07487292]	24.86	33 	10 	4.46323 
108	21.6802	[ 0.74258322  0.76180019  0.72435108]	[ 0.79360852  0.81132075  0.77631579]	[ 0.49800266  0.51168831  0.48360656]	[ 0.06937171  0.07156441  0.06773432]	24.49	32 	8  	4.77597 
109	22.3986	[ 0.74552597  0.76344289  0.72829007]	[ 0.79360852  0.81132075  0.77631579]	[ 0.49001332  0.50393701  0.47567568]	[ 0.06093006  0.06304067  0.05925908]	25.72	35 	4  	4.63698 
110	22.5267	[ 0.74299601  0.7610499   0.72572864]	[ 0.79360852  0.81132075  0.77631579]	[ 0.51398136  0.52693208  0.5       ]	[ 0.06560771  0.06796134  0.06349736]	25.87	34 	14 	4.61444 
111	23.1936	[ 0.75792277  0.77667156  0.73998875]	[ 0.79360852  0.81132075  0.77631579]	[ 0.50466045  0.52023121  0.49135802]	[ 0.04940636  0.05002439  0.0487416 ]	26.37	34 	8  	5.40121 
112	24.4018	[ 0.75864181  0.77658882  0.7414329 ]	[ 0.79360852  0.81132075  0.77631579]	[ 0.52197071  0.53638814  0.50789474]	[ 0.04899794  0.05197909  0.04647616]	27.88	34 	4  	4.98855 
113	25.596 	[ 0.74399467  0.76213749  0.72654475]	[ 0.79360852  0.81132075  0.77631579]	[ 0.49933422  0.51262626  0.48450704]	[ 0.07003858  0.07190825  0.06858   ]	28.42	35 	8  	4.96423 
114	25.6492	[ 0.74075899  0.75869867  0.72351396]	[ 0.79360852  0.81132075  0.77631579]	[ 0.48601864  0.5         0.47244094]	[ 0.06481684  0.06709515  0.06292146]	28.67	35 	4  	5.12065 
115	25.3225	[ 0.74680426  0.76661245  0.72800705]	[ 0.79360852  0.81132075  0.77631579]	[ 0.45406125  0.46590909  0.44360902]	[ 0.06659557  0.06811486  0.06535865]	28.48	35 	8  	4.92033 
116	26.9049	[ 0.74482024  0.76322509  0.72719653]	[ 0.79360852  0.81132075  0.77631579]	[ 0.50199734  0.51754386  0.48899756]	[ 0.06946127  0.0717666   0.06746765]	29.54	35 	17 	3.73743 
117	26.5607	[ 0.75227696  0.77074966  0.73449878]	[ 0.79360852  0.81132075  0.77631579]	[ 0.51797603  0.53370787  0.50379747]	[ 0.06510676  0.0680212   0.06272682]	29.82	35 	17 	4.15302 
118	26.7764	[ 0.7481225   0.76685419  0.73027597]	[ 0.79360852  0.81132075  0.77631579]	[ 0.51531292  0.52777778  0.50140845]	[ 0.06408951  0.06491242  0.06324728]	29.95	35 	8  	3.80887 
119	27.2855	[ 0.73790945  0.75607287  0.7205111 ]	[ 0.79360852  0.81132075  0.77631579]	[ 0.50732357  0.52150538  0.49340369]	[ 0.07864156  0.08152374  0.07632554]	30.12	35 	17 	3.07011 
120	27.2007	[ 0.74616511  0.76437112  0.72866234]	[ 0.79360852  0.81132075  0.77631579]	[ 0.49134487  0.50537634  0.47757256]	[ 0.07048676  0.07260441  0.06871375]	30.13	35 	10 	3.9285  
121	27.0475	[ 0.75114514  0.76905032  0.73390549]	[ 0.79360852  0.81132075  0.77631579]	[ 0.49533955  0.50928382  0.48128342]	[ 0.06415951  0.06587451  0.06271799]	29.75	35 	4  	4.48414 
122	27.0977	[ 0.75740346  0.77552424  0.73981255]	[ 0.79360852  0.81132075  0.77631579]	[ 0.50865513  0.5202864   0.4939759 ]	[ 0.06566638  0.06727493  0.06446629]	30   	35 	11 	4.09145 
123	27.4842	[ 0.73801598  0.75632517  0.72078589]	[ 0.79360852  0.8115942   0.77777778]	[ 0.4873502   0.50140056  0.47461929]	[ 0.08292717  0.08395347  0.08184479]	30.78	35 	17 	3.19556 
124	27.6664	[ 0.74058589  0.75900675  0.72294383]	[ 0.79360852  0.81132075  0.77777778]	[ 0.50066578  0.51498638  0.48697917]	[ 0.07265022  0.07414235  0.07142484]	30.76	35 	15 	3.97271 
125	26.656 	[ 0.75101198  0.76898277  0.73384156]	[ 0.79360852  0.81132075  0.77777778]	[ 0.54061252  0.55942029  0.52463054]	[ 0.06071948  0.06279908  0.05900268]	30.33	35 	13 	4.37734 
126	26.898 	[ 0.74691079  0.76513911  0.72934958]	[ 0.79360852  0.81132075  0.77631579]	[ 0.48069241  0.49456522  0.46736292]	[ 0.07150014  0.0732635   0.0700568 ]	30.38	35 	7  	4.12742 
127	27.2479	[ 0.74515313  0.76300169  0.72796354]	[ 0.79360852  0.81132075  0.77631579]	[ 0.48601864  0.5         0.47244094]	[ 0.06951061  0.07218977  0.06726205]	30.52	35 	4  	4.11699 
128	25.9937	[ 0.75467377  0.77201691  0.73784054]	[ 0.79360852  0.81132075  0.77631579]	[ 0.49134487  0.50568182  0.47869674]	[ 0.06505396  0.06752104  0.06282765]	29.23	35 	6  	4.73889 
129	26.7315	[ 0.74105193  0.75791857  0.72469612]	[ 0.79360852  0.81132075  0.77631579]	[ 0.52463382  0.53791469  0.51010101]	[ 0.07268342  0.07589684  0.07000432]	29.46	35 	4  	4.41003 
130	26.6105	[ 0.7382024   0.75568835  0.72138944]	[ 0.79360852  0.81132075  0.77631579]	[ 0.48335553  0.49734043  0.46933333]	[ 0.07877668  0.08129443  0.07666477]	29.39	34 	4  	4.53408 
131	26.2378	[ 0.73860186  0.75522633  0.72249337]	[ 0.79360852  0.81132075  0.77631579]	[ 0.51531292  0.52791878  0.50140056]	[ 0.07046941  0.07270459  0.06866065]	29.45	35 	17 	3.88941 
132	26.0757	[ 0.74302264  0.76057503  0.72601113]	[ 0.79360852  0.81132075  0.77631579]	[ 0.46338216  0.47708895  0.45      ]	[ 0.07451313  0.07694238  0.07253651]	28.81	33 	9  	4.76171 
133	27.0769	[ 0.74407457  0.76220611  0.72678705]	[ 0.79360852  0.81132075  0.77631579]	[ 0.50732357  0.52150538  0.49340369]	[ 0.07013557  0.07218648  0.06835557]	29.52	35 	8  	4.35771 
134	26.8997	[ 0.74260985  0.7609001   0.72505723]	[ 0.79360852  0.81284916  0.77631579]	[ 0.51398136  0.52830189  0.5       ]	[ 0.07112252  0.07312179  0.06941114]	29.03	34 	6  	5.07041 
135	27.4734	[ 0.74601864  0.76371942  0.7289481 ]	[ 0.79360852  0.81284916  0.77631579]	[ 0.49667111  0.51052632  0.48247978]	[ 0.0687181   0.07114376  0.06677368]	29.66	34 	17 	3.65847 
136	27.0855	[ 0.74109188  0.75908745  0.72382159]	[ 0.79360852  0.81284916  0.77631579]	[ 0.  0.  0.]                        	[ 0.10059377  0.10386191  0.09774745]	29.31	34 	4  	4.7174  
137	27.047 	[ 0.74601864  0.76432914  0.728464  ]	[ 0.79360852  0.81284916  0.77631579]	[ 0.50199734  0.51639344  0.48831169]	[ 0.07133414  0.07285521  0.06984504]	29.77	33 	17 	3.13323 
138	27.5446	[ 0.73821571  0.75644902  0.72086295]	[ 0.79360852  0.81132075  0.77631579]	[ 0.50865513  0.52019002  0.49393939]	[ 0.07096517  0.07253092  0.06957917]	29.44	35 	17 	3.47367 
139	27.1164	[ 0.74378162  0.76163213  0.72666865]	[ 0.79360852  0.81132075  0.77631579]	[ 0.48601864  0.5         0.47184987]	[ 0.07136757  0.07312647  0.06983149]	29.55	35 	4  	4.1842  
140	26.9059	[ 0.74748336  0.76558993  0.73011099]	[ 0.79360852  0.81132075  0.77631579]	[ 0.5126498   0.52890173  0.49876543]	[ 0.06407922  0.06623442  0.06222614]	29.48	35 	7  	4.0286  
141	27.3377	[ 0.74840213  0.7666899   0.73088916]	[ 0.79360852  0.81132075  0.77631579]	[ 0.50732357  0.52061856  0.49311295]	[ 0.07299862  0.0741697   0.07187198]	29.57	35 	4  	4.15754 
142	27.2423	[ 0.74287617  0.75987471  0.72642127]	[ 0.79360852  0.81132075  0.77631579]	[ 0.49134487  0.50552486  0.4781491 ]	[ 0.07698305  0.07854516  0.07553005]	30.34	35 	17 	2.72844 
143	27.0828	[ 0.73420772  0.75159697  0.71735236]	[ 0.79360852  0.81132075  0.77631579]	[ 0.47802929  0.49193548  0.46437995]	[ 0.08910499  0.09128471  0.0873482 ]	30.11	33 	17 	2.77451 
144	27.097 	[ 0.74623169  0.76400449  0.72914655]	[ 0.79360852  0.81132075  0.77631579]	[ 0.51398136  0.52644836  0.5       ]	[ 0.06908263  0.07152428  0.06726866]	30.22	35 	17 	2.86908 
145	26.5198	[ 0.74328895  0.76131424  0.72606302]	[ 0.79360852  0.81132075  0.77631579]	[ 0.49533955  0.50953678  0.48177083]	[ 0.07942836  0.0817033   0.07768929]	29.57	34 	7  	4.3434  
146	26.7882	[ 0.74688415  0.76462625  0.72971677]	[ 0.79360852  0.81132075  0.77631579]	[ 0.49001332  0.50404313  0.47631579]	[ 0.07520323  0.07666365  0.07398469]	30.46	33 	16 	1.89958 
147	26.7543	[ 0.75744341  0.77441062  0.74101303]	[ 0.79360852  0.81132075  0.77631579]	[ 0.50998668  0.52472527  0.49612403]	[ 0.05630136  0.05820476  0.05462158]	30.26	33 	17 	2.36905 
148	26.6944	[ 0.74398136  0.7616799   0.72688503]	[ 0.79360852  0.81132075  0.77631579]	[ 0.  0.  0.]                        	[ 0.09975206  0.10250264  0.09727776]	30.16	35 	17 	2.65224 
149	27.2576	[ 0.75011984  0.76785961  0.73292708]	[ 0.79360852  0.81132075  0.77631579]	[ 0.50998668  0.52419355  0.49604222]	[ 0.07128058  0.07327949  0.06959416]	30.21	35 	20 	2.18309 
150	26.7582	[ 0.75577896  0.77333141  0.73872776]	[ 0.79360852  0.81132075  0.77631579]	[ 0.46870839  0.48275862  0.45454545]	[ 0.06164152  0.06393531  0.05985522]	29.12	35 	11 	3.925   
151	27.4865	[ 0.75211718  0.77034528  0.7345224 ]	[ 0.79360852  0.81318681  0.77631579]	[ 0.52330226  0.53196347  0.51118211]	[ 0.06218353  0.06358596  0.0610853 ]	29.69	35 	13 	3.41378 
152	27.1827	[ 0.75283622  0.77027762  0.73601103]	[ 0.79360852  0.81318681  0.77631579]	[ 0.54727031  0.56052632  0.53369272]	[ 0.05838385  0.06088427  0.05638316]	29.53	35 	16 	3.3629  
153	27.0137	[ 0.74466045  0.76280728  0.72726364]	[ 0.79360852  0.81318681  0.77631579]	[ 0.51531292  0.52879581  0.50135501]	[ 0.06987295  0.07143762  0.06854699]	29.55	35 	16 	3.95063 
154	28.3   	[ 0.74086551  0.75888393  0.72378457]	[ 0.79360852  0.8121547   0.77631579]	[ 0.49400799  0.5078125   0.47956403]	[ 0.07228383  0.07450679  0.07056629]	29.62	35 	17 	3.88531 
155	27.2236	[ 0.7475233   0.76531059  0.7303899 ]	[ 0.79360852  0.81132075  0.77631579]	[ 0.50865513  0.5216285   0.49441341]	[ 0.06381008  0.06651082  0.06157141]	30.27	35 	17 	3.55768 
156	26.7442	[ 0.75374168  0.77145623  0.73669918]	[ 0.79360852  0.81388889  0.77631579]	[ 0.47403462  0.48767123  0.4611399 ]	[ 0.0586511   0.06189312  0.0559768 ]	29.58	35 	12 	3.95267 
157	25.9946	[ 0.75287617  0.77121623  0.73523229]	[ 0.79360852  0.81388889  0.77631579]	[ 0.52596538  0.5375      0.51282051]	[ 0.06304223  0.06487011  0.06156607]	29.35	35 	8  	4.4975  
158	26.491 	[ 0.74962716  0.7681957   0.73196468]	[ 0.79360852  0.81388889  0.77631579]	[ 0.47536618  0.48863636  0.46365915]	[ 0.07463818  0.07634632  0.07307863]	29.33	35 	10 	4.39102 
159	27.3716	[ 0.74917443  0.76848303  0.73086065]	[ 0.79360852  0.81388889  0.77631579]	[ 0.51797603  0.53092784  0.50413223]	[ 0.06596379  0.06737372  0.06483417]	30.37	35 	17 	2.65577 
160	26.739 	[ 0.76039947  0.77925748  0.74241704]	[ 0.79360852  0.81388889  0.77631579]	[ 0.56857523  0.57524272  0.56047198]	[ 0.04581404  0.04786404  0.04434568]	30.47	35 	17 	3.24794 
161	26.8175	[ 0.74693742  0.7659762   0.72891679]	[ 0.79360852  0.81388889  0.77631579]	[ 0.51930759  0.53369272  0.50526316]	[ 0.06322065  0.06379106  0.06272063]	30.36	35 	17 	2.65902 
162	26.6397	[ 0.75138482  0.76931562  0.73410991]	[ 0.79360852  0.81388889  0.77631579]	[ 0.51797603  0.53125     0.50408719]	[ 0.0641364   0.06638973  0.06228905]	29.59	33 	17 	4.09657 
163	26.4296	[ 0.74438083  0.76247162  0.7271008 ]	[ 0.79360852  0.81388889  0.77631579]	[ 0.50066578  0.51428571  0.4863388 ]	[ 0.07267732  0.07445804  0.07125554]	29.43	33 	17 	4.43904 
164	26.3053	[ 0.7486285   0.76669592  0.73129428]	[ 0.79360852  0.81337047  0.77631579]	[ 0.50865513  0.52291105  0.49473684]	[ 0.06247365  0.06468387  0.06076236]	30.13	35 	4  	4.58837 
165	27.201 	[ 0.7469241   0.76471977  0.72972016]	[ 0.79360852  0.81132075  0.77631579]	[ 0.50332889  0.5163728   0.48870056]	[ 0.06817     0.07002038  0.0667673 ]	30.78	35 	7  	3.46289 
166	27.2526	[ 0.75997337  0.77799193  0.74261719]	[ 0.79360852  0.81132075  0.77631579]	[ 0.53928096  0.55376344  0.52506596]	[ 0.05230722  0.05412686  0.05081461]	30.78	34 	17 	2.704   
167	26.7242	[ 0.75039947  0.76819451  0.73317863]	[ 0.79360852  0.81132075  0.77631579]	[ 0.51531292  0.5258216   0.50153846]	[ 0.06962542  0.07184106  0.06801603]	30.03	35 	12 	4.06806 
168	27.1765	[ 0.74488682  0.7624205   0.72808196]	[ 0.79360852  0.81132075  0.77631579]	[ 0.48335553  0.49722222  0.47058824]	[ 0.07328895  0.07546689  0.0714571 ]	30.21	35 	17 	3.32955 
169	27.7607	[ 0.74796272  0.7654919   0.73108274]	[ 0.79360852  0.81132075  0.77631579]	[ 0.49800266  0.51351351  0.48564593]	[ 0.07307186  0.07488453  0.07134254]	30.35	34 	11 	3.57876 
170	27.1779	[ 0.74750999  0.7651457   0.73050375]	[ 0.79360852  0.81132075  0.77631579]	[ 0.49933422  0.51282051  0.48476454]	[ 0.07211804  0.07373068  0.0707214 ]	30.43	35 	17 	3.17255 
171	27.0031	[ 0.75507324  0.77208911  0.73860148]	[ 0.79360852  0.81132075  0.77631579]	[ 0.49001332  0.50408719  0.4765625 ]	[ 0.06964031  0.07226686  0.06753418]	30.19	34 	8  	4.00923 
172	26.7487	[ 0.73889481  0.75545013  0.72298844]	[ 0.79360852  0.81132075  0.77631579]	[ 0.  0.  0.]                        	[ 0.10051156  0.10374454  0.09750898]	30.59	34 	17 	3.02356 
173	26.7944	[ 0.75836218  0.77645909  0.7409218 ]	[ 0.79360852  0.81132075  0.77631579]	[ 0.51131824  0.52691218  0.49748744]	[ 0.05698709  0.05839814  0.05582601]	30.86	34 	17 	3.16234 
174	26.6319	[ 0.74968043  0.76819492  0.7319196 ]	[ 0.79360852  0.81132075  0.77631579]	[ 0.48468708  0.49863014  0.47150259]	[ 0.06837923  0.07008991  0.06691315]	30.75	35 	4  	4.27873 
175	26.6955	[ 0.74870839  0.76701243  0.73118825]	[ 0.79360852  0.81132075  0.77631579]	[ 0.50466045  0.51758794  0.49008499]	[ 0.06867511  0.07071161  0.06702732]	31.01	35 	4  	3.94334 
176	26.115 	[ 0.75989348  0.7780047   0.74243708]	[ 0.79360852  0.81132075  0.77631579]	[ 0.50466045  0.51767677  0.49014085]	[ 0.05440286  0.0565915   0.05280117]	30.87	35 	11 	3.83316 
177	26.3257	[ 0.74804261  0.76577414  0.73089855]	[ 0.79360852  0.81132075  0.77631579]	[ 0.52197071  0.53825858  0.50728155]	[ 0.06796702  0.06991299  0.06628813]	31.09	34 	4  	4.03012 
178	26.6703	[ 0.76        0.77772791  0.74281517]	[ 0.79360852  0.81132075  0.77631579]	[ 0.52996005  0.54545455  0.51546392]	[ 0.05811884  0.06026216  0.05632896]	31.45	35 	19 	2.88574 
179	26.5826	[ 0.74700399  0.76468048  0.72994237]	[ 0.79360852  0.81132075  0.77631579]	[ 0.49134487  0.50537634  0.47757256]	[ 0.07426847  0.07560313  0.07310457]	30.32	35 	10 	4.7663  
180	27.0068	[ 0.74468708  0.76291936  0.72742348]	[ 0.79360852  0.81132075  0.77631579]	[ 0.4873502   0.50131234  0.47297297]	[ 0.07268297  0.07322917  0.0718852 ]	31.08	34 	9  	4.44225 
181	27.2087	[ 0.74404794  0.76123232  0.72734471]	[ 0.79360852  0.81132075  0.77631579]	[ 0.47802929  0.49189189  0.46456693]	[ 0.07953149  0.08141884  0.07790044]	31.83	34 	17 	2.93957 
182	26.7757	[ 0.74683089  0.76306513  0.73117687]	[ 0.79360852  0.81132075  0.77631579]	[ 0.52463382  0.53444181  0.51041667]	[ 0.06891495  0.0724324   0.06595929]	31.3 	35 	10 	4.34396 
183	26.829 	[ 0.75029294  0.7675918   0.73349109]	[ 0.79360852  0.81132075  0.77631579]	[ 0.47003995  0.48421053  0.45552561]	[ 0.06750026  0.06920506  0.06603402]	31.67	35 	8  	3.97003 
184	26.0921	[ 0.75845539  0.77627479  0.74124243]	[ 0.79360852  0.81132075  0.77631579]	[ 0.55925433  0.5638051   0.553125  ]	[ 0.05527297  0.05753593  0.0534809 ]	31.08	34 	8  	4.54242 
185	27.0013	[ 0.74078562  0.75873061  0.72356615]	[ 0.79360852  0.81132075  0.77631579]	[ 0.47802929  0.49166667  0.46547315]	[ 0.08025927  0.08191106  0.07857533]	31.53	35 	17 	3.79857 
186	26.1367	[ 0.75283622  0.77051047  0.73573788]	[ 0.79360852  0.81132075  0.77631579]	[ 0.51398136  0.52592593  0.5       ]	[ 0.06240669  0.06429053  0.06088043]	31.06	34 	4  	4.98562 
187	26.5637	[ 0.74368842  0.76066273  0.72715846]	[ 0.79360852  0.81132075  0.77631579]	[ 0.48468708  0.4985755   0.4725    ]	[ 0.07959765  0.0816647   0.07777492]	31.57	34 	8  	4.25971 
188	27.4368	[ 0.75055925  0.76785676  0.73380097]	[ 0.79360852  0.81132075  0.77631579]	[ 0.46071904  0.4738292   0.44845361]	[ 0.07723657  0.07954586  0.07518763]	31.97	35 	20 	2.86864 
189	26.344 	[ 0.75035952  0.7674648   0.73373593]	[ 0.79360852  0.81132075  0.77631579]	[ 0.48335553  0.49717514  0.47103275]	[ 0.06746716  0.06958953  0.06577752]	31.73	35 	8  	4.21866 
190	26.2701	[ 0.74459387  0.76192761  0.72779181]	[ 0.79360852  0.81132075  0.77631579]	[ 0.  0.  0.]                        	[ 0.10159424  0.10402826  0.09945847]	31.78	34 	4  	4.46896 
191	26.4769	[ 0.75796272  0.77580641  0.74082718]	[ 0.79360852  0.81132075  0.77631579]	[ 0.52596538  0.54166667  0.51150895]	[ 0.06196706  0.06284678  0.0610752 ]	31.85	34 	11 	3.40404 
192	26.5409	[ 0.7491478   0.76731228  0.73181011]	[ 0.79360852  0.81132075  0.77631579]	[ 0.48335553  0.49757282  0.4660767 ]	[ 0.07102483  0.07155727  0.07035571]	31.51	35 	8  	4.77806 
193	26.2794	[ 0.73695073  0.75435301  0.72024171]	[ 0.79360852  0.81132075  0.77631579]	[ 0.  0.  0.]                        	[ 0.1035838   0.10588561  0.10130712]	31.6 	35 	4  	4.01746 
194	26.6614	[ 0.75117177  0.76768855  0.73527066]	[ 0.79360852  0.81132075  0.77631579]	[ 0.52729694  0.54177898  0.51315789]	[ 0.06463768  0.06822992  0.06134433]	31.72	34 	5  	3.75787 
195	26.4407	[ 0.73912117  0.75665502  0.72229999]	[ 0.79360852  0.81132075  0.77631579]	[ 0.  0.  0.]                        	[ 0.10166821  0.10386585  0.09957036]	31.79	34 	4  	4.41428 
196	25.9295	[ 0.74861518  0.76573105  0.73207527]	[ 0.79360852  0.81132075  0.77631579]	[ 0.48601864  0.5         0.47244094]	[ 0.06669425  0.06922058  0.06456871]	31.29	35 	5  	4.62016 
197	26.8223	[ 0.73838881  0.75553084  0.72177335]	[ 0.79360852  0.81132075  0.77631579]	[ 0.48601864  0.5         0.47244094]	[ 0.07358239  0.07606429  0.07164172]	31.76	35 	17 	2.76449 
198	26.802 	[ 0.74559254  0.7633841   0.72827557]	[ 0.79360852  0.81132075  0.77631579]	[ 0.46338216  0.47708895  0.45      ]	[ 0.08073828  0.08268272  0.07936941]	31.95	35 	17 	2.23774 
199	27.1305	[ 0.73889481  0.75642749  0.72202364]	[ 0.79360852  0.81284916  0.77631579]	[ 0.  0.  0.]                        	[ 0.10445868  0.10783655  0.10147139]	31.86	35 	5  	3.37645 
200	27.1369	[ 0.74878828  0.76683597  0.73154083]	[ 0.79360852  0.81284916  0.77631579]	[ 0.52596538  0.53768844  0.51274788]	[ 0.06668094  0.06879651  0.06488328]	31.96	35 	17 	2.66428 
201	26.8888	[ 0.74809587  0.76543502  0.73138132]	[ 0.79360852  0.81132075  0.77631579]	[ 0.50332889  0.51679587  0.48901099]	[ 0.0664375   0.06788759  0.06516664]	32.03	35 	8  	2.77292 
202	26.9212	[ 0.74344874  0.7606451   0.72703394]	[ 0.79360852  0.81132075  0.77631579]	[ 0.4873502   0.50140056  0.47461929]	[ 0.07701657  0.07923211  0.07503282]	32.03	35 	8  	3.65911 
203	25.7369	[ 0.73126498  0.74794881  0.71506901]	[ 0.79360852  0.81132075  0.77631579]	[ 0.  0.  0.]                        	[ 0.1071803   0.10958456  0.10498366]	31.41	35 	4  	5.07365 
204	25.3546	[ 0.75122503  0.76831619  0.73466071]	[ 0.79360852  0.81132075  0.77631579]	[ 0.50732357  0.52234637  0.49363868]	[ 0.06555514  0.06777782  0.06351338]	31.35	35 	10 	4.16263 
205	25.3874	[ 0.7577763   0.77625318  0.74001204]	[ 0.79360852  0.81132075  0.77631579]	[ 0.46071904  0.47425474  0.44764398]	[ 0.05386875  0.05474112  0.0531134 ]	31.45	35 	4  	3.87911 
206	25.4999	[ 0.75832224  0.77626094  0.74097371]	[ 0.79360852  0.81132075  0.77631579]	[ 0.49267643  0.50642674  0.47790055]	[ 0.06379497  0.06557685  0.0624881 ]	31.49	35 	8  	3.62352 
207	26.7572	[ 0.75287617  0.7694672   0.73669879]	[ 0.79360852  0.81132075  0.77631579]	[ 0.4713715   0.486618    0.45294118]	[ 0.06946116  0.07211583  0.06744896]	31.92	34 	8  	2.5872  
208	26.7243	[ 0.74303595  0.75997956  0.7265728 ]	[ 0.79360852  0.81132075  0.77631579]	[ 0.50332889  0.51895044  0.49019608]	[ 0.07322261  0.07550909  0.07121459]	31.51	35 	17 	3.11607 
209	26.3866	[ 0.75382157  0.77179146  0.73650486]	[ 0.79360852  0.81132075  0.77631579]	[ 0.50199734  0.51530612  0.48746518]	[ 0.06222645  0.06362806  0.06105902]	31.31	35 	4  	4.11994 
210	27.0167	[ 0.75254328  0.7699618   0.73561283]	[ 0.79360852  0.81132075  0.77631579]	[ 0.52463382  0.53908356  0.51052632]	[ 0.06221831  0.06410283  0.06072583]	31.6 	35 	8  	4.01746 
211	26.6232	[ 0.75071904  0.76873396  0.73332224]	[ 0.79360852  0.81132075  0.77777778]	[ 0.52197071  0.53719008  0.50773196]	[ 0.06473188  0.06732785  0.06257447]	31.86	35 	2  	3.80794 
212	26.3434	[ 0.75488682  0.77316358  0.73726799]	[ 0.79360852  0.81132075  0.77777778]	[ 0.52729694  0.5394402   0.51396648]	[ 0.06154151  0.06330925  0.06014383]	32.03	35 	17 	2.74756 
213	26.5178	[ 0.75869507  0.77732662  0.74081656]	[ 0.79360852  0.81132075  0.77777778]	[ 0.49667111  0.51069519  0.48275862]	[ 0.0651211   0.06557328  0.06461079]	32.44	35 	4  	3.0735  
214	26.2272	[ 0.75866844  0.77597581  0.74191402]	[ 0.79360852  0.81132075  0.77777778]	[ 0.49134487  0.50581395  0.47911548]	[ 0.06369194  0.06595679  0.06169108]	31.91	35 	7  	4.32226 
215	25.7828	[ 0.75828229  0.77532834  0.74174288]	[ 0.79360852  0.81132075  0.77777778]	[ 0.53395473  0.54812834  0.5198939 ]	[ 0.06039711  0.06235321  0.05864376]	32.25	35 	17 	4.54615 
216	25.6637	[ 0.74523302  0.76337597  0.72782024]	[ 0.79360852  0.81132075  0.77631579]	[ 0.48468708  0.49861496  0.47179487]	[ 0.07458152  0.07615504  0.07335996]	32.02	35 	4  	5.41106 
217	26.3024	[ 0.74131824  0.75915476  0.72422656]	[ 0.79360852  0.81132075  0.77631579]	[ 0.49400799  0.50828729  0.48071979]	[ 0.07993981  0.08226674  0.07788546]	32.5 	35 	17 	3.83014 
218	26.2063	[ 0.74438083  0.76290443  0.72667509]	[ 0.79360852  0.81132075  0.77631579]	[ 0.50599201  0.52136752  0.4925    ]	[ 0.07402754  0.07515371  0.07302369]	32.43	35 	10 	4.05772 
219	25.9443	[ 0.74881491  0.76629292  0.7319066 ]	[ 0.79360852  0.81132075  0.77631579]	[ 0.51664447  0.52882206  0.50284091]	[ 0.071726    0.07380054  0.07004067]	32.15	35 	8  	4.62682 
220	25.3588	[ 0.75462051  0.77246259  0.73741388]	[ 0.79360852  0.81132075  0.77631579]	[ 0.49533955  0.50909091  0.48087432]	[ 0.06844184  0.06943811  0.06751693]	31.72	35 	8  	4.8971  
221	25.8235	[ 0.75840213  0.77655045  0.74091612]	[ 0.79360852  0.81132075  0.77631579]	[ 0.49933422  0.51201923  0.48358209]	[ 0.06533143  0.06685249  0.06425236]	32   	35 	8  	4.60652 
222	25.8952	[ 0.75246338  0.76936606  0.73611047]	[ 0.79360852  0.81132075  0.77631579]	[ 0.47403462  0.48767123  0.4611399 ]	[ 0.06932866  0.07204163  0.06696667]	32.09	35 	4  	4.95196 
223	26.1474	[ 0.74754993  0.76489079  0.73078957]	[ 0.79360852  0.81132075  0.77631579]	[ 0.52729694  0.54025974  0.5136612 ]	[ 0.06911647  0.07110537  0.06746572]	32.36	35 	4  	3.75904 
224	25.0212	[ 0.7459787   0.76287804  0.72951621]	[ 0.79360852  0.81132075  0.77631579]	[ 0.50998668  0.52417303  0.49627792]	[ 0.07341893  0.07532545  0.07175543]	31.35	35 	7  	5.63272 
225	25.5677	[ 0.74829561  0.76583811  0.73141164]	[ 0.79360852  0.81132075  0.77631579]	[ 0.52596538  0.53947368  0.51212938]	[ 0.06672539  0.0680092   0.06552158]	32.11	35 	8  	4.53188 
226	25.7546	[ 0.75094541  0.76864382  0.73389644]	[ 0.79360852  0.81132075  0.77631579]	[ 0.52596538  0.54143646  0.51156812]	[ 0.06889829  0.07016326  0.06762899]	32.58	35 	9  	3.50194 
227	26.2029	[ 0.73780293  0.75601909  0.72048401]	[ 0.79360852  0.81132075  0.77631579]	[ 0.  0.  0.]                        	[ 0.10829981  0.1106874   0.10629602]	31.55	35 	4  	4.86081 
228	26.1769	[ 0.74613848  0.76390504  0.72900777]	[ 0.79360852  0.81132075  0.77631579]	[ 0.4873502   0.50137741  0.4742268 ]	[ 0.07683063  0.07821568  0.0755369 ]	32   	35 	10 	3.71484 
229	26.0254	[ 0.73892144  0.75603978  0.72234903]	[ 0.79360852  0.81132075  0.77631579]	[ 0.45406125  0.46629213  0.44303797]	[ 0.08532144  0.08771354  0.08321407]	32.18	35 	17 	2.75456 
230	25.6834	[ 0.74513981  0.76243945  0.72837876]	[ 0.79360852  0.81132075  0.77631579]	[ 0.49933422  0.5127551   0.48467967]	[ 0.07073719  0.07261844  0.0692161 ]	31.77	35 	4  	4.13728 
231	25.8384	[ 0.73573901  0.75342003  0.71870373]	[ 0.79360852  0.81132075  0.77631579]	[ 0.48202397  0.49570201  0.47014925]	[ 0.08663837  0.08858123  0.08503137]	32.12	35 	4  	3.58128 
232	25.2504	[ 0.74339547  0.76114401  0.72619206]	[ 0.79360852  0.81132075  0.77631579]	[ 0.50732357  0.52072539  0.49315068]	[ 0.07412397  0.07620289  0.07244961]	31.53	35 	4  	4.54853 
233	25.894 	[ 0.74996005  0.76756186  0.73299822]	[ 0.79360852  0.81132075  0.77631579]	[ 0.47936085  0.49315068  0.46632124]	[ 0.07676142  0.07866995  0.0752025 ]	32.01	35 	17 	3.33615 
234	26.0193	[ 0.75355526  0.77152491  0.73620407]	[ 0.79360852  0.81132075  0.77631579]	[ 0.49800266  0.51212938  0.48421053]	[ 0.07111384  0.07280978  0.06976613]	31.84	35 	6  	4.20171 
235	26.0122	[ 0.75185087  0.76979595  0.73453728]	[ 0.79360852  0.81132075  0.77631579]	[ 0.49267643  0.50611247  0.47660819]	[ 0.06917095  0.07101092  0.06785333]	31.89	35 	17 	3.9671  
236	25.1345	[ 0.75428762  0.77217629  0.73707865]	[ 0.79360852  0.81132075  0.77631579]	[ 0.50732357  0.52116402  0.49329759]	[ 0.06502952  0.06700663  0.06346219]	31.75	35 	4  	5.90656 
237	25.5304	[ 0.7434221   0.76077636  0.72665958]	[ 0.79360852  0.81132075  0.77631579]	[ 0.47802929  0.49230769  0.46260388]	[ 0.07819742  0.08012039  0.07651847]	32.32	35 	15 	3.66027 
238	26.0014	[ 0.73893475  0.75728717  0.72137479]	[ 0.79360852  0.81132075  0.77631579]	[ 0.50865513  0.52380952  0.49492386]	[ 0.08046331  0.08125369  0.07950188]	32.66	35 	8  	3.55308 
239	25.4872	[ 0.75499334  0.77348704  0.73718602]	[ 0.79360852  0.81132075  0.77631579]	[ 0.50066578  0.5140665   0.48611111]	[ 0.06561406  0.0669437   0.06455576]	32.76	35 	4  	4.28047 
240	25.4769	[ 0.75491345  0.77329678  0.73734091]	[ 0.79360852  0.81132075  0.77631579]	[ 0.49001332  0.50385604  0.47513812]	[ 0.06806484  0.06917256  0.06712652]	32.97	35 	14 	3.67003 
241	25.1474	[ 0.75676431  0.77493131  0.73919702]	[ 0.79360852  0.81132075  0.77631579]	[ 0.49001332  0.50397878  0.47593583]	[ 0.06523738  0.06640961  0.06430356]	32.78	35 	4  	5.0251  
242	26.3199	[ 0.75218375  0.76956431  0.73553061]	[ 0.79360852  0.81132075  0.77631579]	[ 0.49933422  0.51461988  0.48655257]	[ 0.0709289   0.07314469  0.06886112]	33.62	35 	23 	1.31742 
243	25.7438	[ 0.75731025  0.77482286  0.74026329]	[ 0.79360852  0.81132075  0.77631579]	[ 0.47536618  0.48958333  0.46049046]	[ 0.06459267  0.06631024  0.06325193]	33.24	35 	17 	2.59276 
244	25.5063	[ 0.75488682  0.77190299  0.73829399]	[ 0.79360852  0.81132075  0.77631579]	[ 0.47403462  0.48773842  0.4609375 ]	[ 0.07266713  0.07430393  0.07136402]	33.13	35 	4  	4.17769 
245	25.6241	[ 0.75023968  0.76729182  0.73365028]	[ 0.79360852  0.81132075  0.77631579]	[ 0.52729694  0.54111406  0.51336898]	[ 0.06633331  0.06804798  0.0648697 ]	33.5 	35 	9  	3.00832 
246	25.7403	[ 0.74798935  0.76627713  0.73064314]	[ 0.79360852  0.81132075  0.77631579]	[ 0.48868176  0.50273224  0.47532468]	[ 0.07334543  0.07506021  0.07207565]	33.19	35 	8  	3.94891 
247	26.0237	[ 0.7555526   0.7734384   0.73830371]	[ 0.79360852  0.81132075  0.77631579]	[ 0.49800266  0.5112782   0.48295455]	[ 0.06308583  0.06528156  0.06131303]	33.15	35 	6  	4.06786 
248	25.4982	[ 0.76430093  0.7830503   0.74636441]	[ 0.79360852  0.81132075  0.77631579]	[ 0.49800266  0.51246537  0.48461538]	[ 0.05201996  0.05176509  0.05201594]	32.48	35 	4  	6.18786 
249	26.1637	[ 0.76170439  0.77969963  0.7443319 ]	[ 0.79360852  0.81132075  0.77631579]	[ 0.51531292  0.52873563  0.50131234]	[ 0.05841061  0.05986116  0.05725676]	33.87	35 	4  	3.04518 
250	25.5707	[ 0.75394141  0.77142571  0.73714696]	[ 0.79360852  0.81132075  0.77631579]	[ 0.5379494   0.54936709  0.5252809 ]	[ 0.06497547  0.06701049  0.06320547]	33.34	35 	4  	4.27603 
251	25.4425	[ 0.74509987  0.76237061  0.72835809]	[ 0.79360852  0.81132075  0.77631579]	[ 0.49001332  0.50395778  0.47580645]	[ 0.07980049  0.08224648  0.07780628]	32.44	35 	10 	5.14455 
252	25.3779	[ 0.75322237  0.77073253  0.73629283]	[ 0.79360852  0.81132075  0.77631579]	[ 0.49667111  0.51092896  0.48311688]	[ 0.0663386   0.06758566  0.06551414]	33.04	35 	9  	4.21644 
253	25.5061	[ 0.75177097  0.76867957  0.73536045]	[ 0.79360852  0.81132075  0.77631579]	[ 0.50199734  0.515625    0.48773842]	[ 0.07187014  0.07440358  0.0697324 ]	33.11	35 	9  	4.08141 
254	26.1104	[ 0.75912117  0.7768181   0.74202285]	[ 0.79360852  0.81132075  0.77631579]	[ 0.50199734  0.51775148  0.48910412]	[ 0.06294862  0.06407046  0.0617994 ]	34.04	35 	23 	1.28779 
255	25.137 	[ 0.75523302  0.77353504  0.73775359]	[ 0.79360852  0.81132075  0.77631579]	[ 0.49667111  0.51010101  0.48169014]	[ 0.06789075  0.06862747  0.06735196]	32.67	35 	4  	5.02007 
256	25.7403	[ 0.75733688  0.77570264  0.73976724]	[ 0.79360852  0.81132075  0.77631579]	[ 0.49800266  0.51206434  0.48412698]	[ 0.06682832  0.068062    0.06588495]	33.66	35 	17 	2.97731 
257	25.8474	[ 0.75049268  0.76708552  0.7344213 ]	[ 0.79360852  0.81132075  0.77631579]	[ 0.49533955  0.50933333  0.48138298]	[ 0.0684016   0.07101501  0.06622419]	33.55	35 	10 	3.11247 
258	24.7369	[ 0.74882823  0.76581142  0.73237033]	[ 0.79360852  0.81132075  0.77631579]	[ 0.51930759  0.53196931  0.50534759]	[ 0.07160505  0.0740571   0.06950756]	32.07	35 	4  	6.03698 
259	25.0595	[ 0.76577896  0.78414291  0.74824981]	[ 0.79494008  0.81182796  0.77836412]	[ 0.52197071  0.53366584  0.50857143]	[ 0.0508507   0.05077433  0.05075289]	33.11	35 	8  	3.95448 
260	25.492 	[ 0.75463382  0.7714406   0.73827589]	[ 0.79494008  0.81182796  0.77836412]	[ 0.45938748  0.47354497  0.44504021]	[ 0.06541755  0.06759     0.06361562]	33.36	35 	17 	3.14172 
261	25.4663	[ 0.75098535  0.76788094  0.73457036]	[ 0.79494008  0.81182796  0.77836412]	[ 0.48601864  0.5         0.47107438]	[ 0.06991567  0.07206651  0.06826799]	32.33	35 	8  	5.78629 
262	25.7233	[ 0.75889481  0.77595414  0.74238004]	[ 0.79494008  0.81182796  0.77836412]	[ 0.50865513  0.52291105  0.49473684]	[ 0.06441968  0.06718844  0.06213599]	33.31	35 	10 	3.50056 
263	25.6434	[ 0.75214381  0.76992466  0.73490829]	[ 0.79494008  0.81182796  0.77836412]	[ 0.51797603  0.52912621  0.50442478]	[ 0.0713238   0.07305513  0.06993216]	32.81	35 	9  	4.83879 
264	25.5517	[ 0.73954727  0.75650154  0.72302542]	[ 0.79494008  0.81182796  0.77836412]	[ 0.  0.  0.]                        	[ 0.10842169  0.11095946  0.10617373]	32.49	35 	4  	6.16035 
265	25.7945	[ 0.75241012  0.77004936  0.73548205]	[ 0.79494008  0.81182796  0.77836412]	[ 0.49533955  0.50980392  0.4822335 ]	[ 0.08046727  0.08105901  0.07950366]	33.16	35 	6  	4.19933 
266	25.6687	[ 0.75930759  0.77590748  0.74309923]	[ 0.79494008  0.81182796  0.77836412]	[ 0.52197071  0.53580902  0.50802139]	[ 0.06405392  0.06649773  0.06206542]	33.62	35 	6  	2.90441 
267	25.6346	[ 0.74852197  0.76629867  0.73151387]	[ 0.79494008  0.81182796  0.77836412]	[ 0.50199734  0.51538462  0.48753463]	[ 0.07154396  0.07283888  0.07057424]	32.76	35 	4  	5.40762 
268	26.4296	[ 0.76109188  0.77839741  0.7442872 ]	[ 0.79494008  0.81182796  0.77836412]	[ 0.51398136  0.53043478  0.5       ]	[ 0.06072756  0.0626403   0.05917515]	33.4 	35 	17 	2.85307 
269	25.5135	[ 0.76198402  0.77871873  0.74567341]	[ 0.79494008  0.81182796  0.77836412]	[ 0.54860186  0.5613577   0.53532609]	[ 0.05905767  0.06130787  0.05723668]	32.94	35 	8  	4.61697 
270	25.8926	[ 0.75054594  0.76718729  0.73454336]	[ 0.79494008  0.81182796  0.77836412]	[ 0.50066578  0.51474531  0.48677249]	[ 0.07190369  0.07435268  0.06985725]	33.38	35 	7  	3.26429 
271	25.9206	[ 0.7576032   0.77514622  0.74080685]	[ 0.79494008  0.81182796  0.77836412]	[ 0.50998668  0.525       0.49616368]	[ 0.06335667  0.06390692  0.06285174]	33.35	35 	8  	3.21053 
272	26.4839	[ 0.75592543  0.77378779  0.73876773]	[ 0.79494008  0.81182796  0.77836412]	[ 0.49134487  0.50526316  0.47708895]	[ 0.06439332  0.06491939  0.06390357]	33.53	35 	17 	2.50781 
273	25.8679	[ 0.74061252  0.75752918  0.7241448 ]	[ 0.79494008  0.81182796  0.77836412]	[ 0.48335553  0.49728261  0.46997389]	[ 0.08618133  0.08849812  0.08444825]	33.21	35 	10 	3.66414 
274	26.167 	[ 0.75531292  0.77221602  0.73884506]	[ 0.79494008  0.81182796  0.77836412]	[ 0.51131824  0.5260274   0.49740933]	[ 0.07016871  0.07210547  0.06867422]	33.36	35 	8  	3.81974 
275	26.1911	[ 0.7547004   0.77207316  0.73785183]	[ 0.79494008  0.81182796  0.77836412]	[ 0.49533955  0.51008646  0.48267327]	[ 0.07483156  0.0759422   0.07395642]	33.83	35 	10 	2.40855 
276	26.2656	[ 0.75603196  0.7731383   0.73945024]	[ 0.79494008  0.81182796  0.77836412]	[ 0.51930759  0.53180662  0.50558659]	[ 0.06447232  0.06582767  0.06337009]	33.72	35 	17 	2.40033 
277	25.646 	[ 0.75688415  0.77410845  0.74015126]	[ 0.79494008  0.81182796  0.77836412]	[ 0.50199734  0.51612903  0.48812665]	[ 0.07363772  0.07492376  0.07258436]	33.07	35 	8  	4.62873 
278	25.9999	[ 0.75701731  0.77438547  0.74037572]	[ 0.79494008  0.81182796  0.77836412]	[ 0.50599201  0.51851852  0.49132948]	[ 0.06766764  0.06803268  0.0669466 ]	33.49	35 	8  	3.22954 
279	25.6217	[ 0.76744341  0.78462426  0.75076794]	[ 0.79494008  0.81182796  0.77836412]	[ 0.56857523  0.58854167  0.54939759]	[ 0.05177017  0.05270598  0.05093098]	33.17	35 	5  	4.27564 
280	25.5946	[ 0.75758988  0.7737812   0.7418088 ]	[ 0.79494008  0.81182796  0.77836412]	[ 0.50332889  0.51733333  0.4893617 ]	[ 0.06701121  0.06997979  0.06442561]	32.93	35 	8  	4.95026 
281	26.2416	[ 0.74866844  0.76553155  0.73228157]	[ 0.79494008  0.81182796  0.77836412]	[ 0.49667111  0.51117318  0.48346056]	[ 0.07796186  0.07973207  0.076609  ]	33.59	35 	8  	3.118   
282	25.6887	[ 0.75620506  0.7745651   0.73888685]	[ 0.79494008  0.81182796  0.77836412]	[ 0.50332889  0.51830986  0.48989899]	[ 0.06203205  0.0622611   0.06157713]	32.89	35 	4  	5.1998  
283	25.9476	[ 0.76276964  0.78018718  0.74587085]	[ 0.79494008  0.81182796  0.77836412]	[ 0.50332889  0.51771117  0.48958333]	[ 0.05261886  0.05325583  0.05207119]	32.91	35 	9  	4.48797 
284	25.5601	[ 0.76673768  0.78444967  0.74958876]	[ 0.79494008  0.81182796  0.77836412]	[ 0.49134487  0.50512821  0.47645429]	[ 0.05368916  0.05442011  0.05306078]	33.14	35 	8  	3.93451 
285	26.414 	[ 0.75616511  0.7736032   0.7392683 ]	[ 0.79494008  0.81182796  0.77836412]	[ 0.51797603  0.53061224  0.50417827]	[ 0.05807586  0.0592147   0.05719192]	33.57	35 	8  	3.10887 
286	26.291 	[ 0.75458056  0.77189718  0.73780211]	[ 0.79494008  0.81182796  0.77836412]	[ 0.47669774  0.49051491  0.46335079]	[ 0.06889952  0.07075221  0.06725937]	33.59	35 	7  	2.97353 
287	26.7648	[ 0.76557923  0.78349948  0.74826503]	[ 0.79494008  0.81284916  0.77836412]	[ 0.50998668  0.52472527  0.49612403]	[ 0.05382801  0.05431113  0.05336672]	34.11	35 	34 	0.31289 
288	25.5353	[ 0.76065246  0.778015    0.74386193]	[ 0.79494008  0.81284916  0.77836412]	[ 0.54593875  0.56164384  0.53108808]	[ 0.05331036  0.05446712  0.05241241]	33.01	35 	4  	4.90815 
289	26.5826	[ 0.75411451  0.77109546  0.73772297]	[ 0.79494008  0.81182796  0.77836412]	[ 0.  0.  0.]                        	[ 0.09718352  0.09914537  0.09527954]	33.93	35 	22 	1.21865 
290	26.6378	[ 0.76314248  0.7805796   0.74624129]	[ 0.79494008  0.81182796  0.77836412]	[ 0.51398136  0.52713178  0.5       ]	[ 0.0564707   0.05776866  0.05551967]	34.04	35 	34 	0.195959
291	26.1987	[ 0.75705726  0.77371589  0.74087606]	[ 0.79494008  0.81182796  0.77836412]	[ 0.4873502   0.50133333  0.47340426]	[ 0.06961778  0.07218589  0.06735925]	33.43	35 	8  	3.40663 
292	26.5437	[ 0.74684421  0.76395718  0.73033632]	[ 0.79494008  0.81182796  0.77836412]	[ 0.49533955  0.50980392  0.4822335 ]	[ 0.07652376  0.07855144  0.07485773]	33.67	35 	17 	2.00527 
293	26.0343	[ 0.75375499  0.77063036  0.73728683]	[ 0.79494008  0.81182796  0.77836412]	[ 0.  0.  0.]                        	[ 0.09710614  0.09968382  0.09473142]	33.34	35 	8  	3.40065 
294	26.5651	[ 0.76315579  0.78010016  0.74664229]	[ 0.79494008  0.81182796  0.77836412]	[ 0.5126498   0.52688172  0.49868074]	[ 0.06278875  0.0646321   0.06118374]	33.53	35 	23 	1.7914  
295	26.5638	[ 0.74454061  0.76114896  0.72833449]	[ 0.79494008  0.81182796  0.77836412]	[ 0.49134487  0.50497512  0.4756447 ]	[ 0.08271287  0.08483023  0.08107798]	33.3 	35 	6  	3.42199 
296	26.221 	[ 0.75374168  0.76969359  0.7381542 ]	[ 0.79494008  0.81182796  0.77836412]	[ 0.  0.  0.]                        	[ 0.09513342  0.09806527  0.09257832]	33.48	35 	17 	2.48789 
297	25.4675	[ 0.74997337  0.76675775  0.73366948]	[ 0.79494008  0.81182796  0.77836412]	[ 0.  0.  0.]                        	[ 0.10044623  0.10283036  0.09824789]	32.68	35 	4  	4.99175 
298	26.0417	[ 0.76338216  0.78030551  0.74692462]	[ 0.79494008  0.81182796  0.77836412]	[ 0.50865513  0.52463768  0.49507389]	[ 0.06187648  0.06309254  0.06079362]	33.5 	35 	18 	2.2561  
299	26.578 	[ 0.74620506  0.76255751  0.7302859 ]	[ 0.79494008  0.81182796  0.77836412]	[ 0.48601864  0.5         0.47314578]	[ 0.07615324  0.07852361  0.0740736 ]	33.96	35 	28 	0.615142
300	25.3269	[ 0.75520639  0.77270853  0.73837543]	[ 0.79494008  0.81182796  0.77836412]	[ 0.48202397  0.496       0.46808511]	[ 0.06573952  0.0672652   0.06433819]	32.68	35 	4  	5.73215 
301	25.3745	[ 0.74826897  0.76478661  0.73208544]	[ 0.79494008  0.81300813  0.77836412]	[ 0.  0.  0.]                        	[ 0.10540362  0.1081192   0.10302879]	32.85	35 	4  	4.78409 
302	25.887 	[ 0.76147803  0.77836894  0.74499581]	[ 0.79494008  0.81182796  0.77836412]	[ 0.49001332  0.50374065  0.47428571]	[ 0.06338514  0.06509883  0.06214982]	33.21	35 	4  	4.24569 
303	25.6382	[ 0.76195739  0.779187    0.74527764]	[ 0.79494008  0.81182796  0.77836412]	[ 0.51131824  0.52493438  0.4972973 ]	[ 0.05923318  0.0593501   0.05881692]	32.94	35 	5  	5.06126 
304	25.7766	[ 0.76221039  0.77869281  0.7461329 ]	[ 0.79494008  0.81182796  0.77836412]	[ 0.53262317  0.54847645  0.51794872]	[ 0.05883864  0.06115977  0.05685158]	33.26	35 	8  	3.81738 
305	26.7625	[ 0.75131824  0.76855889  0.73457422]	[ 0.79494008  0.81182796  0.77836412]	[ 0.49400799  0.50815217  0.48041775]	[ 0.07449471  0.07596371  0.07333955]	33.65	35 	4  	3.04426 
306	26.7453	[ 0.74359521  0.76069936  0.72708284]	[ 0.79494008  0.81182796  0.77836412]	[ 0.50466045  0.51715686  0.48979592]	[ 0.07817171  0.07917526  0.07710833]	33.14	35 	4  	4.21905 
307	27.1601	[ 0.7518775   0.76910408  0.73528259]	[ 0.79494008  0.81182796  0.77836412]	[ 0.54993342  0.56451613  0.53510896]	[ 0.06423666  0.06543987  0.06320282]	33.85	35 	17 	1.69926 
308	25.4115	[ 0.7644474   0.78197041  0.74745704]	[ 0.79494008  0.81351351  0.77836412]	[ 0.5126498  0.5273224  0.4987013]   	[ 0.0568915   0.05721575  0.05655075]	33.03	35 	6  	4.73171 
309	25.8774	[ 0.75949401  0.77680454  0.74262812]	[ 0.79494008  0.81351351  0.77836412]	[ 0.48601864  0.5         0.46708464]	[ 0.06540831  0.06685332  0.06436699]	33.35	35 	8  	3.58434 
310	26.2618	[ 0.76298269  0.78056602  0.7459045 ]	[ 0.79494008  0.81351351  0.77984085]	[ 0.50998668  0.5252809   0.49620253]	[ 0.06203174  0.0632929   0.06102618]	33.77	35 	8  	2.60329 
311	25.9651	[ 0.75600533  0.7741182   0.7385274 ]	[ 0.79494008  0.81351351  0.77836412]	[ 0.53528628  0.54590571  0.52298851]	[ 0.06341323  0.06431683  0.06279233]	33.33	35 	8  	3.7096  
312	26.0239	[ 0.74866844  0.76625598  0.73167514]	[ 0.79494008  0.81351351  0.77836412]	[ 0.51664447  0.52971576  0.50274725]	[ 0.06970483  0.07152136  0.06819833]	33.45	35 	8  	3.64794 
313	26.4438	[ 0.75986684  0.77835353  0.74209795]	[ 0.79494008  0.81351351  0.77836412]	[ 0.50066578  0.51399491  0.48603352]	[ 0.06164271  0.0625763   0.06104306]	33.33	35 	17 	2.99685 
314	26.3774	[ 0.75322237  0.77099028  0.73615409]	[ 0.79494008  0.81351351  0.77836412]	[ 0.51664447  0.52527473  0.50337838]	[ 0.06679062  0.06939875  0.06472863]	33.21	34 	8  	3.64773 
315	25.8491	[ 0.75528628  0.77286501  0.73843429]	[ 0.79494008  0.81351351  0.77836412]	[ 0.50332889  0.51780822  0.48963731]	[ 0.06507207  0.06705145  0.06357728]	32.89	35 	4  	4.85571 
316	26.2655	[ 0.7573502   0.77403792  0.74113486]	[ 0.79494008  0.81351351  0.77836412]	[ 0.5539281   0.56623377  0.54098361]	[ 0.05500087  0.05863582  0.05180505]	33.49	35 	9  	2.93426 
317	25.8115	[ 0.76259654  0.78162389  0.74448211]	[ 0.79494008  0.81351351  0.77836412]	[ 0.52729694  0.54317549  0.5127551 ]	[ 0.05646003  0.05707778  0.05598515]	32.89	35 	8  	4.67738 
318	25.9071	[ 0.75525965  0.77349928  0.73769668]	[ 0.79494008  0.81351351  0.77836412]	[ 0.49400799  0.50857143  0.48129676]	[ 0.07068202  0.07177314  0.069615  ]	32.85	34 	4  	5.24857 
319	26.2765	[ 0.770253    0.78852522  0.75258495]	[ 0.79494008  0.81351351  0.77690289]	[ 0.49800266  0.51181102  0.48378378]	[ 0.04766547  0.04909953  0.04653542]	33.72	35 	17 	2.01037 
320	25.9364	[ 0.75143808  0.76887597  0.7345132 ]	[ 0.79494008  0.81351351  0.77690289]	[ 0.50066578  0.51458886  0.48663102]	[ 0.07165515  0.0745723   0.06923424]	33.53	35 	8  	3.37477 
321	25.7047	[ 0.75669774  0.77394639  0.73992939]	[ 0.79494008  0.81351351  0.77690289]	[ 0.  0.  0.]                        	[ 0.09473603  0.09706664  0.09256002]	33.33	35 	9  	3.46426 
322	26.1369	[ 0.75001332  0.76827513  0.7323502 ]	[ 0.79494008  0.81351351  0.77690289]	[ 0.49400799  0.50663717  0.47491639]	[ 0.07969496  0.08112652  0.07859483]	33.05	35 	9  	3.89711 
323	25.5749	[ 0.75165113  0.76950934  0.7344948 ]	[ 0.79494008  0.81351351  0.77690289]	[ 0.  0.  0.]                        	[ 0.0947217   0.09746957  0.09212451]	32.98	35 	4  	4.52102 
324	26.1157	[ 0.75173103  0.76952373  0.73466414]	[ 0.79494008  0.81351351  0.77690289]	[ 0.48202397  0.49606299  0.46756757]	[ 0.07567476  0.07826185  0.07339262]	33.67	35 	17 	2.20025 
325	26.3278	[ 0.75499334  0.77245203  0.73809767]	[ 0.79494008  0.81351351  0.77690289]	[ 0.51531292  0.52925532  0.50133333]	[ 0.06894308  0.07141873  0.06691153]	33.71	35 	8  	2.65441 
326	25.8571	[ 0.75973369  0.77781272  0.74225087]	[ 0.79494008  0.81351351  0.77690289]	[ 0.46338216  0.47658402  0.45103093]	[ 0.06134981  0.06301528  0.05993907]	32.87	35 	8  	4.11255 
327	25.7594	[ 0.74283622  0.76036897  0.72582076]	[ 0.79494008  0.81351351  0.77690289]	[ 0.  0.  0.]                        	[ 0.1253712   0.12865273  0.12240433]	33.35	35 	8  	3.40698 
328	26.4538	[ 0.76241012  0.77970506  0.74554621]	[ 0.79494008  0.81351351  0.77690289]	[ 0.55925433  0.56594724  0.5508982 ]	[ 0.05878621  0.06189082  0.05614601]	33.98	35 	30 	0.423792
329	25.8836	[ 0.75782956  0.77550011  0.74073016]	[ 0.79494008  0.81351351  0.77836412]	[ 0.49533955  0.51044776  0.48317308]	[ 0.07333383  0.0750877   0.07169688]	33.47	35 	4  	3.48269 
330	26.3668	[ 0.75363515  0.77157908  0.73625687]	[ 0.79494008  0.81351351  0.77836412]	[ 0.51930759  0.5331565   0.50534759]	[ 0.06970804  0.07109046  0.06856781]	33.65	34 	21 	1.99687 
331	25.8659	[ 0.75231691  0.76969479  0.73543025]	[ 0.79494008  0.81351351  0.77836412]	[ 0.  0.  0.]                        	[ 0.09514771  0.09772578  0.09275486]	32.88	34 	9  	4.23386 
332	25.4359	[ 0.75472703  0.77294565  0.73710761]	[ 0.79494008  0.81351351  0.77690289]	[ 0.46737683  0.47916667  0.45783133]	[ 0.06943459  0.07150626  0.06783318]	32.93	35 	8  	4.47941 
333	26.4958	[ 0.74348868  0.76102408  0.72658762]	[ 0.79494008  0.81351351  0.77690289]	[ 0.48335553  0.49717514  0.47103275]	[ 0.07947817  0.08145884  0.07761616]	33.62	35 	8  	2.88368 
334	26.2997	[ 0.75447403  0.77193882  0.73750043]	[ 0.79494008  0.81351351  0.77690289]	[ 0.5126498   0.52645503  0.49865952]	[ 0.06588397  0.06833821  0.06393015]	33.88	35 	21 	1.29831 
335	25.8486	[ 0.75010652  0.76822697  0.73268202]	[ 0.79494008  0.81351351  0.77690289]	[ 0.48069241  0.49435028  0.46851385]	[ 0.07581397  0.07733382  0.07437283]	33.3 	35 	8  	3.37491 
336	25.5843	[ 0.75865513  0.77610443  0.74171198]	[ 0.79494008  0.81351351  0.77690289]	[ 0.48202397  0.49595687  0.46842105]	[ 0.06357973  0.06535843  0.06204919]	33.48	35 	17 	2.68879 
337	25.6311	[ 0.75856192  0.77639402  0.74133281]	[ 0.79494008  0.81351351  0.77690289]	[ 0.48202397  0.49584488  0.46923077]	[ 0.06587374  0.06701553  0.06471783]	33.58	35 	17 	2.53448 
338	25.8956	[ 0.74949401  0.76761507  0.73209802]	[ 0.79494008  0.81351351  0.77690289]	[ 0.47802929  0.49206349  0.46380697]	[ 0.07936748  0.08129858  0.07773243]	33.44	35 	4  	3.41854 
339	26.2115	[ 0.75804261  0.77509154  0.74154301]	[ 0.79494008  0.81351351  0.77690289]	[ 0.50066578  0.5138539   0.48587571]	[ 0.07063994  0.07288475  0.0686836 ]	33.45	35 	17 	2.54706 
340	26.2756	[ 0.7479494   0.765503    0.73115586]	[ 0.79494008  0.81351351  0.77690289]	[ 0.50865513  0.52242744  0.49462366]	[ 0.07594231  0.07795484  0.07407996]	33.2 	34 	4  	3.6     
341	26.037 	[ 0.75704394  0.77509472  0.73967709]	[ 0.79494008  0.81351351  0.77690289]	[ 0.47003995  0.48378378  0.45669291]	[ 0.07236192  0.07353038  0.07123635]	33.56	35 	4  	3.08649 
342	26.0036	[ 0.76312916  0.78093396  0.74587931]	[ 0.79494008  0.81351351  0.77690289]	[ 0.51531292  0.52849741  0.50136986]	[ 0.05585275  0.0581056   0.05399941]	33.25	35 	8  	3.43911 
343	26.0056	[ 0.76434088  0.78219899  0.74714044]	[ 0.79494008  0.81351351  0.77690289]	[ 0.53661784  0.55792683  0.52009456]	[ 0.05917452  0.0611468   0.05740345]	33.41	35 	6  	3.30483 
344	25.2678	[ 0.75984021  0.77812257  0.74218737]	[ 0.79494008  0.81351351  0.77690289]	[ 0.50599201  0.51861042  0.49137931]	[ 0.06515456  0.06633345  0.0642239 ]	32.82	35 	5  	5.05644 
345	25.8752	[ 0.75889481  0.77704728  0.74146595]	[ 0.79494008  0.81351351  0.77690289]	[ 0.51664447  0.53133515  0.50260417]	[ 0.05996278  0.06119434  0.05903425]	33.75	35 	17 	1.90984 
346	25.874 	[ 0.7544474   0.7722966   0.73720735]	[ 0.79494008  0.81351351  0.77690289]	[ 0.  0.  0.]                        	[ 0.10171623  0.10421976  0.09944999]	33.68	35 	22 	1.85408 
347	25.7066	[ 0.75993342  0.7777023   0.74266467]	[ 0.79494008  0.81351351  0.77690289]	[ 0.51664447  0.52956298  0.50276243]	[ 0.06363183  0.06572324  0.0620296 ]	33.55	35 	11 	2.93726 
348	25.6654	[ 0.76101198  0.77864486  0.74388877]	[ 0.79494008  0.81351351  0.77690289]	[ 0.50998668  0.52393617  0.496     ]	[ 0.06199757  0.06451562  0.05989019]	33.52	35 	8  	3.75894 
349	25.1235	[ 0.75747004  0.77637647  0.73940602]	[ 0.79494008  0.81351351  0.77690289]	[ 0.49800266  0.51116625  0.48275862]	[ 0.06659335  0.06786562  0.06550118]	32.89	35 	4  	5.17087 
350	25.4905	[ 0.76352863  0.78127688  0.74637168]	[ 0.79494008  0.81351351  0.77690289]	[ 0.48202397  0.49597855  0.46825397]	[ 0.06524609  0.06743527  0.06325754]	33.8 	35 	9  	2.54165 
351	25.226 	[ 0.75155792  0.76923773  0.73442745]	[ 0.79494008  0.81351351  0.77690289]	[ 0.50199734  0.51578947  0.48787062]	[ 0.07911206  0.08139588  0.0771574 ]	33.13	35 	9  	3.96398 
352	25.4875	[ 0.76131824  0.77909384  0.74408866]	[ 0.79494008  0.81351351  0.77690289]	[ 0.50199734  0.51612903  0.48812665]	[ 0.06608483  0.06798712  0.06443717]	33.58	35 	10 	3.14382 
353	25.0826	[ 0.75383489  0.77175789  0.73648247]	[ 0.79494008  0.81351351  0.77690289]	[ 0.51930759  0.53351206  0.50529101]	[ 0.07070652  0.07255469  0.06909419]	33.06	35 	5  	4.93319 
354	25.2984	[ 0.75523302  0.77297294  0.73800426]	[ 0.79494008  0.81351351  0.77690289]	[ 0.50066578  0.5144357   0.48648649]	[ 0.06984662  0.07183023  0.068219  ]	33.51	35 	21 	2.47182 
355	25.1774	[ 0.76579228  0.78479283  0.7476261 ]	[ 0.79494008  0.81351351  0.77690289]	[ 0.5539281   0.56234719  0.54385965]	[ 0.0475651   0.04789311  0.04738975]	33.43	35 	4  	3.76897 
356	25.9607	[ 0.74909454  0.76653811  0.73223725]	[ 0.79494008  0.81351351  0.77690289]	[ 0.49400799  0.50857143  0.48129676]	[ 0.07370609  0.07607665  0.07161769]	33.79	35 	23 	1.97127 
357	25.2578	[ 0.7549534   0.77321012  0.73741154]	[ 0.79494008  0.81351351  0.77690289]	[ 0.  0.  0.]                        	[ 0.09098341  0.0933947   0.08879376]	33.5 	35 	9  	3.15436 
358	25.5865	[ 0.7658988   0.78458691  0.74786617]	[ 0.79494008  0.81351351  0.77690289]	[ 0.52330226  0.53465347  0.51008646]	[ 0.05662291  0.05755041  0.05583592]	33.29	35 	13 	3.08641 
359	25.129 	[ 0.76126498  0.77992408  0.74332529]	[ 0.79494008  0.81351351  0.77690289]	[ 0.  0.  0.]                        	[ 0.09039333  0.09212537  0.08866371]	33.31	35 	7  	3.27015 
360	25.4417	[ 0.75472703  0.77198377  0.7380293 ]	[ 0.79494008  0.81351351  0.77690289]	[ 0.49667111  0.51282051  0.48519362]	[ 0.06906769  0.07223007  0.06629304]	33.27	35 	15 	2.97273 
361	25.2419	[ 0.75976032  0.7780888   0.74212658]	[ 0.79494008  0.81690141  0.77690289]	[ 0.5126498   0.52941176  0.49878345]	[ 0.06012959  0.06141659  0.05891358]	32.99	35 	17 	3.85615 
362	25.2445	[ 0.7552996   0.77305038  0.73828673]	[ 0.79494008  0.81690141  0.77690289]	[ 0.52996005  0.54621849  0.51522843]	[ 0.06576922  0.06838623  0.06337588]	33.73	35 	13 	2.39105 
363	25.3279	[ 0.76483356  0.78309543  0.74723142]	[ 0.79494008  0.81351351  0.77690289]	[ 0.53528628  0.54362416  0.5201005 ]	[ 0.05513772  0.05669449  0.05381391]	33.47	35 	8  	3.1983  
364	25.3439	[ 0.75950732  0.77773198  0.7418434 ]	[ 0.79494008  0.81351351  0.77690289]	[ 0.50199734  0.51530612  0.48746518]	[ 0.06482838  0.06688317  0.06318769]	33.22	35 	9  	3.73518 
365	25.3552	[ 0.75866844  0.77697087  0.74107231]	[ 0.79494008  0.81351351  0.77690289]	[ 0.48202397  0.49604222  0.46774194]	[ 0.06349985  0.06512649  0.06218432]	33.78	35 	23 	1.94206 
366	24.8307	[ 0.75330226  0.77123628  0.73613109]	[ 0.79494008  0.81351351  0.77690289]	[ 0.5126498   0.52793296  0.49872774]	[ 0.06986248  0.07214854  0.06771099]	33.3 	35 	9  	3.64005 
367	25.3035	[ 0.74143808  0.7596748   0.72399251]	[ 0.79494008  0.81351351  0.77690289]	[ 0.  0.  0.]                        	[ 0.10381138  0.10633171  0.10144399]	33.36	35 	4  	3.99129 
368	25.1116	[ 0.75049268  0.76814929  0.73337212]	[ 0.79494008  0.81351351  0.77690289]	[ 0.50199734  0.51485149  0.4870317 ]	[ 0.07737458  0.07965093  0.07548743]	33.44	35 	10 	3.32962 
369	25.2721	[ 0.76850866  0.78655684  0.75115254]	[ 0.79494008  0.81351351  0.77690289]	[ 0.51797603  0.53370787  0.50379747]	[ 0.05104276  0.05239542  0.04982519]	33.69	35 	14 	2.65592 
370	25.4267	[ 0.75986684  0.77834175  0.74203694]	[ 0.79494008  0.81351351  0.77690289]	[ 0.50332889  0.51697128  0.48913043]	[ 0.06584341  0.06695246  0.06500983]	33.48	35 	4  	3.98868 
371	25.9503	[ 0.75310253  0.77130266  0.73561682]	[ 0.79494008  0.81351351  0.77690289]	[ 0.50865513  0.52254642  0.49465241]	[ 0.06679835  0.06810966  0.06568707]	34.01	35 	21 	1.35274 
372	25.4583	[ 0.75636485  0.77412602  0.73919541]	[ 0.79494008  0.81351351  0.77690289]	[ 0.50998668  0.52459016  0.4961039 ]	[ 0.06793881  0.06981344  0.06632052]	33.54	35 	8  	3.21067 
373	24.9152	[ 0.75371505  0.77141807  0.73658966]	[ 0.79494008  0.81351351  0.77690289]	[ 0.51664447  0.52987013  0.50273224]	[ 0.07557267  0.07741996  0.07389001]	32.69	35 	4  	5.82871 
374	24.6257	[ 0.75844208  0.77654868  0.74101386]	[ 0.79494008  0.81351351  0.77690289]	[ 0.56191744  0.57002457  0.55232558]	[ 0.05964728  0.06094961  0.05839198]	32.94	35 	4  	5.1358  
375	24.2956	[ 0.7494008   0.76759757  0.73192835]	[ 0.79494008  0.81351351  0.77690289]	[ 0.49134487  0.50549451  0.47803618]	[ 0.07497794  0.07630964  0.07364953]	32.85	35 	3  	5.01672 
376	24.9202	[ 0.76268975  0.78072531  0.74527009]	[ 0.79494008  0.81351351  0.77690289]	[ 0.52596538  0.53472222  0.51410658]	[ 0.05837711  0.06000705  0.05698865]	33.17	35 	7  	4.2286  
377	25.5124	[ 0.74579228  0.76394406  0.72838936]	[ 0.79494008  0.81351351  0.77690289]	[ 0.4873502   0.50130548  0.47282609]	[ 0.0733216   0.07451118  0.07207631]	33.3 	35 	10 	3.42199 
378	25.2346	[ 0.75801598  0.77575356  0.74082985]	[ 0.79494008  0.81351351  0.77690289]	[ 0.52996005  0.54353562  0.51612903]	[ 0.06412909  0.06614515  0.0624412 ]	33.91	35 	26 	1.32737 
379	25.93  	[ 0.75191744  0.76954184  0.73483216]	[ 0.79494008  0.81351351  0.77690289]	[ 0.49933422  0.51282051  0.48476454]	[ 0.07665188  0.07848658  0.07509395]	33.9 	35 	26 	1.43178 
380	25.4277	[ 0.76836218  0.78612487  0.7511541 ]	[ 0.79494008  0.81351351  0.77690289]	[ 0.5126498   0.5297619   0.49879518]	[ 0.05233003  0.05431706  0.05049226]	33.94	35 	22 	1.24756 
381	25.6499	[ 0.76314248  0.7810704   0.74575471]	[ 0.79494008  0.81351351  0.77690289]	[ 0.49267643  0.50666667  0.4787234 ]	[ 0.05798267  0.05945987  0.05667059]	34.05	35 	32 	0.357071
382	25.9963	[ 0.75969374  0.77752687  0.74244705]	[ 0.79494008  0.81351351  0.77690289]	[ 0.49267643  0.50716332  0.4800995 ]	[ 0.06492638  0.06691641  0.06313582]	33.85	35 	17 	1.72844 
383	25.4821	[ 0.76448735  0.78310099  0.74661273]	[ 0.79494008  0.81351351  0.77690289]	[ 0.49800266  0.51274788  0.48492462]	[ 0.06276955  0.06441632  0.06146259]	33.73	35 	9  	2.63763 
384	25.6504	[ 0.76061252  0.77885097  0.74308355]	[ 0.79494008  0.81351351  0.77690289]	[ 0.50732357  0.52061856  0.49311295]	[ 0.05776279  0.05882571  0.05679704]	33.44	35 	4  	4.22923 
385	26.4215	[ 0.75346205  0.77134251  0.7361855 ]	[ 0.79494008  0.81351351  0.77690289]	[ 0.49134487  0.50537634  0.47757256]	[ 0.07803733  0.07954003  0.07683261]	33.26	35 	6  	3.57944 
386	25.5329	[ 0.7555526   0.77283148  0.73883483]	[ 0.79494008  0.81351351  0.77690289]	[ 0.53395473  0.54568528  0.5210084 ]	[ 0.05956938  0.06173248  0.05774978]	33.24	35 	7  	3.80295 
387	25.5053	[ 0.75672437  0.7746242   0.73950323]	[ 0.79494008  0.81351351  0.77690289]	[ 0.48868176  0.50252525  0.47323944]	[ 0.06502108  0.06689834  0.06353718]	33.27	35 	4  	3.5801  
388	25.5884	[ 0.76292943  0.78116047  0.7453332 ]	[ 0.79494008  0.81351351  0.77690289]	[ 0.54061252  0.5535248   0.52717391]	[ 0.0593325   0.06176196  0.05722446]	33.38	35 	9  	3.52925 
389	25.2841	[ 0.75830892  0.7759731   0.74118045]	[ 0.79494008  0.81351351  0.77690289]	[ 0.50199734  0.51639344  0.48831169]	[ 0.06890899  0.07086619  0.06714561]	33.61	35 	9  	2.73823 
390	25.3436	[ 0.76283622  0.78027059  0.74586561]	[ 0.79494008  0.81351351  0.77690289]	[ 0.50466045  0.51902174  0.49086162]	[ 0.06349644  0.06550028  0.06181939]	33.44	35 	4  	3.2506  
391	24.9876	[ 0.75271638  0.77063838  0.73538239]	[ 0.79494008  0.81351351  0.77690289]	[ 0.51131824  0.52380952  0.49715909]	[ 0.07179241  0.07308999  0.07073732]	33.18	34 	4  	4.01343 
392	25.9824	[ 0.75113182  0.76889711  0.73394023]	[ 0.79494008  0.81351351  0.77690289]	[ 0.47403462  0.48818898  0.45945946]	[ 0.07446243  0.07625085  0.07287696]	33.82	34 	26 	0.898666
393	25.3729	[ 0.75467377  0.77276365  0.73721712]	[ 0.79494008  0.81351351  0.77690289]	[ 0.48335553  0.49728261  0.46997389]	[ 0.0816507   0.08307378  0.08037797]	33.38	35 	17 	2.82057 
394	25.3811	[ 0.75909454  0.77645956  0.74220904]	[ 0.79494008  0.81351351  0.77690289]	[ 0.53928096  0.55164319  0.52405063]	[ 0.06048782  0.06215446  0.05910644]	33.45	35 	4  	4.00344 
395	25.4917	[ 0.76459387  0.78253911  0.74724131]	[ 0.79494008  0.81351351  0.77690289]	[ 0.47669774  0.49041096  0.46373057]	[ 0.06259095  0.0641999   0.06122591]	33.36	35 	6  	3.75372 
396	25.4804	[ 0.75215712  0.7697918   0.73521172]	[ 0.79494008  0.81351351  0.77690289]	[ 0.48868176  0.50285714  0.47630923]	[ 0.07623554  0.07765252  0.07471067]	33.29	35 	5  	3.81129 
397	25.6182	[ 0.76406125  0.78199706  0.74674266]	[ 0.79494008  0.81351351  0.77690289]	[ 0.59121172  0.59122402  0.59119497]	[ 0.04510217  0.04725122  0.04330551]	33.63	35 	17 	2.5403  
398	25.0233	[ 0.75050599  0.76881791  0.73292791]	[ 0.79494008  0.81351351  0.77690289]	[ 0.  0.  0.]                        	[ 0.09443002  0.09732922  0.09177462]	32.96	35 	6  	4.6603  
399	25.8251	[ 0.75659121  0.77568501  0.73825077]	[ 0.79494008  0.81351351  0.77690289]	[ 0.50199734  0.51515152  0.48732394]	[ 0.06361336  0.06484027  0.06278805]	33.39	35 	8  	3.36718 
400	26.4249	[ 0.76217044  0.78038092  0.74459022]	[ 0.79494008  0.81351351  0.77690289]	[ 0.50732357  0.52150538  0.49340369]	[ 0.06315036  0.06501481  0.061635  ]	33.88	35 	17 	1.81262 
401	25.8971	[ 0.75838881  0.77631299  0.74108873]	[ 0.79494008  0.81351351  0.77690289]	[ 0.50066578  0.5138539   0.48587571]	[ 0.06975391  0.07177266  0.0681061 ]	33.82	35 	26 	1.45863 
402	25.8729	[ 0.75327563  0.77174172  0.7356157 ]	[ 0.79494008  0.81351351  0.77690289]	[ 0.  0.  0.]                        	[ 0.09761242  0.09984516  0.09555742]	33.63	35 	17 	2.38183 
403	26.2522	[ 0.75563249  0.77263956  0.73917123]	[ 0.79494008  0.81351351  0.77690289]	[ 0.50865513  0.5255102   0.49528302]	[ 0.06844686  0.07184191  0.06543468]	33.84	35 	23 	1.8315  
404	25.7863	[ 0.74218375  0.76033087  0.72477399]	[ 0.79494008  0.81351351  0.77690289]	[ 0.  0.  0.]                        	[ 0.1256426   0.12820929  0.12311102]	33.7 	35 	13 	2.79821 
405	25.5794	[ 0.75355526  0.7719795   0.73586995]	[ 0.79494008  0.81351351  0.77690289]	[ 0.49400799  0.50857143  0.48129676]	[ 0.07185052  0.07296794  0.07091603]	33.5 	35 	6  	3.74833 
406	25.8618	[ 0.7576964   0.77536401  0.74061532]	[ 0.79494008  0.81351351  0.77690289]	[ 0.49400799  0.50806452  0.48021108]	[ 0.06704932  0.06864724  0.06559291]	33.7 	35 	7  	2.9     
407	26.3477	[ 0.76583222  0.782995    0.74920924]	[ 0.79494008  0.81351351  0.77690289]	[ 0.50998668  0.52406417  0.49602122]	[ 0.0520474   0.0548717   0.04965437]	33.8 	35 	24 	1.249   
408	26.1356	[ 0.75830892  0.77663734  0.74071196]	[ 0.79494008  0.81351351  0.77690289]	[ 0.51797603  0.5375      0.5030303 ]	[ 0.07024886  0.07156675  0.06876625]	33.91	35 	23 	1.24173 
409	25.2445	[ 0.77063915  0.78891682  0.75296982]	[ 0.79494008  0.81351351  0.77690289]	[ 0.49134487  0.50534759  0.47745358]	[ 0.05221656  0.05375196  0.05097854]	33.04	35 	4  	4.07657 
410	25.487 	[ 0.76636485  0.78405754  0.74929125]	[ 0.79494008  0.81351351  0.77690289]	[ 0.50466045  0.51813472  0.49041096]	[ 0.05676231  0.05947433  0.05445636]	33.22	35 	4  	3.6127  
411	24.5586	[ 0.74681758  0.76459158  0.72959196]	[ 0.79494008  0.81351351  0.77690289]	[ 0.  0.  0.]                        	[ 0.09988886  0.10231433  0.09768305]	32.52	35 	7  	5.12734 
412	25.6927	[ 0.75316911  0.77166237  0.73535726]	[ 0.79494008  0.81351351  0.77690289]	[ 0.49001332  0.50381679  0.47486034]	[ 0.06067629  0.06187568  0.05968999]	33.28	35 	17 	2.97684 
413	25.299 	[ 0.75988016  0.77899733  0.74166408]	[ 0.79494008  0.81351351  0.77690289]	[ 0.50998668  0.52486188  0.49614396]	[ 0.05922846  0.05946025  0.05887744]	33.15	35 	6  	3.4623  
414	24.6693	[ 0.75633822  0.77466604  0.73866957]	[ 0.79494008  0.81351351  0.77690289]	[ 0.50865513  0.52421652  0.495     ]	[ 0.06448302  0.06584034  0.06332872]	32.29	35 	6  	5.53949 
415	25.6543	[ 0.76603196  0.78449959  0.74833177]	[ 0.79494008  0.81351351  0.77690289]	[ 0.56058589  0.57407407  0.54691689]	[ 0.051657    0.05207094  0.05116637]	33.52	35 	17 	2.44737 
416	25.3129	[ 0.75165113  0.7700466   0.73398862]	[ 0.79494008  0.81351351  0.77690289]	[ 0.  0.  0.]                        	[ 0.10263531  0.10500835  0.10052105]	33.39	35 	4  	4.08875 
417	26.0512	[ 0.76093209  0.77915182  0.74340487]	[ 0.79494008  0.81369863  0.77690289]	[ 0.54993342  0.56185567  0.53719008]	[ 0.05434271  0.05542524  0.05334962]	33.62	35 	17 	2.37815 
418	25.2106	[ 0.75320905  0.77138428  0.73565622]	[ 0.79494008  0.81369863  0.77690289]	[ 0.50732357  0.52209945  0.49357326]	[ 0.07139739  0.07355249  0.06959915]	33.15	35 	4  	4.4685  
419	25.2096	[ 0.75910786  0.77777621  0.74115235]	[ 0.79494008  0.81351351  0.77690289]	[ 0.50332889  0.5164557   0.48876404]	[ 0.06211175  0.06354045  0.06098478]	33.08	35 	4  	4.28411 
420	25.3118	[ 0.74303595  0.76122367  0.72564448]	[ 0.79494008  0.81351351  0.77690289]	[ 0.  0.  0.]                        	[ 0.1038079   0.10635755  0.1015788 ]	33.6 	35 	10 	2.64953 
421	25.351 	[ 0.75873502  0.77705971  0.74116375]	[ 0.79494008  0.81351351  0.77690289]	[ 0.5126498   0.52762431  0.49871465]	[ 0.07030442  0.07159681  0.0691912 ]	33.59	35 	4  	3.17835 
422	24.6261	[ 0.75276964  0.77079835  0.73541298]	[ 0.79494008  0.81351351  0.77690289]	[ 0.52197071  0.53781513  0.50761421]	[ 0.07158014  0.07307451  0.07024723]	32.82	35 	4  	5.43577 
423	25.1998	[ 0.75163782  0.76950029  0.73440838]	[ 0.79494008  0.81351351  0.77690289]	[ 0.48468708  0.4984127   0.47477064]	[ 0.07144264  0.07345681  0.0696066 ]	32.96	35 	6  	5.04959 
424	25.3037	[ 0.76464714  0.78319943  0.74676048]	[ 0.79494008  0.81351351  0.77690289]	[ 0.49267643  0.50659631  0.47849462]	[ 0.05020216  0.05061016  0.04982765]	33.06	35 	4  	4.49181 
425	25.8315	[ 0.75238349  0.77011     0.7352374 ]	[ 0.79494008  0.81351351  0.77690289]	[ 0.48468708  0.49860724  0.47193878]	[ 0.07473254  0.07676868  0.07290056]	33.74	35 	10 	2.95506 
426	25.6242	[ 0.75027963  0.76806485  0.73319868]	[ 0.79494008  0.81351351  0.77690289]	[ 0.48335553  0.49725275  0.47028424]	[ 0.07213835  0.07364548  0.07052393]	33.48	35 	8  	4.2743  
427	25.7303	[ 0.77071904  0.78938599  0.75277953]	[ 0.79494008  0.81351351  0.77690289]	[ 0.50865513  0.52219321  0.49456522]	[ 0.045508    0.04566586  0.04514905]	34.08	35 	29 	1.28592 
428	25.4414	[ 0.74842876  0.76577689  0.73155365]	[ 0.79494008  0.81351351  0.77690289]	[ 0.47802929  0.49242424  0.46197183]	[ 0.07588157  0.07789988  0.07419624]	33.34	35 	8  	4.22663 
429	25.4885	[ 0.75045273  0.76832438  0.73324895]	[ 0.79494008  0.81351351  0.77690289]	[ 0.  0.  0.]                        	[ 0.09985443  0.10242078  0.09758437]	33.79	35 	8  	3.38022 
430	24.8579	[ 0.7601731   0.77826348  0.74274762]	[ 0.79494008  0.81351351  0.77690289]	[ 0.5126498   0.52702703  0.49868766]	[ 0.06260387  0.06441771  0.06094501]	33.37	35 	7  	4.77631 
431	25.7437	[ 0.76218375  0.78014911  0.74474827]	[ 0.79494008  0.81351351  0.77690289]	[ 0.48868176  0.50255102  0.4735376 ]	[ 0.0662811   0.06824404  0.06471364]	34.11	35 	31 	1.12156 
432	25.3941	[ 0.75150466  0.76898102  0.73454597]	[ 0.79494008  0.81351351  0.77690289]	[ 0.49134487  0.50526316  0.47708895]	[ 0.07406689  0.07647701  0.07203895]	33.41	35 	4  	4.39112 
433	24.8619	[ 0.74374168  0.76097596  0.72704822]	[ 0.79494008  0.81351351  0.77690289]	[ 0.51131824  0.52676056  0.49747475]	[ 0.07763026  0.07969669  0.07585623]	32.93	35 	8  	4.21961 
434	25.2526	[ 0.75733688  0.77513509  0.74012146]	[ 0.79494008  0.81351351  0.77690289]	[ 0.51797603  0.53092784  0.50413223]	[ 0.06442735  0.06600879  0.06312638]	32.88	35 	4  	5.04436 
435	24.2317	[ 0.74553928  0.76299014  0.72867096]	[ 0.79494008  0.81351351  0.77690289]	[ 0.49267643  0.50652742  0.47826087]	[ 0.08163645  0.08393606  0.0797064 ]	32.16	35 	7  	5.90715 
436	24.2769	[ 0.75545939  0.77407949  0.73760444]	[ 0.79494008  0.81351351  0.77690289]	[ 0.49667111  0.51123596  0.4835443 ]	[ 0.07192518  0.07266251  0.07108682]	32.55	35 	7  	5.62383 
437	24.9397	[ 0.76475366  0.78263777  0.74756558]	[ 0.79494008  0.81351351  0.77690289]	[ 0.56458056  0.57583548  0.55248619]	[ 0.05266107  0.05456908  0.0508951 ]	33.43	35 	7  	3.60626 
438	24.9366	[ 0.75450067  0.77233699  0.737273  ]	[ 0.79494008  0.81351351  0.77690289]	[ 0.49400799  0.50852273  0.48120301]	[ 0.0701236   0.07225839  0.06835655]	32.99	35 	4  	5.02692 
439	25.3604	[ 0.75865513  0.77626757  0.74157918]	[ 0.79494008  0.81351351  0.77690289]	[ 0.49667111  0.51117318  0.48346056]	[ 0.06052114  0.06326474  0.05821408]	33.71	35 	8  	2.98428 
440	25.4193	[ 0.76126498  0.77927989  0.74380529]	[ 0.79494008  0.81351351  0.77690289]	[ 0.47936085  0.49370277  0.46327684]	[ 0.06355293  0.06565415  0.06193712]	33.77	35 	17 	2.69019 
441	25.3517	[ 0.7657257   0.78461066  0.74758892]	[ 0.79494008  0.81351351  0.77690289]	[ 0.50199734  0.51639344  0.48831169]	[ 0.0561039   0.05696977  0.05532617]	34.3 	35 	31 	1.0247  
442	25.2503	[ 0.76033289  0.77877317  0.74256987]	[ 0.79494008  0.81351351  0.77690289]	[ 0.  0.  0.]                        	[ 0.09610334  0.09810488  0.09422563]	34.05	35 	7  	2.90302 
443	24.6544	[ 0.75440746  0.77180441  0.73753731]	[ 0.79494008  0.81351351  0.77690289]	[ 0.  0.  0.]                        	[ 0.09703912  0.09979718  0.09452485]	33.2 	35 	7  	4.39773 
444	26.1381	[ 0.74592543  0.76383659  0.72858959]	[ 0.79494008  0.81351351  0.77690289]	[ 0.49134487  0.50490196  0.47521866]	[ 0.07814117  0.08008279  0.07671545]	34.14	35 	23 	1.54932 
445	25.1833	[ 0.76540613  0.78248626  0.74881218]	[ 0.79494008  0.81351351  0.77690289]	[ 0.58988016  0.6037234   0.576     ]	[ 0.05084403  0.05383607  0.04812041]	33.44	35 	6  	4.15769 
446	25.462 	[ 0.74942743  0.76718908  0.73227411]	[ 0.79494008  0.81351351  0.77690289]	[ 0.48601864  0.5         0.47058824]	[ 0.07620453  0.07840331  0.07430245]	33.88	35 	4  	3.16632 
447	25.0957	[ 0.75796272  0.7767158   0.73995779]	[ 0.79494008  0.81351351  0.77690289]	[ 0.  0.  0.]                        	[ 0.09734879  0.09919801  0.09554806]	33.84	35 	8  	2.95202 
448	24.91  	[ 0.76055925  0.7788145   0.74304901]	[ 0.79494008  0.81351351  0.77690289]	[ 0.4713715   0.4855643   0.45675676]	[ 0.06451103  0.06582488  0.06329828]	33.38	35 	9  	4.20424 
449	25.3099	[ 0.76057257  0.77913308  0.74299012]	[ 0.79494008  0.81351351  0.77690289]	[ 0.48868176  0.50273224  0.47532468]	[ 0.06146166  0.06256364  0.06011867]	33.83	35 	4  	3.5498  
450	25.4729	[ 0.75471372  0.77252799  0.73746167]	[ 0.79494008  0.81351351  0.77690289]	[ 0.45805593  0.47286822  0.44230769]	[ 0.06852397  0.06976432  0.06757547]	34.37	35 	27 	1.13715 
451	25.7324	[ 0.74905459  0.76678605  0.73186846]	[ 0.79494008  0.81351351  0.77690289]	[ 0.47403462  0.48831169  0.45901639]	[ 0.07544058  0.07749703  0.07368668]	34.59	35 	28 	1.01089 
452	25.1507	[ 0.77097204  0.78913627  0.75335966]	[ 0.79494008  0.81351351  0.77690289]	[ 0.52197071  0.53580902  0.50802139]	[ 0.04789464  0.04922948  0.04676223]	34.23	35 	9  	3.05567 
453	25.5156	[ 0.76814913  0.78645083  0.7504828 ]	[ 0.79494008  0.81351351  0.77690289]	[ 0.50865513  0.52750809  0.49547511]	[ 0.05554058  0.0564787   0.05447435]	34.41	35 	25 	1.54334 
454	24.8309	[ 0.76878828  0.78739705  0.75093453]	[ 0.79494008  0.81351351  0.77690289]	[ 0.51398136  0.53043478  0.5       ]	[ 0.05108691  0.05166376  0.05039204]	33.72	35 	6  	4.39336 
455	25.4325	[ 0.74153129  0.75893439  0.72473393]	[ 0.79494008  0.81351351  0.77690289]	[ 0.4873502   0.50137741  0.4742268 ]	[ 0.08203756  0.08451838  0.07988937]	33.7 	35 	6  	4.4643  
456	25.9661	[ 0.74585885  0.76395887  0.72845616]	[ 0.79494008  0.81351351  0.77690289]	[ 0.52063915  0.53513514  0.50656168]	[ 0.07473398  0.07696771  0.07286188]	34.46	35 	21 	1.86773 
457	25.2926	[ 0.75860186  0.77673933  0.74115491]	[ 0.79494008  0.81351351  0.77690289]	[ 0.48868176  0.5026178   0.47425474]	[ 0.06747105  0.06949543  0.06578043]	34.26	35 	8  	3.1737  
458	25.6569	[ 0.75797603  0.77550774  0.74107453]	[ 0.79494008  0.81369863  0.77690289]	[ 0.5126498   0.5255102   0.49860724]	[ 0.06929608  0.07063887  0.06793591]	34.8 	35 	23 	1.22474 
459	25.0492	[ 0.7624767   0.78053693  0.74499823]	[ 0.79494008  0.81369863  0.77690289]	[ 0.54194407  0.55172414  0.53043478]	[ 0.05674992  0.05895274  0.05495214]	34.33	35 	17 	2.62319 
460	25.3493	[ 0.75166445  0.76926058  0.73462196]	[ 0.79494008  0.81369863  0.77690289]	[ 0.49267643  0.50656168  0.47837838]	[ 0.07970829  0.08248594  0.07745608]	34.09	35 	7  	4.01272 
461	25.1566	[ 0.75609854  0.77462478  0.73831358]	[ 0.79494008  0.81351351  0.77690289]	[ 0.48335553  0.49717514  0.47103275]	[ 0.07389104  0.07538598  0.07260862]	33.87	35 	4  	4.75743 
462	25.6774	[ 0.76198402  0.78026812  0.7444063 ]	[ 0.79494008  0.81351351  0.77690289]	[ 0.50199734  0.51639344  0.48831169]	[ 0.05954383  0.06060603  0.05849524]	34.63	35 	30 	1.05504 
463	25.3477	[ 0.75114514  0.76943875  0.73358907]	[ 0.79494008  0.81351351  0.77690289]	[ 0.46870839  0.48179272  0.45685279]	[ 0.07896215  0.08088474  0.07727931]	33.98	35 	7  	3.53265 
464	25.3491	[ 0.76126498  0.77923638  0.74380992]	[ 0.79494008  0.81351351  0.77690289]	[ 0.47536618  0.48913043  0.46214099]	[ 0.0695691   0.07156775  0.06799129]	34.01	35 	17 	3.06103 
465	25.7553	[ 0.73886818  0.75685791  0.72160743]	[ 0.79494008  0.81351351  0.77690289]	[ 0.  0.  0.]                        	[ 0.10653327  0.10892816  0.10428692]	34.4 	35 	8  	3.10483 
466	25.4782	[ 0.75376831  0.77179668  0.73638281]	[ 0.79494008  0.81351351  0.77690289]	[ 0.51398136  0.52861035  0.5       ]	[ 0.06857631  0.07014441  0.06712864]	33.95	35 	4  	3.92014 
467	25.1716	[ 0.76243675  0.78059621  0.74491363]	[ 0.79494008  0.81351351  0.77690289]	[ 0.50199734  0.51829268  0.4893617 ]	[ 0.06466358  0.0663932   0.06300828]	33.9 	35 	4  	4.12916 
468	25.961 	[ 0.74636485  0.76323319  0.7299191 ]	[ 0.79494008  0.81351351  0.77690289]	[ 0.48468708  0.49872123  0.46944444]	[ 0.07966489  0.08237296  0.07738863]	34.37	35 	10 	2.57936 
469	25.235 	[ 0.75965379  0.77727906  0.74253078]	[ 0.79494008  0.81351351  0.77690289]	[ 0.48069241  0.49487179  0.46537396]	[ 0.0694924   0.07144375  0.06785455]	34.08	35 	8  	3.20525 
470	25.0519	[ 0.74946738  0.7668742   0.7325583 ]	[ 0.79494008  0.81351351  0.77690289]	[ 0.49667111  0.51092896  0.48311688]	[ 0.07790066  0.08017602  0.07598272]	33.48	35 	4  	5.4708  
471	25.3843	[ 0.75845539  0.7765633   0.74109916]	[ 0.79494008  0.81351351  0.77690289]	[ 0.5126498   0.52512563  0.49858357]	[ 0.06334326  0.0658639   0.06136757]	33.8 	35 	6  	3.61109 
472	25.0466	[ 0.76677763  0.7848789   0.74925219]	[ 0.79494008  0.81351351  0.77690289]	[ 0.49667111  0.51169591  0.48410758]	[ 0.05631164  0.05758237  0.05512298]	34.35	35 	9  	2.90302 
473	24.249 	[ 0.76708389  0.7852515   0.74954838]	[ 0.79494008  0.81351351  0.77690289]	[ 0.58988016  0.6037234   0.576     ]	[ 0.04640042  0.04782586  0.04527146]	32.96	35 	7  	6.3811  
474	24.8386	[ 0.76667111  0.78511953  0.74886456]	[ 0.79494008  0.81351351  0.77690289]	[ 0.49933422  0.51351351  0.4855643 ]	[ 0.05813554  0.05982193  0.05669955]	33.53	35 	4  	5.10971 
475	25.6142	[ 0.74472703  0.76177453  0.72814269]	[ 0.79494008  0.81351351  0.77690289]	[ 0.49800266  0.51187335  0.48387097]	[ 0.07609927  0.0785726   0.07404741]	33.98	35 	9  	3.42631 
476	25.6453	[ 0.7476032   0.76567182  0.73015566]	[ 0.79494008  0.81351351  0.77690289]	[ 0.  0.  0.]                        	[ 0.10247156  0.10475483  0.10042959]	33.95	35 	17 	2.72901 
477	25.0641	[ 0.76544607  0.78365221  0.74785634]	[ 0.79494008  0.81351351  0.77690289]	[ 0.  0.  0.]                        	[ 0.08559492  0.08747891  0.08382119]	34.09	35 	9  	3.1689  
478	25.633 	[ 0.75299601  0.77039826  0.73613062]	[ 0.79494008  0.81351351  0.77690289]	[ 0.50199734  0.51538462  0.48753463]	[ 0.07624899  0.07745444  0.07507725]	34.47	35 	21 	1.67006 
479	25.3394	[ 0.7628229   0.78047536  0.74576868]	[ 0.79494008  0.81351351  0.77690289]	[ 0.56724368  0.57384988  0.5591716 ]	[ 0.05517096  0.05803771  0.05267749]	34.41	35 	17 	2.4376  
480	25.1766	[ 0.76507324  0.78362276  0.74722462]	[ 0.79494008  0.81351351  0.77690289]	[ 0.50199734  0.51570681  0.48780488]	[ 0.05784275  0.05905309  0.05680858]	33.95	35 	6  	4.28806 
481	25.3583	[ 0.75527297  0.77262358  0.73851781]	[ 0.79494008  0.81351351  0.77690289]	[ 0.50998668  0.52272727  0.49577465]	[ 0.0708019   0.07357591  0.06858529]	34.5 	35 	17 	2.37276 
482	25.2238	[ 0.77207723  0.7913916   0.75365344]	[ 0.79494008  0.81351351  0.77690289]	[ 0.53661784  0.5521978   0.52196382]	[ 0.04802406  0.04839854  0.04773742]	34.64	35 	24 	1.31545 
483	25.4377	[ 0.75311585  0.77167032  0.73531683]	[ 0.79494008  0.81351351  0.77690289]	[ 0.50466045  0.51842105  0.49056604]	[ 0.07701888  0.07811096  0.0759835 ]	34.35	35 	4  	3.41577 
484	25.213 	[ 0.75480692  0.77299169  0.73725008]	[ 0.79494008  0.81351351  0.77690289]	[ 0.45672437  0.46892655  0.44584383]	[ 0.07564562  0.07734484  0.0742336 ]	33.79	35 	4  	4.63529 
485	25.0869	[ 0.76023968  0.77806814  0.74301493]	[ 0.79494008  0.81351351  0.77690289]	[ 0.53262317  0.54569191  0.51902174]	[ 0.06500017  0.06644689  0.06370456]	34.08	35 	6  	4.23008 
486	25.1789	[ 0.76841545  0.78686894  0.75064875]	[ 0.79494008  0.81351351  0.77690289]	[ 0.57656458  0.58854167  0.5640327 ]	[ 0.05015598  0.05144024  0.04907069]	34.26	35 	4  	3.43983 
487	25.4676	[ 0.76380826  0.7821207   0.74623622]	[ 0.79494008  0.81351351  0.77690289]	[ 0.48868176  0.50295858  0.47699758]	[ 0.06653148  0.06739363  0.06548955]	34.54	35 	17 	1.93091 
488	25.0622	[ 0.76942743  0.78786486  0.75167038]	[ 0.79627164  0.81571816  0.77748691]	[ 0.58455393  0.58581236  0.57422969]	[ 0.04529087  0.04712019  0.04379441]	34.14	35 	17 	2.74962 
489	25.5855	[ 0.77126498  0.78955272  0.75359823]	[ 0.79627164  0.81571816  0.77748691]	[ 0.59387483  0.60411311  0.58287293]	[ 0.04186244  0.04409158  0.03998958]	34.55	35 	30 	0.876071
490	25.1993	[ 0.75845539  0.77663886  0.74089007]	[ 0.79627164  0.81571816  0.77748691]	[ 0.47270306  0.48756219  0.45558739]	[ 0.06771964  0.06938849  0.06642943]	33.41	35 	4  	5.35555 
491	25.8604	[ 0.75440746  0.77231879  0.73713125]	[ 0.79627164  0.81571816  0.77748691]	[ 0.4873502   0.50140845  0.47352941]	[ 0.06787924  0.06966145  0.06649025]	33.99	35 	4  	3.36302 
492	25.7202	[ 0.77371505  0.79202773  0.75602037]	[ 0.79627164  0.81571816  0.77748691]	[ 0.51930759  0.5382263   0.50471698]	[ 0.04005968  0.04123254  0.03889326]	34.26	35 	23 	1.39728 
493	25.3993	[ 0.77225033  0.7906687   0.75442962]	[ 0.79627164  0.81571816  0.77748691]	[ 0.52596538  0.54120879  0.51162791]	[ 0.04751252  0.04881946  0.0464131 ]	34.39	35 	22 	1.36305 
494	25.4342	[ 0.76387483  0.78304541  0.74553252]	[ 0.79627164  0.81571816  0.77748691]	[ 0.47270306  0.48697917  0.45776567]	[ 0.05370754  0.05436002  0.05325874]	34   	35 	8  	3.19374 
495	25.7406	[ 0.75229028  0.77046434  0.73477809]	[ 0.79627164  0.81571816  0.77748691]	[ 0.49134487  0.50537634  0.47757256]	[ 0.07329218  0.0752118   0.07151623]	33.44	35 	4  	3.78766 
496	25.9336	[ 0.75585885  0.77410491  0.73818456]	[ 0.79627164  0.81571816  0.77748691]	[ 0.49001332  0.5038961   0.47540984]	[ 0.07140711  0.07355749  0.06970703]	33.73	35 	11 	2.99952 
497	25.8782	[ 0.75215712  0.77063813  0.73442718]	[ 0.79627164  0.81571816  0.77748691]	[ 0.5126498   0.52447552  0.49867374]	[ 0.07183941  0.07358776  0.07044234]	34.18	35 	32 	0.517301
498	25.9805	[ 0.75211718  0.77008005  0.73478458]	[ 0.79627164  0.81571816  0.77748691]	[ 0.51398136  0.52644836  0.5       ]	[ 0.06763258  0.069953    0.06568061]	33.67	35 	8  	2.95992 
499	25.4868	[ 0.75977364  0.77827899  0.74215699]	[ 0.79627164  0.81571816  0.77748691]	[ 0.53928096  0.55154639  0.5261708 ]	[ 0.06205634  0.06384193  0.06038219]	33.36	35 	8  	3.35118 