   	       	                                                           fitness                                                           	              size             
   	       	-----------------------------------------------------------------------------------------------------------------------------	-------------------------------
gen	time   	avg                                     	max             	min          	std                                  	avg    	max	min	std    
0  	1.76195	[ 91.31683168  77.61386139 104.38613861]	[178. 120. 182.]	[57. -0. 62.]	[14.66991985 20.5594864  20.5594864 ]	2.61386	9  	1  	2.01956
1  	2.32625	[ 95.28712871  76.03960396 105.96039604]	[178. 114. 182.]	[54. -0. 68.]	[15.77837638 21.39303153 21.39303153]	3.63366	13 	1  	3.00403
2  	2.30831	[ 96.          72.02970297 109.97029703]	[178. 108. 182.]	[74. -0. 74.]	[15.15726144 22.28370423 22.28370423]	3.58416	13 	1  	3.16937
3  	2.66292	[100.57425743  67.72277228 114.27722772]	[178. 106. 182.]	[73. -0. 76.]	[14.09679869 21.26453786 21.26453786]	4.45545	16 	1  	3.73775
4  	3.45761	[100.02970297  65.0990099  116.9009901 ]	[178. 112. 182.]	[25. -0. 70.]	[17.78332484 22.53688064 22.53688064]	5.13861	18 	1  	4.1003 
5  	2.30671	[103.66336634  61.98019802 120.01980198]	[178. 102. 182.]	[72. -0. 80.]	[17.16967003 21.98378349 21.98378349]	4.11881	12 	1  	3.11905
6  	2.21297	[106.43564356  56.99009901 125.00990099]	[178. 108. 182.]	[65. -0. 74.]	[17.45626265 21.86660506 21.86660506]	4.08911	11 	1  	2.77934
7  	2.15385	[109.85148515  55.10891089 126.89108911]	[178. 114. 182.]	[47. -0. 68.]	[23.67117399 24.71176454 24.71176454]	3.60396	13 	1  	2.4899 
8  	2.22644	[106.72277228  60.01980198 121.98019802]	[178. 102. 182.]	[73. -0. 80.]	[22.1283917  24.87671789 24.87671789]	4      	11 	1  	2.72502
9  	2.23166	[110.84158416  55.95049505 126.04950495]	[178.  99. 182.]	[46. -0. 83.]	[23.25780298 24.15723094 24.15723094]	4.51485	13 	1  	2.83756
10 	2.15389	[113.07920792  54.35643564 127.64356436]	[178. 106. 182.]	[75. -0. 76.]	[23.58077887 24.3760084  24.3760084 ]	4.49505	11 	1  	2.61611
11 	2.19884	[112.20792079  56.3960396  125.6039604 ]	[178. 106. 182.]	[68. -0. 76.]	[24.46266779 25.8123768  25.8123768 ]	4.90099	14 	1  	2.85804
12 	2.11243	[115.14851485  52.74257426 129.25742574]	[178. 102. 182.]	[50. -0. 80.]	[29.01497945 27.26970301 27.26970301]	5.10891	14 	1  	2.92446
13 	2.14879	[119.51485149  48.54455446 133.45544554]	[178. 103. 182.]	[44. -0. 79.]	[33.03392012 28.862777   28.862777  ]	5.25743	13 	1  	3.18926
14 	1.91096	[130.98019802  41.78217822 140.21782178]	[178. 116. 182.]	[54. -0. 66.]	[36.98728178 34.9822031  34.9822031 ]	4.37624	13 	1  	3.51475
15 	2.12166	[133.34653465  40.04950495 141.95049505]	[178. 120. 182.]	[63. -0. 62.]	[40.18433655 37.81701022 37.81701022]	4.05941	14 	1  	3.66093
16 	2.06   	[133.05940594  40.55445545 141.44554455]	[178. 119. 182.]	[55. -0. 63.]	[42.21534182 39.13482034 39.13482034]	3.68317	14 	1  	3.28492
17 	2.07011	[142.15841584  31.06930693 150.93069307]	[178. 108. 182.]	[57. -0. 74.]	[42.41467443 37.90380148 37.90380148]	3.13861	12 	1  	2.96858
18 	1.97704	[146.00990099  29.1980198  152.8019802 ]	[178. 102. 182.]	[67. -0. 80.]	[42.75013637 40.34431507 40.34431507]	2.56436	12 	1  	2.63418
19 	1.88016	[151.66336634  24.33663366 157.66336634]	[178. 115. 182.]	[61. -0. 67.]	[40.54291876 38.03392889 38.03392889]	2.59406	12 	1  	2.60304
20 	2.2537 	[150.67326733  24.61386139 157.38613861]	[178. 109. 182.]	[36. -0. 73.]	[42.74402486 38.67866357 38.67866357]	2.54455	13 	1  	2.84422
21 	2.14219	[155.67326733  19.37623762 162.62376238]	[178. 103. 182.]	[63. -0. 79.]	[40.42426213 35.37517491 35.37517491]	2.23762	8  	1  	2.27839
22 	1.99734	[158.99009901  17.93069307 164.06930693]	[178. 113. 182.]	[62. -0. 69.]	[36.59180643 34.93168933 34.93168933]	2.09901	8  	1  	2.16409
23 	1.95092	[157.53465347  19.05940594 162.94059406]	[178. 109. 182.]	[73. -0. 73.]	[37.95217531 35.83179123 35.83179123]	2.0396 	8  	1  	2.04369
24 	1.87144	[156.94059406  20.21782178 161.78217822]	[178. 105. 182.]	[59. -0. 77.]	[38.04812528 36.55176824 36.55176824]	2.12871	8  	1  	2.14182
25 	1.92031	[161.76237624  14.62376238 167.37623762]	[178. 121. 182.]	[46. -0. 61.]	[35.41386105 31.94917111 31.94917111]	1.92079	8  	1  	2.05702
26 	1.85326	[161.88118812  14.79207921 167.20792079]	[178. 106. 182.]	[68. -0. 76.]	[34.81955952 32.4569225  32.4569225 ]	1.93069	8  	1  	2.08368
27 	1.74395	[162.7029703   14.56435644 167.43564356]	[178. 107. 182.]	[75. -0. 75.]	[33.13564816 31.93322732 31.93322732]	1.87129	8  	1  	1.92772
28 	1.85637	[162.20792079  12.02970297 169.97029703]	[178.  97. 182.]	[64. -0. 85.]	[34.37484598 26.61104343 26.61104343]	1.9505 	8  	1  	2.08425
29 	1.97289	[159.72277228  16.52475248 165.47524752]	[178. 110. 182.]	[63. -0. 72.]	[36.1613871  33.32456474 33.32456474]	2.06931	8  	1  	2.13531
30 	1.92089	[160.99009901  15.59405941 166.40594059]	[178.  96. 182.]	[69. -0. 86.]	[34.46608178 32.00809867 32.00809867]	2.09901	8  	1  	2.31014
31 	2.0066 	[156.78217822  19.12871287 162.87128713]	[178. 120. 182.]	[62. -0. 62.]	[38.51490748 35.65668625 35.65668625]	2.17822	8  	1  	2.19539
32 	1.96918	[158.87128713  16.94059406 165.05940594]	[178. 105. 182.]	[63. -0. 77.]	[36.87164339 33.17604461 33.17604461]	2.14851	8  	1  	2.30104
33 	1.92134	[159.83168317  16.53465347 165.46534653]	[178. 106. 182.]	[75. -0. 76.]	[36.67952441 34.13675594 34.13675594]	2.0198 	8  	1  	2.1013 
34 	1.88591	[161.32673267  16.22772277 165.77227723]	[178. 120. 182.]	[66. -0. 62.]	[35.01148578 34.63983891 34.63983891]	1.94059	11 	1  	2.10526
35 	1.88272	[162.36633663  14.17821782 167.82178218]	[178. 107. 182.]	[66. -0. 75.]	[33.9532943  31.48735281 31.48735281]	1.91089	9  	1  	2.04939
36 	2.05437	[158.7029703   16.37623762 165.62376238]	[178. 105. 182.]	[24. -0. 77.]	[37.52003941 32.26249132 32.26249132]	2.15842	8  	1  	2.28093
37 	1.91931	[159.12871287  15.99009901 166.00990099]	[178. 100. 182.]	[53. -0. 82.]	[38.40061452 32.60732319 32.60732319]	2.0495 	8  	1  	2.1635 
38 	1.82332	[158.51485149  17.51485149 164.48514851]	[178. 104. 182.]	[57. -0. 78.]	[37.35078932 34.015318   34.015318  ]	2.10891	8  	1  	2.15673
39 	1.63211	[159.34653465  16.28712871 165.71287129]	[178. 120. 182.]	[58. -0. 62.]	[37.85104617 33.94180711 33.94180711]	1.93069	7  	1  	1.95624
40 	1.814  	[158.93069307  17.07920792 164.92079208]	[178. 109. 182.]	[59. -0. 73.]	[37.44547387 34.24075597 34.24075597]	2.0099 	8  	1  	2.08481
41 	1.7836 	[161.35643564  15.62376238 166.37623762]	[178.  98. 182.]	[58. -0. 84.]	[34.97002512 33.0615542  33.0615542 ]	1.93069	8  	1  	2.00622
42 	1.99246	[154.48514851  20.40594059 161.59405941]	[178. 105. 182.]	[24. -0. 77.]	[40.74567677 35.27015349 35.27015349]	2.26733	8  	1  	2.21557
43 	1.90438	[160.81188119  14.21782178 167.78217822]	[178. 101. 182.]	[50. -0. 81.]	[36.27390652 30.16279393 30.16279393]	1.9802 	8  	1  	2.09658
44 	1.94536	[155.64356436  19.37623762 162.62376238]	[178. 114. 182.]	[42. -0. 68.]	[40.9321061  35.43753436 35.43753436]	2.19802	8  	1  	2.26038
45 	1.90867	[160.3960396   14.51485149 167.48514851]	[178. 107. 182.]	[46. -0. 75.]	[37.10250164 31.41627688 31.41627688]	1.9802 	8  	1  	2.07283
46 	2.00215	[158.72277228  16.82178218 165.17821782]	[178. 115. 182.]	[67. -0. 67.]	[36.87955209 33.19262594 33.19262594]	2.07921	7  	1  	2.09518
47 	1.91068	[161.47524752  14.56435644 167.43564356]	[178. 106. 182.]	[67. -0. 76.]	[35.66110954 32.2003062  32.2003062 ]	1.87129	8  	1  	2.03272
48 	2.22526	[146.92079208  27.35643564 154.64356436]	[178. 106. 182.]	[66. -0. 76.]	[43.02490257 39.13130578 39.13130578]	2.86139	8  	1  	2.65147
49 	1.86448	[161.57425743  14.7029703  167.2970297 ]	[178. 120. 182.]	[50. -0. 62.]	[35.99596967 32.57088068 32.57088068]	1.89109	8  	1  	1.9595 
50 	1.87454	[161.23762376  15.77227723 166.22772277]	[178. 110. 182.]	[64. -0. 72.]	[35.14613017 33.69398724 33.69398724]	1.9505 	8  	1  	2.09373
51 	1.95005	[155.32673267  20.26732673 161.73267327]	[178. 113. 182.]	[54. -0. 69.]	[40.10484006 36.59029008 36.59029008]	2.32673	8  	1  	2.38439
52 	1.96026	[158.36633663  17.62376238 164.37623762]	[178. 103. 182.]	[64. -0. 79.]	[37.67230324 34.28299567 34.28299567]	2.09901	11 	1  	2.21384
53 	1.97904	[154.53465347  20.26732673 161.73267327]	[178. 104. 182.]	[63. -0. 78.]	[40.23583063 35.53854165 35.53854165]	2.31683	8  	1  	2.31624
54 	2.02463	[161.18811881  14.         168.        ]	[178. 106. 182.]	[44. -0. 76.]	[36.86870278 31.33466748 31.33466748]	1.9901 	8  	1  	2.16861
55 	1.97595	[156.82178218  17.97029703 164.02970297]	[178. 106. 182.]	[58. -0. 76.]	[39.55579993 34.50741216 34.50741216]	2.19802	8  	1  	2.26912
56 	1.86966	[156.96039604  17.79207921 164.20792079]	[178. 104. 182.]	[64. -0. 78.]	[38.02810862 33.16216287 33.16216287]	2.18812	10 	1  	2.24584
57 	1.97332	[151.51485149  23.47524752 158.52475248]	[178. 115. 182.]	[56. -0. 67.]	[43.25027645 38.84791215 38.84791215]	2.35644	10 	1  	2.45185
58 	1.88822	[157.42574257  17.64356436 164.35643564]	[178. 107. 182.]	[54. -0. 75.]	[39.52473759 34.23754646 34.23754646]	2.13861	8  	1  	2.27787
59 	1.90125	[160.31683168  15.66336634 166.33663366]	[178. 111. 182.]	[68. -0. 71.]	[36.93556892 33.18453571 33.18453571]	2.0099 	8  	1  	2.16404
60 	1.78124	[162.74257426  13.83168317 168.16831683]	[178. 102. 182.]	[70. -0. 80.]	[34.05198515 31.09107328 31.09107328]	1.81188	8  	1  	1.90732
61 	1.87933	[161.94059406  13.17821782 168.82178218]	[178. 101. 182.]	[59. -0. 81.]	[34.77276212 29.1406273  29.1406273 ]	1.93069	8  	1  	2.06459
62 	1.88608	[154.25742574  22.01980198 159.98019802]	[178. 106. 182.]	[65. -0. 76.]	[40.67320948 37.90346785 37.90346785]	2.30693	8  	1  	2.30257
63 	1.85061	[161.75247525  14.45544554 167.54455446]	[178. 106. 182.]	[66. -0. 76.]	[35.23230008 31.90906782 31.90906782]	1.87129	8  	1  	2.01314
64 	1.89782	[155.64356436  18.87128713 163.12871287]	[178. 108. 182.]	[70. -0. 74.]	[39.33093513 34.16722515 34.16722515]	2.19802	8  	1  	2.23837
65 	2.16531	[156.34653465  18.7029703  163.2970297 ]	[178. 102. 182.]	[63. -0. 80.]	[38.20487648 33.67654663 33.67654663]	2.19802	8  	1  	2.2295 
66 	1.94963	[162.68316832  14.15841584 167.84158416]	[178. 114. 182.]	[61. -0. 68.]	[34.43718077 32.06235653 32.06235653]	1.80198	9  	1  	1.99514
67 	1.95274	[161.08910891  15.06930693 166.93069307]	[178. 103. 182.]	[71. -0. 79.]	[35.31585878 32.03378706 32.03378706]	1.9604 	8  	1  	2.06777
68 	1.79766	[165.26732673  10.4950495  171.5049505 ]	[178.  95. 182.]	[54. -0. 87.]	[32.10221642 26.92734036 26.92734036]	1.71287	8  	1  	1.83657
69 	1.94582	[161.03960396  15.93069307 166.06930693]	[178. 104. 182.]	[60. -0. 78.]	[35.64703778 33.32624733 33.32624733]	2.06931	8  	1  	2.27016
70 	1.95758	[154.27722772  20.54455446 161.45544554]	[178. 108. 182.]	[61. -0. 74.]	[40.57729912 35.96877765 35.96877765]	2.29703	8  	1  	2.28445
71 	1.95884	[158.82178218  18.62376238 163.37623762]	[178. 112. 182.]	[72. -0. 70.]	[36.60719943 35.88260603 35.88260603]	2.10891	8  	1  	2.20216
72 	1.83585	[163.15841584  12.31683168 169.68316832]	[178.  98. 182.]	[64. -0. 84.]	[33.28149745 28.1396555  28.1396555 ]	1.91089	8  	1  	2.05903
73 	1.80009	[160.46534653  16.14851485 165.85148515]	[178. 100. 182.]	[65. -0. 82.]	[34.56392108 32.34418433 32.34418433]	2.0099 	8  	1  	2.14104
74 	2.05788	[150.18811881  25.06930693 156.93069307]	[178. 122. 182.]	[68. -0. 60.]	[42.27297263 38.82564668 38.82564668]	2.57426	12 	1  	2.53821
75 	1.7671 	[161.52475248  14.83168317 167.16831683]	[178. 120. 182.]	[66. -0. 62.]	[35.64778028 32.84981405 32.84981405]	1.76238	8  	1  	1.77523
76 	1.93177	[158.24752475  17.3960396  164.6039604 ]	[178. 108. 182.]	[48. -0. 74.]	[37.93517293 34.03902222 34.03902222]	2.07921	11 	1  	2.20568
77 	1.75271	[163.56435644  12.22772277 169.77227723]	[178. 107. 182.]	[65. -0. 75.]	[33.51234909 28.9345048  28.9345048 ]	1.82178	8  	1  	1.90047
78 	1.95158	[160.78217822  15.46534653 166.53465347]	[178. 109. 182.]	[47. -0. 73.]	[36.2837017 32.7382552 32.7382552]   	2.07921	8  	1  	2.21016
79 	1.87058	[158.2970297   17.64356436 164.35643564]	[178. 122. 182.]	[63. -0. 60.]	[37.72189651 34.34178362 34.34178362]	2.20792	12 	1  	2.41003
80 	2.05722	[150.71287129  24.03960396 157.96039604]	[178. 111. 182.]	[37. -0. 71.]	[42.72160319 38.33100257 38.33100257]	2.52475	8  	1  	2.42346
81 	1.78738	[163.94059406  12.26732673 169.73267327]	[178. 110. 182.]	[68. -0. 72.]	[32.75617145 29.75174214 29.75174214]	1.77228	8  	1  	1.95434
82 	1.69749	[165.02970297  11.63366337 170.36633663]	[178. 104. 182.]	[73. -0. 78.]	[31.31300158 28.88924661 28.88924661]	1.70297	8  	1  	1.78855
83 	1.91842	[160.47524752  15.35643564 166.64356436]	[178. 106. 182.]	[56. -0. 76.]	[36.71312228 33.02281964 33.02281964]	1.9802 	8  	1  	2.09658
84 	1.8588 	[159.94059406  16.74257426 165.25742574]	[178. 115. 182.]	[65. -0. 67.]	[36.68674506 34.64920483 34.64920483]	2      	8  	1  	2.07293
85 	2.10092	[159.25742574  17.23762376 164.76237624]	[178. 106. 182.]	[38. -0. 76.]	[37.37385475 34.22990081 34.22990081]	2.12871	8  	1  	2.29361
86 	1.87508	[160.88118812  14.89108911 167.10891089]	[178. 110. 182.]	[53. -0. 72.]	[37.3220629  32.64173996 32.64173996]	1.93069	8  	1  	2.05015
87 	1.88099	[158.57425743  17.52475248 164.47524752]	[178. 105. 182.]	[56. -0. 77.]	[38.39743869 34.6680422  34.6680422 ]	2      	9  	1  	2.12947
88 	2.12248	[154.8019802   21.63366337 160.36633663]	[178. 112. 182.]	[59. -0. 70.]	[40.08160483 37.61022685 37.61022685]	2.28713	8  	1  	2.33075
89 	1.89512	[159.02970297  16.9009901  165.0990099 ]	[178. 107. 182.]	[53. -0. 75.]	[37.50840314 33.94098109 33.94098109]	2.07921	8  	1  	2.22356
90 	1.97427	[156.31683168  19.8019802  162.1980198 ]	[178. 104. 182.]	[46. -0. 78.]	[39.19383936 36.09202205 36.09202205]	2.28713	8  	1  	2.43057
91 	1.84595	[159.99009901  16.24752475 165.75247525]	[178. 120. 182.]	[66. -0. 62.]	[36.47282864 33.26771275 33.26771275]	1.9703 	8  	1  	2.06554
92 	2.11264	[154.13861386  20.66336634 161.33663366]	[178. 107. 182.]	[59. -0. 75.]	[41.19214327 35.98907349 35.98907349]	2.30693	8  	1  	2.41588
93 	1.93223	[155.83168317  19.53465347 162.46534653]	[178.  99. 182.]	[46. -0. 83.]	[39.52967786 34.59026486 34.59026486]	2.18812	12 	1  	2.34083
94 	1.75564	[166.10891089  10.10891089 171.89108911]	[178.  96. 182.]	[54. -0. 86.]	[31.36116694 26.81432342 26.81432342]	1.63366	8  	1  	1.70452
95 	2.06681	[154.0990099   20.44554455 161.55445545]	[178. 104. 182.]	[57. -0. 78.]	[40.21932567 35.22501228 35.22501228]	2.33663	8  	1  	2.29626
96 	2.1668 	[152.26732673  23.02970297 158.97029703]	[178. 105. 182.]	[70. -0. 77.]	[40.14377406 36.2801136  36.2801136 ]	2.50495	11 	1  	2.56258
97 	1.78986	[159.38613861  17.4950495  164.5049505 ]	[178. 119. 182.]	[72. -0. 63.]	[36.65465548 34.68204197 34.68204197]	1.9604 	8  	1  	1.9797 
98 	1.79017	[161.16831683  12.81188119 169.18811881]	[178. 116. 182.]	[55. -0. 66.]	[37.67134302 29.85168382 29.85168382]	1.81188	8  	1  	1.87592
99 	1.8678 	[160.45544554  14.66336634 167.33663366]	[178. 108. 182.]	[71. -0. 74.]	[35.69633333 31.10323826 31.10323826]	1.9901 	8  	1  	2.06093
100	2.22254	[154.59405941  20.47524752 161.52475248]	[178. 111. 182.]	[49. -0. 71.]	[40.32029639 35.99741301 35.99741301]	2.37624	8  	1  	2.404  
101	1.99006	[159.32673267  15.74257426 166.25742574]	[178. 103. 182.]	[59. -0. 79.]	[36.82850513 31.25736459 31.25736459]	2.07921	8  	1  	2.17858
102	1.83383	[157.36633663  17.55445545 164.44554455]	[178. 111. 182.]	[43. -0. 71.]	[39.86306332 34.17644237 34.17644237]	2.10891	8  	1  	2.17046
103	1.91551	[156.45544554  19.64356436 162.35643564]	[178. 111. 182.]	[30. -0. 71.]	[40.4960638  36.97700226 36.97700226]	2.13861	8  	1  	2.17561
104	1.93986	[157.53465347  18.05940594 163.94059406]	[178. 107. 182.]	[46. -0. 75.]	[38.2313345  34.11971405 34.11971405]	2.13861	8  	1  	2.22955
105	2.0288 	[159.44554455  16.78217822 165.21782178]	[178. 101. 182.]	[53. -0. 81.]	[36.92659973 33.85630788 33.85630788]	2.07921	8  	1  	2.23688
106	2.10536	[156.11881188  19.74257426 162.25742574]	[178. 115. 182.]	[64. -0. 67.]	[38.77385235 35.93521494 35.93521494]	2.20792	8  	1  	2.2573 
107	1.91024	[156.95049505  20.17821782 161.82178218]	[178. 106. 182.]	[63. -0. 76.]	[37.35549749 36.27600359 36.27600359]	2.26733	8  	1  	2.29891
108	1.88478	[156.31683168  19.01980198 162.98019802]	[178. 118. 182.]	[58. -0. 64.]	[38.3255804  34.63300669 34.63300669]	2.19802	8  	1  	2.26038
109	1.98035	[153.00990099  20.33663366 161.66336634]	[178.  99. 182.]	[64. -0. 83.]	[40.70261505 34.23398729 34.23398729]	2.38614	8  	1  	2.34191
110	1.82646	[155.61386139  19.62376238 162.37623762]	[178. 110. 182.]	[59. -0. 72.]	[39.6659243  35.45876185 35.45876185]	2.12871	8  	1  	2.25443
111	1.86592	[159.71287129  16.93069307 165.06930693]	[178. 109. 182.]	[66. -0. 73.]	[36.13542642 34.14246722 34.14246722]	2.06931	8  	1  	2.16753
112	2.03955	[156.32673267  18.79207921 163.20792079]	[178. 113. 182.]	[30. -0. 69.]	[40.7987354  35.24885135 35.24885135]	2.20792	8  	1  	2.31789
113	2.21977	[155.4950495  20.2970297 161.7029703]   	[178. 114. 182.]	[69. -0. 68.]	[38.58040948 35.55376477 35.55376477]	2.31683	8  	1  	2.41255
114	1.86559	[160.17821782  16.43564356 165.56435644]	[178. 100. 182.]	[48. -0. 82.]	[36.26399246 33.61530057 33.61530057]	1.94059	8  	1  	2.03349
115	1.80758	[164.46534653  12.82178218 169.17821782]	[178.  96. 182.]	[72. -0. 86.]	[31.52637254 29.97437719 29.97437719]	1.83168	8  	1  	1.97544
116	1.93878	[155.99009901  18.06930693 163.93069307]	[178. 106. 182.]	[57. -0. 76.]	[39.03527094 33.12151567 33.12151567]	2.29703	10 	1  	2.43141
117	1.88246	[153.26732673  22.86138614 159.13861386]	[178. 134. 182.]	[33. -0. 48.]	[42.15503942 38.86076433 38.86076433]	2.28713	8  	1  	2.29652
118	1.97517	[152.30693069  23.91089109 158.08910891]	[178. 105. 182.]	[59. -0. 77.]	[41.87930385 38.8844694  38.8844694 ]	2.35644	8  	1  	2.40702
119	1.9027 	[159.98019802  15.5049505  166.4950495 ]	[178. 107. 182.]	[70. -0. 75.]	[35.49954126 31.4465203  31.4465203 ]	2.0297 	8  	1  	2.0941 
120	1.82139	[153.59405941  22.57425743 159.42574257]	[178. 125. 182.]	[50. -0. 57.]	[40.81476587 38.3176785  38.3176785 ]	2.19802	8  	1  	2.06824
121	1.83248	[160.30693069  15.04950495 166.95049505]	[178. 101. 182.]	[20. -0. 81.]	[37.53539388 31.90157395 31.90157395]	1.9703 	8  	1  	2.06074
122	1.82178	[160.55445545  15.05940594 166.94059406]	[178. 110. 182.]	[70. -0. 72.]	[35.48489436 31.48685779 31.48685779]	2.0099 	8  	1  	2.02213
123	1.77749	[160.61386139  14.68316832 165.51485149]	[178. 105. 182.]	[ 0. -0. -0.]	[36.64790197 31.57293323 35.61805468]	2      	8  	1  	2.0246 
124	2.3006 	[149.4950495   25.69306931 156.30693069]	[178. 107. 182.]	[51. -0. 75.]	[42.4829899  38.70879926 38.70879926]	2.62376	8  	1  	2.54407
125	1.75648	[164.47524752  12.27722772 169.72277228]	[178. 102. 182.]	[80. -0. 80.]	[31.33833071 28.9410869  28.9410869 ]	1.72277	8  	1  	1.80274
126	1.97249	[155.92079208  20.45544554 161.54455446]	[178. 105. 182.]	[68. -0. 77.]	[38.0092962  35.85601701 35.85601701]	2.34653	8  	1  	2.35652
127	1.93637	[158.06930693  18.07920792 163.92079208]	[178. 108. 182.]	[69. -0. 74.]	[37.1489529  34.21790486 34.21790486]	2.08911	8  	1  	2.12528
128	1.82748	[158.42574257  17.11881188 164.88118812]	[178. 125. 182.]	[44. -0. 57.]	[38.77539961 34.68679868 34.68679868]	2.05941	8  	1  	2.11932
129	1.97788	[155.48514851  20.55445545 161.44554455]	[178. 106. 182.]	[54. -0. 76.]	[39.79417686 36.68935024 36.68935024]	2.24752	8  	1  	2.23122
130	1.89447	[161.40594059  13.23762376 168.76237624]	[178. 138. 182.]	[30. -0. 44.]	[36.53268663 29.90882135 29.90882135]	1.91089	8  	1  	2.02997
131	1.75344	[163.78217822  12.63366337 169.36633663]	[178.  95. 182.]	[57. -0. 87.]	[32.1511295  29.05192442 29.05192442]	1.79208	8  	1  	1.82022
132	1.80905	[162.02970297  14.36633663 167.63366337]	[178. 106. 182.]	[65. -0. 76.]	[34.58822997 31.68368502 31.68368502]	1.93069	8  	1  	2.05015
133	2.01298	[155.20792079  20.45544554 161.54455446]	[178. 101. 182.]	[43. -0. 81.]	[40.29011545 36.34720487 36.34720487]	2.32673	8  	1  	2.40506
134	1.96173	[163.96039604  13.04950495 168.95049505]	[178. 107. 182.]	[68. -0. 75.]	[32.70447355 30.8305417  30.8305417 ]	1.86139	8  	1  	2.0635 
135	1.80184	[156.4950495  18.4950495 163.5049505]   	[178. 109. 182.]	[48. -0. 73.]	[41.16968599 36.19190429 36.19190429]	2.05941	8  	1  	2.08636
136	1.99551	[159.84158416  15.67326733 166.32673267]	[178. 108. 182.]	[50. -0. 74.]	[38.20858145 33.36509972 33.36509972]	1.9901 	8  	1  	2.11311
137	1.98695	[155.4950495  20.        162.       ]   	[178. 117. 182.]	[42. -0. 65.]	[40.82045298 36.44635282 36.44635282]	2.20792	8  	1  	2.2529 
138	2.02247	[154.4950495  19.1980198 162.8019802]   	[178. 103. 182.]	[65. -0. 79.]	[40.45548189 34.19310909 34.19310909]	2.32673	8  	1  	2.32553
139	1.85591	[160.84158416  14.86138614 167.13861386]	[178. 109. 182.]	[63. -0. 73.]	[36.32001131 31.97989149 31.97989149]	1.93069	8  	1  	1.99632
140	2.21843	[154.58415842  18.61386139 163.38613861]	[178.  97. 182.]	[47. -0. 85.]	[40.62878737 33.03072986 33.03072986]	2.34653	11 	1  	2.43504
141	2.07993	[157.40594059  18.66336634 163.33663366]	[178. 124. 182.]	[38. -0. 58.]	[37.72914891 34.66309626 34.66309626]	2.23762	8  	1  	2.38456
142	1.85945	[161.47524752  14.66336634 167.33663366]	[178.  97. 182.]	[61. -0. 85.]	[34.75418461 31.13632663 31.13632663]	1.9505 	8  	1  	2.06995
143	1.91786	[158.69306931  17.63366337 164.36633663]	[178. 103. 182.]	[67. -0. 79.]	[36.92184482 34.0479344  34.0479344 ]	2.09901	8  	1  	2.12717
144	1.94743	[161.27722772  13.85148515 168.14851485]	[178. 107. 182.]	[67. -0. 75.]	[36.1613871  30.49602673 30.49602673]	1.9901 	8  	1  	2.1868 
145	1.9507 	[163.0990099   13.76237624 168.23762376]	[178.  98. 182.]	[30. -0. 84.]	[33.88521829 31.1741034  31.1741034 ]	1.86139	8  	1  	1.98524
146	1.75853	[168.33663366   8.91089109 173.08910891]	[178. 108. 182.]	[77. -0. 74.]	[27.81810694 25.94705157 25.94705157]	1.63366	8  	1  	1.84403
147	1.78052	[161.72277228  14.66336634 167.33663366]	[178. 111. 182.]	[60. -0. 71.]	[35.52885282 32.30892873 32.30892873]	1.9505 	8  	1  	2.09373
148	1.98959	[157.11881188  18.13861386 163.86138614]	[178. 109. 182.]	[65. -0. 73.]	[39.03623276 34.74148651 34.74148651]	2.16832	8  	1  	2.22083
149	1.90726	[160.5049505   16.94059406 165.05940594]	[178. 113. 182.]	[65. -0. 69.]	[35.68776138 34.70835257 34.70835257]	2.05941	15 	1  	2.3707 
150	1.78918	[158.51485149  17.27722772 164.72277228]	[178. 103. 182.]	[77. -0. 79.]	[37.10131002 33.83949266 33.83949266]	2.07921	15 	1  	2.36594
151	1.89803	[162.11881188  13.94059406 168.05940594]	[178.  97. 182.]	[82. -0. 85.]	[33.13288191 30.04248536 30.04248536]	2.0198 	8  	1  	2.17538
152	1.88639	[156.72277228  19.43564356 162.56435644]	[178. 107. 182.]	[68. -0. 75.]	[38.47311491 35.83416585 35.83416585]	2.08911	8  	1  	2.06383
153	2.07544	[152.08910891  23.58415842 158.41584158]	[178. 110. 182.]	[63. -0. 72.]	[41.23996404 38.28637979 38.28637979]	2.44554	8  	1  	2.39833
154	2.1196 	[159.43564356  15.17821782 166.82178218]	[178. 118. 182.]	[52. -0. 64.]	[37.83298782 31.77875124 31.77875124]	2.09901	11 	1  	2.31869
155	1.80393	[158.17821782  18.86138614 163.13861386]	[178. 120. 182.]	[45. -0. 62.]	[38.19138777 36.83681695 36.83681695]	2.10891	8  	1  	2.17957
156	1.89216	[157.81188119  16.95049505 165.04950495]	[178. 121. 182.]	[48. -0. 61.]	[39.0274625  33.37052005 33.37052005]	1.9703 	8  	1  	2.03171
157	1.71362	[163.64356436  13.24752475 168.75247525]	[178. 122. 182.]	[66. -0. 60.]	[33.62919057 31.60724505 31.60724505]	1.82178	8  	1  	1.94171
158	1.97728	[156.71287129  17.91089109 164.08910891]	[178. 102. 182.]	[58. -0. 80.]	[39.78813611 34.25706518 34.25706518]	2.23762	8  	1  	2.34267
159	1.76577	[156.65346535  18.59405941 163.40594059]	[178. 100. 182.]	[66. -0. 82.]	[38.64779672 34.07684334 34.07684334]	1.9901 	8  	1  	1.89054
160	2.10371	[159.53465347  16.94059406 165.05940594]	[178. 102. 182.]	[70. -0. 80.]	[36.39784684 33.66310134 33.66310134]	2.0297 	10 	1  	2.18208
161	1.91322	[156.44554455  19.17821782 162.82178218]	[178. 115. 182.]	[33. -0. 67.]	[40.46988252 36.32755167 36.32755167]	2.13861	8  	1  	2.18469
162	1.8534 	[161.28712871  14.2970297  167.7029703 ]	[178. 102. 182.]	[65. -0. 80.]	[35.1273036  30.58879124 30.58879124]	1.91089	8  	1  	1.9605 
163	1.91008	[160.58415842  15.82178218 166.17821782]	[178.  97. 182.]	[75. -0. 85.]	[35.29543412 32.52459725 32.52459725]	2.05941	8  	1  	2.21526
164	1.71837	[166.26732673  10.76237624 171.23762376]	[178. 108. 182.]	[73. -0. 74.]	[29.81357624 27.73714974 27.73714974]	1.72277	8  	1  	1.85685
165	1.94607	[157.25742574  19.52475248 162.47524752]	[178. 104. 182.]	[52. -0. 78.]	[38.56809677 36.38833293 36.38833293]	2.15842	8  	1  	2.26787
166	1.84509	[158.72277228  16.47524752 165.52475248]	[178. 114. 182.]	[62. -0. 68.]	[36.87203422 32.78540911 32.78540911]	2.0396 	8  	1  	2.05817
167	1.96838	[156.51485149  17.8019802  164.1980198 ]	[178. 103. 182.]	[53. -0. 79.]	[39.03301823 32.92536408 32.92536408]	2.26733	8  	1  	2.34158
168	1.94362	[163.82178218  12.72277228 169.27722772]	[178. 106. 182.]	[67. -0. 76.]	[32.05206039 29.03706024 29.03706024]	1.94059	8  	1  	2.13793
169	1.95572	[163.22772277  13.27722772 168.72277228]	[178. 116. 182.]	[63. -0. 66.]	[34.30263714 31.32048291 31.32048291]	1.83168	8  	1  	1.98045
170	1.97202	[155.41584158  19.23762376 162.76237624]	[178. 103. 182.]	[57. -0. 79.]	[39.76496974 34.80871307 34.80871307]	2.22772	8  	1  	2.26415
171	1.85418	[158.78217822  16.86138614 165.13861386]	[178. 107. 182.]	[71. -0. 75.]	[36.78882847 32.88896101 32.88896101]	1.9802 	8  	1  	1.99495
172	1.86593	[157.86138614  19.18811881 162.81188119]	[178. 101. 182.]	[74. -0. 81.]	[37.34347656 35.77866859 35.77866859]	2.16832	11 	1  	2.3211 
173	1.94324	[148.44554455  25.86138614 156.13861386]	[178. 111. 182.]	[41. -0. 71.]	[44.961254   40.05887492 40.05887492]	2.58416	8  	1  	2.45057
174	1.7953 	[156.87128713  18.56435644 163.43564356]	[178. 120. 182.]	[52. -0. 62.]	[38.45961322 34.80622905 34.80622905]	2.15842	8  	1  	2.2059 
175	1.96656	[155.86138614  19.69306931 162.30693069]	[178. 110. 182.]	[57. -0. 72.]	[39.08027527 35.3910943  35.3910943 ]	2.18812	8  	1  	2.26778
176	2.0439 	[155.28712871  18.23762376 163.76237624]	[178.  98. 182.]	[66. -0. 84.]	[38.88121963 32.74992208 32.74992208]	2.37624	10 	1  	2.5827 
177	1.84885	[159.55445545  16.72277228 165.27722772]	[178. 109. 182.]	[70. -0. 73.]	[36.30112653 33.96157375 33.96157375]	1.9802 	8  	1  	2.00485
178	1.79689	[165.47524752  11.84158416 170.15841584]	[178. 100. 182.]	[76. -0. 82.]	[30.2388492  28.69944377 28.69944377]	1.66337	8  	1  	1.69611
179	1.82906	[161.79207921  13.25742574 168.74257426]	[178. 103. 182.]	[48. -0. 79.]	[35.20781777 29.832089   29.832089  ]	1.86139	7  	1  	1.89334
180	1.86131	[160.27722772  14.59405941 167.40594059]	[178. 121. 182.]	[47. -0. 61.]	[37.44887441 31.85274852 31.85274852]	2      	8  	1  	2.13875
181	1.9978 	[154.37623762  21.28712871 160.71287129]	[178. 112. 182.]	[39. -0. 70.]	[40.7197258  37.04087564 37.04087564]	2.40594	8  	1  	2.46632
182	1.76501	[159.97029703  15.20792079 166.79207921]	[178. 101. 182.]	[69. -0. 81.]	[36.65262554 31.6954308  31.6954308 ]	1.9505 	8  	1  	2.02644
183	1.94747	[158.64356436  16.35643564 165.64356436]	[178. 113. 182.]	[40. -0. 69.]	[38.30533509 32.73674901 32.73674901]	2.05941	8  	1  	2.1701 
184	1.84955	[160.84158416  16.25742574 165.74257426]	[178. 105. 182.]	[57. -0. 77.]	[34.96298826 33.20791194 33.20791194]	1.9802 	8  	1  	2.1013 
185	1.93226	[160.40594059  16.45544554 165.54455446]	[178. 102. 182.]	[71. -0. 80.]	[35.65488544 34.20628301 34.20628301]	1.9703 	8  	1  	2.06074
186	1.9888 	[158.63366337  18.06930693 163.93069307]	[178. 103. 182.]	[73. -0. 79.]	[36.09331217 34.60734696 34.60734696]	2.20792	8  	1  	2.29643
187	1.89053	[154.0990099  19.3960396 162.6039604]   	[178. 114. 182.]	[60. -0. 68.]	[41.37739971 34.74890958 34.74890958]	2.14851	8  	1  	2.07954
188	1.82033	[164.28712871  12.35643564 169.64356436]	[178. 100. 182.]	[73. -0. 82.]	[32.09741874 29.08151199 29.08151199]	1.77228	8  	1  	1.903  
189	1.75911	[163.02970297  13.22772277 168.77227723]	[178. 106. 182.]	[51. -0. 76.]	[33.75082117 30.22518823 30.22518823]	1.84158	8  	1  	1.92293
190	1.98412	[158.78217822  16.79207921 165.20792079]	[178. 103. 182.]	[60. -0. 79.]	[37.98869138 33.80530067 33.80530067]	2.06931	8  	1  	2.16295
191	1.82466	[160.62376238  15.66336634 166.33663366]	[178.  97. 182.]	[76. -0. 85.]	[35.18377537 32.49745679 32.49745679]	1.9901 	8  	1  	2.07529
192	2.14198	[159.99009901  14.83168317 167.16831683]	[178. 104. 182.]	[59. -0. 78.]	[36.65938888 31.23056047 31.23056047]	2.10891	8  	1  	2.28166
193	1.84854	[153.44554455  17.89108911 162.30693069]	[178. 104. 182.]	[ 0. -0. -0.]	[44.25365124 33.55500907 37.23134594]	2.22772	9  	1  	2.25977
194	1.95816	[160.21782178  15.         167.        ]	[178. 102. 182.]	[66. -0. 80.]	[35.12089558 30.35858304 30.35858304]	2.06931	8  	1  	2.22612
195	1.88769	[159.77227723  15.57425743 166.42574257]	[178.  99. 182.]	[63. -0. 83.]	[37.19253656 31.81081033 31.81081033]	2.0198 	8  	1  	2.106  
196	1.94583	[159.72277228  16.16831683 165.83168317]	[178. 110. 182.]	[52. -0. 72.]	[37.31087459 33.40423561 33.40423561]	2.07921	8  	1  	2.22356
197	1.87824	[157.27722772  17.69306931 164.30693069]	[178. 103. 182.]	[71. -0. 79.]	[38.42831021 33.9273372  33.9273372 ]	2.12871	8  	1  	2.20109
198	1.86122	[159.86138614  15.62376238 166.37623762]	[178. 108. 182.]	[46. -0. 74.]	[37.14062911 32.54208288 32.54208288]	2.0198 	10 	1  	2.19802
199	1.92517	[159.66336634  14.89108911 167.10891089]	[178.  96. 182.]	[62. -0. 86.]	[37.28676064 31.29258318 31.29258318]	2.06931	11 	1  	2.29618
200	1.65098	[164.00990099  12.73267327 169.26732673]	[178. 104. 182.]	[74. -0. 78.]	[32.55170907 30.13201682 30.13201682]	1.74257	8  	1  	1.80018
201	1.8582 	[160.63366337  15.51485149 166.48514851]	[178.  99. 182.]	[54. -0. 83.]	[35.47017232 32.39013842 32.39013842]	1.9703 	8  	1  	2.03657
202	1.91916	[163.25742574  13.08910891 168.91089109]	[178. 107. 182.]	[42. -0. 75.]	[34.48623013 30.66558655 30.66558655]	1.76238	8  	1  	1.83016
203	1.82897	[162.2970297   13.82178218 168.17821782]	[178. 104. 182.]	[76. -0. 78.]	[33.91735575 31.0949985  31.0949985 ]	1.93069	8  	1  	2.04532
204	1.97329	[157.1980198   17.63366337 164.36633663]	[178.  98. 182.]	[58. -0. 84.]	[38.71219518 33.5000289  33.5000289 ]	2.05941	8  	1  	2.08161
205	1.91435	[158.92079208  18.05940594 163.94059406]	[178. 113. 182.]	[67. -0. 69.]	[36.40848644 35.24702692 35.24702692]	1.9901 	8  	1  	2.07529
206	1.84982	[163.04950495  14.05940594 167.94059406]	[178. 113. 182.]	[68. -0. 69.]	[33.40699406 31.74147481 31.74147481]	1.91089	8  	1  	2.09714
207	1.9453 	[155.3960396   21.83168317 160.16831683]	[178.  99. 182.]	[73. -0. 83.]	[38.62361644 37.48849838 37.48849838]	2.34653	8  	1  	2.38575
208	1.85686	[163.         14.9009901 167.0990099]   	[178. 104. 182.]	[68. -0. 78.]	[32.69026561 32.68648098 32.68648098]	1.90099	8  	1  	1.98262
209	2.05641	[154.4950495   20.75247525 161.24752475]	[178. 101. 182.]	[64. -0. 81.]	[40.30959981 36.31010713 36.31010713]	2.27723	8  	1  	2.22994
210	2.0154 	[156.56435644  19.3960396  162.6039604 ]	[178. 107. 182.]	[64. -0. 75.]	[38.13976793 34.7434955  34.7434955 ]	2.25743	8  	1  	2.27624
211	2.20088	[155.44554455  21.40594059 160.59405941]	[178. 109. 182.]	[59. -0. 73.]	[39.6984862  37.72153788 37.72153788]	2.33663	8  	1  	2.41397
212	1.92729	[159.79207921  15.99009901 166.00990099]	[178. 107. 182.]	[62. -0. 75.]	[38.07608767 34.13325519 34.13325519]	1.87129	8  	1  	1.89665
213	1.86084	[159.51485149  17.30693069 164.69306931]	[178. 107. 182.]	[52. -0. 75.]	[37.45191342 35.23660972 35.23660972]	2.05941	8  	1  	2.14717
214	1.94105	[158.76237624  17.0990099  164.9009901 ]	[178. 102. 182.]	[55. -0. 80.]	[37.83370296 34.04089124 34.04089124]	2.10891	12 	1  	2.28599
215	1.87202	[158.88118812  17.05940594 164.94059406]	[178. 101. 182.]	[54. -0. 81.]	[37.66193738 33.96964917 33.96964917]	2.0495 	8  	1  	2.17718
216	1.74939	[163.93069307  12.8019802  169.1980198 ]	[178. 118. 182.]	[59. -0. 64.]	[34.11838952 31.25399612 31.25399612]	1.77228	8  	1  	1.88207
217	2.01119	[157.82178218  18.05940594 163.94059406]	[178. 115. 182.]	[58. -0. 67.]	[37.65328961 34.40435782 34.40435782]	2.12871	8  	1  	2.24563
218	1.99667	[157.23762376  18.75247525 163.24752475]	[178. 101. 182.]	[34. -0. 81.]	[38.98975456 35.60242676 35.60242676]	2.10891	8  	1  	2.12436
219	1.93627	[159.94059406  16.02970297 165.97029703]	[178. 109. 182.]	[68. -0. 73.]	[35.69114536 32.54257088 32.54257088]	2.0495 	8  	1  	2.1998 
220	2.11102	[158.5049505   17.69306931 164.30693069]	[178. 100. 182.]	[75. -0. 82.]	[37.28764926 34.19389749 34.19389749]	2.14851	13 	1  	2.45509
221	1.84731	[164.35643564  11.41584158 170.58415842]	[178. 102. 182.]	[64. -0. 80.]	[31.8590908 27.1830128 27.1830128]   	1.77228	8  	1  	1.84488
222	2.04186	[157.79207921  18.92079208 163.07920792]	[178. 104. 182.]	[67. -0. 78.]	[37.61222595 35.76482125 35.76482125]	2.15842	8  	1  	2.19239
223	1.80537	[164.57425743  11.73267327 170.26732673]	[178. 105. 182.]	[83. -0. 77.]	[31.15256185 27.82579866 27.82579866]	1.82178	8  	1  	1.9366 
224	1.9999 	[151.08910891  25.96039604 156.03960396]	[178. 119. 182.]	[64. -0. 63.]	[41.71238129 40.7401621  40.7401621 ]	2.49505	8  	1  	2.40307
225	2.00626	[156.66336634  19.74257426 162.25742574]	[178. 122. 182.]	[43. -0. 60.]	[38.8577699  36.56207348 36.56207348]	2.23762	8  	1  	2.34689
226	1.93721	[159.32673267  15.9009901  166.0990099 ]	[178. 123. 182.]	[35. -0. 59.]	[38.31167361 33.1257744  33.1257744 ]	2.0099 	8  	1  	2.09901
227	1.94238	[158.04950495  19.30693069 162.69306931]	[178. 120. 182.]	[66. -0. 62.]	[36.98096279 37.06583455 37.06583455]	2.17822	8  	1  	2.24003
228	1.87235	[164.57425743  12.66336634 169.33663366]	[178. 104. 182.]	[56. -0. 78.]	[32.46364197 30.78262247 30.78262247]	1.79208	8  	1  	1.97166
229	1.69869	[167.96039604   8.93069307 173.06930693]	[178. 107. 182.]	[69. -0. 75.]	[28.92425095 26.19774664 26.19774664]	1.57426	8  	1  	1.66708
230	1.82469	[163.2970297  13.5049505 168.4950495]   	[178.  94. 182.]	[60. -0. 88.]	[32.95648032 30.43890936 30.43890936]	1.89109	8  	1  	2.029  
231	1.78647	[161.55445545  14.99009901 167.00990099]	[178. 102. 182.]	[54. -0. 80.]	[35.60439267 32.56995367 32.56995367]	1.85149	8  	1  	1.95689
232	1.79542	[156.4950495   18.33663366 163.66336634]	[178. 115. 182.]	[25. -0. 67.]	[41.28568034 35.93676438 35.93676438]	1.92079	8  	1  	1.90197
233	1.95978	[158.54455446  16.75247525 165.24752475]	[178. 113. 182.]	[69. -0. 69.]	[37.23235172 33.1639808  33.1639808 ]	2.14851	8  	1  	2.2576 
234	1.93715	[155.94059406  20.13861386 161.86138614]	[178. 107. 182.]	[51. -0. 75.]	[39.0769289  36.11067413 36.11067413]	2.19802	8  	1  	2.16644
235	2.03446	[155.83168317  18.40594059 163.59405941]	[178.  96. 182.]	[68. -0. 86.]	[37.95361142 32.56864136 32.56864136]	2.28713	9  	1  	2.3561 
236	1.8101 	[158.46534653  16.83168317 165.16831683]	[178. 108. 182.]	[41. -0. 74.]	[38.70466095 33.61549304 33.61549304]	1.9604 	8  	1  	2.00455
237	1.91569	[157.01980198  18.67326733 163.32673267]	[178. 102. 182.]	[63. -0. 80.]	[37.97314846 34.50874732 34.50874732]	2.13861	8  	1  	2.12961
238	2.06603	[156.16831683  19.05940594 162.94059406]	[178. 110. 182.]	[44. -0. 72.]	[39.52942739 35.1969907  35.1969907 ]	2.29703	8  	1  	2.36955
239	1.93902	[159.15841584  17.51485149 164.48514851]	[178. 107. 182.]	[69. -0. 75.]	[37.06422915 34.70116095 34.70116095]	2.05941	8  	1  	2.17921
240	2.09133	[160.45544554  15.34653465 166.65346535]	[178. 106. 182.]	[72. -0. 76.]	[35.60440643 31.86370593 31.86370593]	2.11881	13 	1  	2.45469
241	1.7744 	[161.93069307  15.00990099 166.99009901]	[178. 104. 182.]	[47. -0. 78.]	[33.82490073 31.97693942 31.97693942]	1.91089	8  	1  	1.9605 
242	1.91256	[161.94059406  13.73267327 168.26732673]	[178. 100. 182.]	[73. -0. 82.]	[33.81657622 29.38002659 29.38002659]	1.9604 	8  	1  	2.08683
243	1.8637 	[159.98019802  14.04950495 166.14851485]	[178. 101. 182.]	[ 0. -0. -0.]	[38.81333347 30.9926137  35.13718127]	1.91089	7  	1  	1.95037
244	1.99634	[154.0990099   22.23762376 159.76237624]	[178. 121. 182.]	[69. -0. 61.]	[40.90789097 38.30341311 38.30341311]	2.32673	8  	1  	2.32979
245	1.89932	[157.13861386  17.99009901 164.00990099]	[178. 111. 182.]	[59. -0. 71.]	[37.85277099 33.39428274 33.39428274]	2.28713	8  	1  	2.38534
246	1.96761	[158.01980198  17.7029703  164.2970297 ]	[178. 103. 182.]	[73. -0. 79.]	[36.33915604 33.26864684 33.26864684]	2.20792	14 	1  	2.44673
247	2.01023	[158.46534653  17.6039604  164.3960396 ]	[178. 109. 182.]	[70. -0. 73.]	[37.39819564 34.21483646 34.21483646]	2.15842	8  	1  	2.28959
248	1.90741	[151.58415842  23.03960396 158.96039604]	[178. 106. 182.]	[50. -0. 76.]	[43.16128338 38.15028147 38.15028147]	2.25743	8  	1  	2.11386
249	2.06174	[152.84158416  21.25742574 158.94059406]	[178. 105. 182.]	[ 0. -0. -0.]	[43.26907127 37.0668792  40.27475483]	2.40594	14 	1  	2.60684
250	1.81234	[155.27722772  22.47524752 159.52475248]	[178. 108. 182.]	[63. -0. 74.]	[38.17212679 37.66648695 37.66648695]	2.33663	8  	1  	2.35585
251	1.9138 	[166.13861386  11.42574257 170.57425743]	[178. 110. 182.]	[49. -0. 72.]	[30.45952669 29.19560069 29.19560069]	1.74257	8  	1  	1.95318
252	1.81028	[155.88118812  19.79207921 162.20792079]	[178. 102. 182.]	[22. -0. 80.]	[39.58879908 35.50130853 35.50130853]	2.22772	8  	1  	2.29455
253	1.95801	[150.99009901  25.79207921 156.20792079]	[178. 104. 182.]	[75. -0. 78.]	[40.86526886 39.43921676 39.43921676]	2.51485	11 	1  	2.49599
254	1.87955	[160.43564356  15.74257426 166.25742574]	[178.  98. 182.]	[75. -0. 84.]	[34.53436109 31.69772252 31.69772252]	2.05941	8  	1  	2.21078
255	2.0603 	[155.20792079  20.9009901  161.0990099 ]	[178. 106. 182.]	[52. -0. 76.]	[40.22567941 36.96144766 36.96144766]	2.32673	8  	1  	2.41738
256	1.92463	[156.84158416  19.82178218 162.17821782]	[178. 106. 182.]	[31. -0. 76.]	[38.72771992 36.25716619 36.25716619]	2.09901	8  	1  	2.16866
257	1.89875	[159.10891089  18.34653465 163.65346535]	[178. 110. 182.]	[60. -0. 72.]	[37.27603774 36.32592715 36.32592715]	2.05941	8  	1  	2.13329
258	1.73853	[164.51485149  12.71287129 169.28712871]	[178. 103. 182.]	[79. -0. 79.]	[31.30324813 30.01594845 30.01594845]	1.85149	12 	1  	2.0985 
259	1.78971	[161.1980198   16.08910891 165.91089109]	[178. 108. 182.]	[70. -0. 74.]	[35.14750243 34.1122489  34.1122489 ]	1.9901 	8  	1  	2.12246
260	1.91795	[160.87128713  15.68316832 166.31683168]	[178. 122. 182.]	[66. -0. 60.]	[34.93123751 32.66115587 32.66115587]	2.08911	11 	1  	2.27817
261	1.86446	[158.71287129  15.71287129 166.28712871]	[178.  98. 182.]	[40. -0. 84.]	[38.30501263 31.7191689  31.7191689 ]	2.07921	11 	1  	2.2413 
262	2.00517	[144.95049505  28.5049505  153.4950495 ]	[178. 103. 182.]	[52. -0. 79.]	[43.49220398 38.3348002  38.3348002 ]	2.93069	11 	1  	2.63735
263	2.02295	[154.92079208  19.55445545 162.44554455]	[178. 111. 182.]	[67. -0. 71.]	[39.55186673 34.8326907  34.8326907 ]	2.15842	11 	1  	2.24152
264	2.18476	[153.62376238  21.51485149 160.48514851]	[178. 111. 182.]	[45. -0. 71.]	[40.96529598 37.01661759 37.01661759]	2.38614	8  	1  	2.37966
265	2.1153 	[155.33663366  20.10891089 161.89108911]	[178. 104. 182.]	[67. -0. 78.]	[38.81417451 35.0193443  35.0193443 ]	2.28713	11 	1  	2.40188
266	1.93841	[160.24752475  16.         166.        ]	[178. 104. 182.]	[61. -0. 78.]	[36.16612001 33.06728813 33.06728813]	2      	8  	1  	2.0777 
267	1.65227	[161.97029703  14.8019802  167.1980198 ]	[178.  99. 182.]	[70. -0. 83.]	[33.58348706 31.54001695 31.54001695]	1.82178	8  	1  	1.82608
268	2.01747	[156.41584158  19.7029703  162.2970297 ]	[178. 117. 182.]	[53. -0. 65.]	[39.34394347 36.15684878 36.15684878]	2.17822	8  	1  	2.18635
269	1.82159	[154.57425743  22.51485149 159.48514851]	[178. 123. 182.]	[62. -0. 59.]	[39.1380766  38.28957252 38.28957252]	2.26733	8  	1  	2.18859
270	2.04459	[159.65346535  15.53465347 166.46534653]	[178. 100. 182.]	[64. -0. 82.]	[36.07512394 31.59350866 31.59350866]	2.09901	8  	1  	2.21831
271	1.94752	[156.65346535  16.33663366 163.86138614]	[178. 105. 182.]	[ 0. -0. -0.]	[41.7141227  32.83962748 36.66439439]	2.16832	8  	1  	2.30398
272	1.83951	[157.13861386  18.66336634 163.33663366]	[178. 119. 182.]	[59. -0. 63.]	[38.86331205 35.12052155 35.12052155]	2.13861	8  	1  	2.16649
273	1.73303	[164.16831683  11.64356436 170.35643564]	[178. 120. 182.]	[65. -0. 62.]	[32.4504403  28.23612747 28.23612747]	1.72277	8  	1  	1.76948
274	2.02285	[159.31683168  16.46534653 165.53465347]	[178. 106. 182.]	[56. -0. 76.]	[37.89796899 33.89546082 33.89546082]	2.08911	8  	1  	2.23429
275	1.93501	[155.18811881  20.01980198 161.98019802]	[178. 104. 182.]	[59. -0. 78.]	[40.38937045 36.40448786 36.40448786]	2.30693	8  	1  	2.33672
276	1.91741	[157.46534653  18.05940594 163.94059406]	[178. 102. 182.]	[61. -0. 80.]	[38.19609756 34.25958615 34.25958615]	2.17822	8  	1  	2.22673
277	1.97921	[152.34653465  22.12871287 159.87128713]	[178. 130. 182.]	[32. -0. 52.]	[42.15469757 37.4786179  37.4786179 ]	2.30693	8  	1  	2.28097
278	1.68858	[163.58415842  12.83168317 169.16831683]	[178. 101. 182.]	[45. -0. 81.]	[33.75047263 30.01915867 30.01915867]	1.77228	8  	1  	1.87152
279	1.92365	[160.94059406  15.41584158 166.58415842]	[178.  98. 182.]	[67. -0. 84.]	[34.56972343 31.66947724 31.66947724]	2.0099 	8  	1  	2.09429
280	2.02136	[158.04950495  17.85148515 164.14851485]	[178. 105. 182.]	[31. -0. 77.]	[37.6238223  33.80590672 33.80590672]	2.18812	8  	1  	2.25464
281	1.86999	[156.63366337  20.52475248 161.47524752]	[178. 116. 182.]	[45. -0. 66.]	[39.00614899 37.54247603 37.54247603]	2.10891	8  	1  	2.10092
282	1.88398	[157.78217822  19.25742574 162.74257426]	[178. 115. 182.]	[71. -0. 67.]	[37.73975606 36.55449031 36.55449031]	2.18812	8  	1  	2.26778
283	1.75982	[162.71287129  13.06930693 168.93069307]	[178. 102. 182.]	[53. -0. 80.]	[34.44045993 30.05317315 30.05317315]	1.81188	8  	1  	1.91251
284	1.77776	[159.79207921  16.57425743 165.42574257]	[178.  98. 182.]	[68. -0. 84.]	[36.09512099 32.78291832 32.78291832]	2.08911	8  	1  	2.18047
285	1.9096 	[157.0990099  18.6039604 163.3960396]   	[178. 108. 182.]	[66. -0. 74.]	[37.8510643  34.63246323 34.63246323]	2.23762	8  	1  	2.33844
286	1.89286	[166.41584158   9.15841584 172.84158416]	[178. 101. 182.]	[60. -0. 81.]	[30.73916692 25.2040122  25.2040122 ]	1.71287	8  	1  	1.90537
287	2.06311	[155.65346535  20.11881188 161.88118812]	[178. 125. 182.]	[33. -0. 57.]	[40.72108356 37.36951877 37.36951877]	2.27723	8  	1  	2.36777
288	1.87063	[162.99009901   9.97029703 170.22772277]	[178.  99. 182.]	[ 0. -0. -0.]	[37.15994198 25.80983597 30.90191483]	1.75248	8  	1  	1.8743 
289	1.90199	[162.27722772  14.05940594 167.94059406]	[178. 103. 182.]	[41. -0. 79.]	[35.48367881 31.78760633 31.78760633]	1.85149	8  	1  	1.94675
290	1.96834	[157.07920792  18.20792079 163.79207921]	[178. 112. 182.]	[68. -0. 70.]	[38.04991073 33.52974646 33.52974646]	2.25743	8  	1  	2.32359
291	2.31492	[155.58415842  19.88118812 162.11881188]	[178. 114. 182.]	[65. -0. 68.]	[39.68221971 35.80455392 35.80455392]	2.47525	13 	1  	2.76683
292	1.92902	[162.84158416  14.33663366 167.66336634]	[178. 117. 182.]	[56. -0. 65.]	[34.17854479 32.25648365 32.25648365]	1.80198	12 	1  	2.07302
293	1.8734 	[157.38613861  19.61386139 162.38613861]	[178. 120. 182.]	[56. -0. 62.]	[39.47827333 37.947846   37.947846  ]	2.15842	8  	1  	2.25473
294	1.79223	[166.43564356  11.68316832 170.31683168]	[178. 111. 182.]	[73. -0. 71.]	[30.21324077 30.66908357 30.66908357]	1.65347	8  	1  	1.7824 
295	1.73381	[163.45544554  12.96039604 169.03960396]	[178. 104. 182.]	[65. -0. 78.]	[32.7739104  30.10375484 30.10375484]	1.78218	7  	1  	1.7944 
296	1.76569	[164.30693069  11.42574257 168.77227723]	[178. 110. 182.]	[ 0. -0. -0.]	[35.65865192 30.13183788 34.51757514]	1.72277	8  	1  	1.86218
297	1.81182	[163.78217822  12.37623762 169.62376238]	[178. 102. 182.]	[67. -0. 80.]	[33.14821321 29.0986208  29.0986208 ]	1.78218	8  	1  	1.85944
298	2.09332	[156.91089109  19.2970297  162.7029703 ]	[178. 102. 182.]	[57. -0. 80.]	[38.44839643 35.30645036 35.30645036]	2.30693	8  	1  	2.40767
299	1.93936	[151.36633663  23.94059406 158.05940594]	[178. 106. 182.]	[56. -0. 76.]	[42.52890055 38.35524976 38.35524976]	2.32673	8  	1  	2.19409