   	       	                                            fitness                                            	               size              
   	       	-----------------------------------------------------------------------------------------------	---------------------------------
gen	time   	avg                    	max                    	min                    	std                    	avg    	max	min	std      
0  	7.21305	[0.21031471 0.05488774]	[0.43333333 0.26197183]	[0. 0.]                	[0.08760528 0.05253159]	3.27723	9  	1  	2.2826   
1  	9.5871 	[0.27103151 0.08958851]	[0.6        0.31549296]	[0.07142857 0.0084507 ]	[0.10384359 0.07266257]	4.38235	10 	1  	2.69365  
2  	12.2472	[0.30492058 0.11029673]	[0.6        0.31549296]	[0. 0.]                	[0.12507046 0.08453052]	5.39806	10 	1  	2.95053  
3  	15.0496	[0.38308252 0.14926869]	[0.66336634 0.36901408]	[0. 0.]                	[0.14325168 0.08983179]	6.66346	10 	1  	2.70189  
4  	21.0871	[0.42674881 0.16238766]	[0.64705882 0.36901408]	[0. 0.]                	[0.15787167 0.08984608]	8.2    	10 	1  	2.06743  
5  	25.4079	[0.50575954 0.1930109 ]	[0.66129032 0.36901408]	[0.07142857 0.01408451]	[0.12016342 0.07741837]	9.04717	10 	3  	1.0036   
6  	25.9254	[0.56338921 0.21687508]	[0.66129032 0.36338028]	[0.13235294 0.02535211]	[0.10063801 0.06809691]	9.38318	10 	4  	0.756836 
7  	27.0639	[0.58460628 0.21744914]	[0.66129032 0.36338028]	[0.23913043 0.03661972]	[0.0879273  0.06799084]	9.52778	10 	5  	0.810331 
8  	28.0945	[0.59411827 0.20708102]	[0.66129032 0.36338028]	[0.09302326 0.01126761]	[0.09990433 0.06443508]	9.61468	10 	5  	0.844934 
9  	28.0263	[0.60330551 0.21498079]	[0.66666667 0.36338028]	[0.13235294 0.02535211]	[0.09901785 0.05779416]	9.66364	10 	5  	0.766068 
10 	29.2539	[0.62597586 0.2099226 ]	[0.67213115 0.32394366]	[0.13793103 0.02253521]	[0.07979734 0.04109801]	9.81081	10 	9  	0.391659 
11 	28.9294	[0.63095353 0.20231388]	[0.69318182 0.26197183]	[0.13235294 0.02535211]	[0.08706909 0.04535907]	9.85714	10 	5  	0.548653 
12 	28.5851	[0.62579237 0.19491462]	[0.69318182 0.35774648]	[0.16666667 0.03098592]	[0.09480646 0.05275515]	9.87611	10 	5  	0.680093 
13 	29.316 	[0.63561633 0.18134421]	[0.69318182 0.3943662 ]	[0.16666667 0.03098592]	[0.08822582 0.0550816 ]	9.85965	10 	5  	0.72399  
14 	29.7873	[0.63718062 0.17023882]	[0.69318182 0.27605634]	[0.11111111 0.01690141]	[0.09274623 0.05073161]	9.87826	10 	5  	0.711982 
15 	30.9793	[0.64144022 0.18720253]	[0.69318182 0.32957746]	[0.28571429 0.06197183]	[0.06320233 0.0485532 ]	9.91379	10 	5  	0.595514 
16 	32.2008	[0.64234105 0.18307452]	[0.69318182 0.29577465]	[0.13235294 0.02535211]	[0.09723166 0.04608156]	9.96581	10 	7  	0.290347 
17 	32.773 	[0.64374101 0.17791836]	[0.70731707 0.32957746]	[0.1509434  0.02253521]	[0.09943279 0.04319313]	9.92373	10 	6  	0.472225 
18 	33.1499	[0.66148871 0.18040005]	[0.70731707 0.27605634]	[0.40298507 0.07605634]	[0.05752199 0.03254944]	9.9916 	10 	9  	0.0912839
19 	33.6515	[0.66313284 0.17237089]	[0.70731707 0.25915493]	[0.28301887 0.04225352]	[0.06450274 0.02761257]	9.96667	10 	6  	0.363624 
20 	34.6687	[0.66668584 0.16754743]	[0.70731707 0.26478873]	[0.32432432 0.06197183]	[0.06191437 0.02665984]	10     	10 	10 	0        
21 	34.9476	[0.66240598 0.16818287]	[0.70731707 0.30985915]	[0.22       0.03098592]	[0.07965293 0.03076195]	9.95082	10 	6  	0.380949 
22 	36.6592	[0.67090289 0.16482308]	[0.71590909 0.25070423]	[0.34579439 0.07605634]	[0.0689852  0.02098272]	9.93496	10 	6  	0.505898 
23 	36.894 	[0.66365547 0.16867333]	[0.72222222 0.28732394]	[0.19607843 0.02816901]	[0.08986393 0.0325227 ]	9.84677	10 	6  	0.751819 
24 	38.3095	[0.67038035 0.16448451]	[0.72222222 0.26478873]	[0.27536232 0.04225352]	[0.08940416 0.02619299]	9.92   	10 	6  	0.515364 
25 	39.3186	[0.65496035 0.16358149]	[0.72222222 0.26478873]	[0.13235294 0.02535211]	[0.11478994 0.03603757]	9.90476	10 	5  	0.6227   
26 	40.3281	[0.67039167 0.16743928]	[0.72222222 0.28450704]	[0.25531915 0.03380282]	[0.08681884 0.02894928]	9.9685 	10 	7  	0.278834 
27 	40.7057	[0.68407208 0.16908011]	[0.72222222 0.21971831]	[0.18181818 0.02816901]	[0.08632391 0.02615243]	9.94531	10 	6  	0.401337 
28 	41.1097	[0.66981338 0.17606726]	[0.72222222 0.30985915]	[0.125      0.01690141]	[0.10725061 0.03201043]	9.91473	10 	6  	0.482741 
29 	42.9929	[0.6862134  0.17995666]	[0.72222222 0.27605634]	[0.35151515 0.12676056]	[0.06140074 0.01926308]	9.99231	10 	9  	0.0873678
30 	42.2064	[0.66990757 0.17783034]	[0.72222222 0.27042254]	[0.25757576 0.04788732]	[0.09575098 0.02423539]	9.8626 	10 	5  	0.707251 
31 	43.0326	[0.66915476 0.16978233]	[0.72222222 0.29295775]	[0.13235294 0.02535211]	[0.11489716 0.03637611]	9.90152	10 	5  	0.661264 
32 	43.8003	[0.67613198 0.1749444 ]	[0.72222222 0.24788732]	[0.22058824 0.04225352]	[0.08814054 0.02605716]	9.98496	10 	9  	0.121702 
33 	44.6053	[0.68499822 0.17899937]	[0.72222222 0.31267606]	[0.23383085 0.06760563]	[0.06673432 0.02427003]	9.97761	10 	7  	0.258192 
34 	43.7956	[0.67048427 0.17742306]	[0.72222222 0.24507042]	[0.3125     0.04225352]	[0.09029545 0.03077366]	9.96296	10 	8  	0.224678 
35 	43.659 	[0.66289935 0.17390224]	[0.72222222 0.28732394]	[0.17721519 0.02816901]	[0.10970109 0.03533241]	9.85294	10 	6  	0.658981 
36 	44.0356	[0.67625509 0.17343477]	[0.72222222 0.31549296]	[0.14814815 0.02253521]	[0.09164565 0.03074063]	9.91971	10 	6  	0.499027 
37 	44.4067	[0.67431084 0.17162686]	[0.72222222 0.23943662]	[0.27536232 0.05070423]	[0.08805749 0.02746547]	9.94928	10 	7  	0.367571 
38 	45.0507	[0.68110806 0.17653258]	[0.72222222 0.23098592]	[0.2195122  0.05070423]	[0.09414528 0.02345228]	9.96403	10 	7  	0.279003 
39 	44.5085	[0.66838226 0.17710262]	[0.72222222 0.29859155]	[0.20792079 0.03098592]	[0.10429798 0.03325997]	9.94286	10 	6  	0.42714  
40 	45.8342	[0.69062869 0.17868345]	[0.72222222 0.23943662]	[0.3220339  0.05352113]	[0.06838418 0.02082272]	9.95745	10 	7  	0.354752 
41 	46.5614	[0.6720199  0.17206903]	[0.72222222 0.23943662]	[0.15384615 0.02253521]	[0.09954917 0.03148414]	9.97887	10 	7  	0.250866 
42 	45.5689	[0.67990702 0.17510096]	[0.72222222 0.33521127]	[0.28787879 0.05352113]	[0.07729545 0.02903744]	9.96503	10 	7  	0.275137 
43 	47.3823	[0.68445176 0.17568466]	[0.72222222 0.23943662]	[0.11290323 0.01971831]	[0.08023307 0.02340541]	9.97222	10 	7  	0.262055 
44 	47.1709	[0.66726231 0.17041282]	[0.72222222 0.23943662]	[0.14       0.01971831]	[0.11444652 0.03470091]	9.88276	10 	4  	0.728754 
45 	47.7425	[0.66177003 0.17208181]	[0.72222222 0.27887324]	[0.20634921 0.03661972]	[0.11298299 0.03420387]	9.92466	10 	6  	0.469415 
46 	48.2904	[0.67891702 0.17252084]	[0.72222222 0.35492958]	[0.20454545 0.03661972]	[0.09261318 0.03024735]	9.95238	10 	7  	0.356348 
47 	49.5672	[0.67538914 0.16975638]	[0.72527473 0.25915493]	[0.05555556 0.0084507 ]	[0.10780948 0.03144001]	9.97297	10 	6  	0.327685 
48 	48.1402	[0.67516949 0.17536629]	[0.72527473 0.29295775]	[0.16       0.02253521]	[0.09836915 0.02684903]	9.93289	10 	5  	0.500529 
49 	49.8482	[0.68539795 0.17748357]	[0.72941176 0.28450704]	[0.3125     0.05633803]	[0.06651083 0.02324128]	9.99333	10 	9  	0.081377 
50 	50.5618	[0.67097241 0.17336069]	[0.72941176 0.29577465]	[0.14634146 0.01690141]	[0.09429087 0.03460287]	9.93377	10 	5  	0.469872 
51 	52.3698	[0.67168137 0.17173832]	[0.72941176 0.26760563]	[0.2        0.03380282]	[0.10362196 0.03171923]	9.97368	10 	8  	0.227901 
52 	56.317 	[0.68008743 0.17011875]	[0.72941176 0.23098592]	[0.16666667 0.03098592]	[0.08702753 0.02818601]	10     	10 	10 	0        
53 	57.0159	[0.68404321 0.17492226]	[0.73033708 0.38309859]	[0.13888889 0.02816901]	[0.0846931  0.03425972]	9.97403	10 	8  	0.226436 
54 	59.0543	[0.6794016  0.16994094]	[0.73493976 0.30704225]	[0.2        0.03380282]	[0.09417649 0.03346661]	10     	10 	10 	0        
55 	62.4186	[0.68567481 0.16821957]	[0.75       0.25070423]	[0.2519685  0.04507042]	[0.08421085 0.0298314 ]	10     	10 	10 	0        
56 	63.0993	[0.6902689  0.16849377]	[0.75       0.27042254]	[0.22222222 0.05070423]	[0.07449898 0.02847208]	9.96815	10 	5  	0.397771 
57 	64.1553	[0.70101423 0.1647709 ]	[0.75       0.25070423]	[0.19230769 0.02816901]	[0.07384768 0.0243719 ]	9.96203	10 	4  	0.475821 
58 	65.8854	[0.68892948 0.16136062]	[0.75       0.24507042]	[0.17142857 0.01690141]	[0.10671992 0.02917186]	9.97484	10 	8  	0.222894 
59 	67.1931	[0.69865811 0.16065141]	[0.75       0.22253521]	[0.29411765 0.04225352]	[0.08147953 0.02677987]	10     	10 	10 	0        
60 	68.9483	[0.69572839 0.15781646]	[0.76388889 0.21690141]	[0.225      0.02816901]	[0.09026444 0.02876793]	10     	10 	10 	0        
61 	68.9562	[0.71186793 0.1585985 ]	[0.78571429 0.25070423]	[0.28947368 0.06197183]	[0.07484667 0.02489806]	10     	10 	10 	0        
62 	69.9631	[0.71295041 0.15384084]	[0.78571429 0.21126761]	[0.11363636 0.01408451]	[0.08943616 0.02561349]	9.96933	10 	5  	0.390427 
63 	71.9701	[0.69919077 0.15127104]	[0.78571429 0.25070423]	[0.23170732 0.02816901]	[0.11387976 0.03033924]	9.98171	10 	7  	0.233545 
64 	75.3564	[0.7171947  0.15581733]	[0.78571429 0.22253521]	[0.21568627 0.03098592]	[0.0766187  0.02495117]	10     	10 	10 	0        
65 	75.125 	[0.7062071  0.15472595]	[0.78571429 0.25070423]	[0. 0.]                	[0.09729485 0.03144921]	9.9759 	10 	6  	0.309524 
66 	77.8269	[0.72256751 0.15668382]	[0.78571429 0.28169014]	[0.16666667 0.02253521]	[0.09070032 0.02967008]	9.98802	10 	8  	0.154301 
67 	79.7443	[0.72653354 0.1563548 ]	[0.78571429 0.2       ]	[0.21818182 0.03380282]	[0.08290276 0.0253577 ]	10     	10 	10 	0        
68 	79.5365	[0.72719986 0.16011334]	[0.78873239 0.21126761]	[0.10638298 0.01408451]	[0.09295919 0.02769896]	9.98225	10 	7  	0.230085 
69 	79.2966	[0.7217848  0.16086164]	[0.78873239 0.25070423]	[0.07142857 0.01408451]	[0.1093808  0.03214238]	9.98235	10 	7  	0.229412 
70 	79.3039	[0.72856214 0.16491228]	[0.78873239 0.28450704]	[0.17647059 0.04225352]	[0.0954447  0.02953953]	9.96491	10 	4  	0.457488 
71 	78.3896	[0.72670655 0.16688503]	[0.79012346 0.2084507 ]	[0.18181818 0.02816901]	[0.10695464 0.03014044]	10     	10 	10 	0        
72 	79.385 	[0.72810797 0.16772775]	[0.79761905 0.23098592]	[0.10416667 0.01408451]	[0.09732494 0.02614825]	10     	10 	10 	0        
73 	81.4728	[0.73349217 0.16818844]	[0.79761905 0.27605634]	[0.16455696 0.02816901]	[0.09686141 0.03047398]	10     	10 	10 	0        
74 	80.9655	[0.74166049 0.1717505 ]	[0.79761905 0.26197183]	[0.25531915 0.03380282]	[0.08526476 0.02610799]	10     	10 	10 	0        
75 	81.8256	[0.74204725 0.17013444]	[0.79761905 0.25070423]	[0.21875    0.03943662]	[0.07575097 0.02424879]	10     	10 	10 	0        
76 	83.5105	[0.73718053 0.1664359 ]	[0.79761905 0.24507042]	[0.2826087  0.03661972]	[0.07980514 0.02842545]	10     	10 	10 	0        
77 	83.1658	[0.7358667  0.16947302]	[0.79761905 0.32394366]	[0.18032787 0.03098592]	[0.1019934  0.03230326]	9.97191	10 	5  	0.373712 
78 	85.2763	[0.73358281 0.16865214]	[0.8        0.23943662]	[0.20833333 0.02816901]	[0.10734128 0.03143689]	9.95531	10 	6  	0.378489 
79 	85.7657	[0.73306264 0.17223787]	[0.8        0.33239437]	[0.24489796 0.03380282]	[0.09582683 0.03026348]	10     	10 	10 	0        
80 	85.3504	[0.73119044 0.17052369]	[0.8        0.21126761]	[0.15       0.02535211]	[0.10770065 0.02841926]	10     	10 	10 	0        
81 	86.7561	[0.74340333 0.17492648]	[0.8        0.32394366]	[0.22033898 0.03098592]	[0.08918518 0.02998206]	10     	10 	10 	0        
82 	84.7935	[0.73542371 0.17623336]	[0.8        0.34084507]	[0.22222222 0.03380282]	[0.09744913 0.03307867]	9.98907	10 	8  	0.14744  
83 	84.6788	[0.74855884 0.17752603]	[0.8        0.27605634]	[0.07936508 0.01408451]	[0.07916772 0.02573025]	9.97283	10 	5  	0.367602 
84 	85.4301	[0.74459543 0.17629235]	[0.8        0.32394366]	[0.16326531 0.02253521]	[0.10322809 0.03136697]	9.96757	10 	4  	0.439935 
85 	84.8147	[0.736138   0.17882781]	[0.80487805 0.33239437]	[0.11111111 0.01690141]	[0.10860581 0.0341059 ]	10     	10 	10 	0        
86 	86.0389	[0.73226755 0.17860963]	[0.80487805 0.34084507]	[0.14893617 0.01971831]	[0.10468436 0.03804734]	10     	10 	10 	0        
87 	87.0024	[0.74064954 0.17641594]	[0.80487805 0.21690141]	[0.1547619  0.03098592]	[0.0938441  0.02451928]	9.9734 	10 	5  	0.363691 
88 	89.356 	[0.73882307 0.17409643]	[0.80487805 0.32394366]	[0.11764706 0.02253521]	[0.1073324  0.03320114]	10     	10 	10 	0        
89 	89.6661	[0.74913816 0.17879911]	[0.81481481 0.31830986]	[0.11666667 0.01971831]	[0.08371355 0.02492631]	10     	10 	10 	0        
90 	90.503 	[0.74890876 0.17662414]	[0.81481481 0.22253521]	[0.33333333 0.04507042]	[0.08251925 0.02426958]	10     	10 	10 	0        
91 	90.7555	[0.73592586 0.17372359]	[0.81481481 0.31830986]	[0.23529412 0.03380282]	[0.10299331 0.03375775]	10     	10 	10 	0        
92 	92.424 	[0.74339876 0.17914325]	[0.825      0.31830986]	[0.18604651 0.04507042]	[0.0829143  0.02908422]	10     	10 	10 	0        
93 	92.5722	[0.73950675 0.1731378 ]	[0.825      0.31830986]	[0.16363636 0.01971831]	[0.11233454 0.03491131]	10     	10 	10 	0        
94 	92.2813	[0.75057451 0.17498014]	[0.825      0.31830986]	[0.25       0.04225352]	[0.0915132  0.03077196]	10     	10 	10 	0        
95 	93.2163	[0.75848262 0.17664559]	[0.82926829 0.22253521]	[0.19587629 0.04225352]	[0.08795141 0.02425063]	10     	10 	10 	0        
96 	94.1181	[0.76389567 0.17619218]	[0.82926829 0.23380282]	[0.39583333 0.05352113]	[0.07154735 0.0234761 ]	10     	10 	10 	0        
97 	95.0505	[0.75547423 0.17528809]	[0.82926829 0.25352113]	[0.11904762 0.01408451]	[0.10234685 0.02826047]	10     	10 	10 	0        
98 	95.9452	[0.755172   0.17466204]	[0.82926829 0.27605634]	[0.15686275 0.02253521]	[0.10295831 0.02955673]	10     	10 	10 	0        
99 	94.5107	[0.75552902 0.17502817]	[0.82926829 0.25352113]	[0.16       0.03380282]	[0.11135276 0.02987068]	9.965  	10 	6  	0.351817 
100	96.2846	[0.7562935  0.17464789]	[0.82926829 0.25352113]	[0.2244898  0.03661972]	[0.10662308 0.03027122]	9.98507	10 	7  	0.211077 
101	98.0354	[0.77308585 0.17594478]	[0.82926829 0.1971831 ]	[0.26470588 0.05070423]	[0.0792828  0.02253363]	10     	10 	10 	0        
102	98.9867	[0.77108498 0.17775619]	[0.82926829 0.47323944]	[0.25       0.05070423]	[0.08932233 0.03251004]	10     	10 	10 	0        
103	98.5499	[0.77542991 0.17916321]	[0.82926829 0.25352113]	[0.20967742 0.03661972]	[0.0918622  0.02630008]	9.98529	10 	7  	0.209527 
104	98.0789	[0.772525   0.17896256]	[0.82926829 0.25352113]	[0.42771084 0.09577465]	[0.0734521  0.02087035]	10     	10 	10 	0        
105	99.1086	[0.76573078 0.17539997]	[0.82926829 0.29014085]	[0.32142857 0.05070423]	[0.08509931 0.02664286]	10     	10 	10 	0        
106	98.3997	[0.76336698 0.17437572]	[0.82926829 0.25352113]	[0.27272727 0.05070423]	[0.09247904 0.02796967]	10     	10 	10 	0        
107	97.5139	[0.75309403 0.17323944]	[0.82926829 0.24507042]	[0.140625   0.02535211]	[0.11140405 0.03028232]	9.98077	10 	6  	0.276683 
108	98.9797	[0.752391   0.17266662]	[0.82926829 0.25352113]	[0.2278481  0.03661972]	[0.11156965 0.0324303 ]	10     	10 	10 	0        
109	98.9674	[0.75727734 0.17541247]	[0.82926829 0.25352113]	[0.24528302 0.04225352]	[0.09362277 0.02803289]	10     	10 	10 	0        
110	98.1966	[0.76380369 0.17595621]	[0.82926829 0.25352113]	[0.2        0.02816901]	[0.10001172 0.02938724]	9.99526	10 	9  	0.0686795
111	99.3145	[0.76371371 0.17681371]	[0.82926829 0.25352113]	[0.23214286 0.03661972]	[0.10352708 0.02809695]	10     	10 	10 	0        
112	98.6475	[0.76342899 0.17597038]	[0.82926829 0.25352113]	[0.2        0.03661972]	[0.10253766 0.03023998]	10     	10 	10 	0        
113	101.027	[0.76932996 0.17945242]	[0.82926829 0.27605634]	[0.17808219 0.03661972]	[0.08125158 0.02432693]	10     	10 	10 	0        
114	100    	[0.75542266 0.17319358]	[0.82926829 0.26197183]	[0.125      0.01971831]	[0.10734151 0.03232134]	10     	10 	10 	0        
115	101.47 	[0.76626231 0.17665623]	[0.82926829 0.25352113]	[0.2        0.02816901]	[0.09336777 0.02668234]	9.98148	10 	6  	0.271535 
116	102.263	[0.77666873 0.1806841 ]	[0.82926829 0.26197183]	[0.36486486 0.07605634]	[0.07703008 0.02335011]	10     	10 	10 	0        
117	102.865	[0.76337407 0.17641814]	[0.82926829 0.27605634]	[0.18367347 0.02535211]	[0.10058361 0.03137053]	10     	10 	10 	0        
118	102.514	[0.75917707 0.17511094]	[0.82926829 0.22816901]	[0.14545455 0.02253521]	[0.10617547 0.02940628]	9.9726 	10 	4  	0.404516 
119	103.422	[0.75505377 0.17238156]	[0.82926829 0.22816901]	[0.12698413 0.02253521]	[0.11740645 0.03315567]	10     	10 	10 	0        
120	103.468	[0.76251913 0.17425276]	[0.82926829 0.23380282]	[0.21052632 0.03380282]	[0.09868351 0.02920328]	10     	10 	10 	0        
121	105.121	[0.74930748 0.17285877]	[0.82926829 0.27605634]	[0.18072289 0.03661972]	[0.11755805 0.03536419]	10     	10 	10 	0        
122	104.595	[0.75724447 0.17516579]	[0.82926829 0.25352113]	[0.16071429 0.02535211]	[0.12240788 0.03355213]	9.99103	10 	8  	0.133629 
123	106.545	[0.75829668 0.1749497 ]	[0.82926829 0.22535211]	[0.19047619 0.02253521]	[0.10927425 0.0304249 ]	10     	10 	10 	0        
124	106.423	[0.75535818 0.17434742]	[0.82926829 0.31549296]	[0.11926606 0.03098592]	[0.11598597 0.0336928 ]	9.97333	10 	4  	0.39911  
125	105.962	[0.76496434 0.17831235]	[0.82926829 0.31549296]	[0.2195122  0.02535211]	[0.09529379 0.03008885]	10     	10 	10 	0        
126	105.506	[0.75601694 0.17390333]	[0.82926829 0.25352113]	[0.19354839 0.02535211]	[0.11189162 0.03250499]	9.97797	10 	5  	0.33113  
127	107.342	[0.75573419 0.17421547]	[0.82926829 0.27605634]	[0.16438356 0.02816901]	[0.11718124 0.03323677]	9.97368	10 	4  	0.396487 
128	107.805	[0.75639572 0.17333169]	[0.82926829 0.29577465]	[0.10909091 0.01690141]	[0.1123045 0.0329899]  	9.97817	10 	5  	0.329687 
129	106.786	[0.76352559 0.17744029]	[0.82926829 0.30985915]	[0.2        0.03661972]	[0.10345157 0.03029001]	9.94348	10 	5  	0.503316 
130	109.57 	[0.77398316 0.17855009]	[0.82926829 0.26197183]	[0.19444444 0.03661972]	[0.08662641 0.02426923]	10     	10 	10 	0        
131	109.306	[0.75745948 0.17635988]	[0.82926829 0.25352113]	[0.13461538 0.01971831]	[0.10805203 0.0309137 ]	10     	10 	10 	0        
132	109.211	[0.75872152 0.17562715]	[0.82926829 0.23380282]	[0.13043478 0.01971831]	[0.11444965 0.0310078 ]	9.97854	10 	5  	0.326857 
133	110.23 	[0.76374972 0.17685085]	[0.82926829 0.24788732]	[0.12727273 0.01971831]	[0.10646955 0.02882814]	10     	10 	10 	0        
134	110.582	[0.76432295 0.17635001]	[0.82926829 0.31267606]	[0.15       0.01690141]	[0.10626481 0.03276202]	9.98723	10 	7  	0.195282 
135	111.096	[0.76134356 0.17576987]	[0.82926829 0.25352113]	[0.13461538 0.01971831]	[0.10141823 0.03082194]	10     	10 	10 	0        
136	111.457	[0.75309987 0.1729007 ]	[0.82926829 0.25352113]	[0.19565217 0.03380282]	[0.11270825 0.0323357 ]	10     	10 	10 	0        
137	113.24 	[0.76943213 0.17689667]	[0.82926829 0.29577465]	[0.2244898  0.03098592]	[0.0879016  0.02839554]	10     	10 	10 	0        
138	110.694	[0.76805391 0.17818375]	[0.82926829 0.25352113]	[0.21052632 0.02816901]	[0.10601986 0.03043698]	9.9749 	10 	4  	0.387295 
139	112.569	[0.7626388  0.17617371]	[0.82926829 0.25352113]	[0.12698413 0.01971831]	[0.11428042 0.03137906]	9.96667	10 	5  	0.374907 
140	112.998	[0.75931005 0.17550114]	[0.82926829 0.25352113]	[0.25       0.03661972]	[0.10455487 0.03052337]	10     	10 	10 	0        
141	114.133	[0.75909325 0.17405424]	[0.82926829 0.21690141]	[0.20408163 0.02816901]	[0.11516074 0.03203188]	10     	10 	10 	0        
142	115.371	[0.75610276 0.17550571]	[0.82926829 0.23380282]	[0.14864865 0.03098592]	[0.12190121 0.03244911]	10     	10 	10 	0        
143	115.14 	[0.75779888 0.17425537]	[0.82926829 0.26197183]	[0.2173913  0.03661972]	[0.11325137 0.03250274]	10     	10 	10 	0        
144	114.734	[0.7612598  0.17690141]	[0.82926829 0.28169014]	[0.17567568 0.03380282]	[0.09897628 0.02908942]	10     	10 	10 	0        
145	115.718	[0.76035944 0.17699531]	[0.82926829 0.25352113]	[0.20588235 0.03661972]	[0.10599361 0.02984273]	10     	10 	10 	0        
146	116.68 	[0.7657554  0.17636996]	[0.82926829 0.28450704]	[0.14285714 0.01690141]	[0.09926533 0.02838526]	9.97571	10 	4  	0.380997 
147	117.587	[0.75577099 0.17582917]	[0.82926829 0.29859155]	[0.2        0.03098592]	[0.11728729 0.03366357]	9.9879 	10 	7  	0.190116 
148	117.833	[0.76633665 0.17586968]	[0.82926829 0.25352113]	[0.20930233 0.02535211]	[0.10255226 0.02983114]	10     	10 	10 	0        
149	117.803	[0.76489096 0.17752113]	[0.82926829 0.28732394]	[0.23232323 0.03098592]	[0.10695138 0.03051572]	10     	10 	10 	0        
150	119.375	[0.77134077 0.17822793]	[0.82926829 0.30140845]	[0.09230769 0.01690141]	[0.1057959  0.03136747]	10     	10 	10 	0        
151	120    	[0.756164   0.17511737]	[0.82926829 0.41971831]	[0.11320755 0.01408451]	[0.12447964 0.03803893]	10     	10 	10 	0        
152	118.398	[0.7733856  0.17760953]	[0.82926829 0.2084507 ]	[0.17948718 0.01971831]	[0.09705715 0.02745081]	9.97628	10 	4  	0.376471 
153	120.541	[0.74748691 0.17209715]	[0.82926829 0.24507042]	[0.12162162 0.02253521]	[0.13740637 0.03709426]	10     	10 	10 	0        
154	118.447	[0.75519112 0.17462579]	[0.82926829 0.25352113]	[0.18867925 0.02816901]	[0.11358449 0.03409155]	9.97647	10 	6  	0.279066 
155	121.091	[0.75890158 0.17601232]	[0.82926829 0.25352113]	[0.16666667 0.02535211]	[0.10173232 0.02856562]	10     	10 	10 	0        
156	119.96 	[0.76743877 0.17783745]	[0.82926829 0.25352113]	[0.25862069 0.05070423]	[0.08945554 0.02436881]	9.98833	10 	7  	0.18677  
157	120.93 	[0.75409459 0.17494268]	[0.82926829 0.24225352]	[0.10810811 0.01126761]	[0.1248547  0.03366066]	9.97287	10 	6  	0.310102 
158	121.486	[0.76480618 0.17735603]	[0.82926829 0.28450704]	[0.18181818 0.02253521]	[0.10126609 0.02974936]	10     	10 	10 	0        
159	123.604	[0.76520834 0.17853738]	[0.82926829 0.28450704]	[0.1641791  0.02253521]	[0.10727113 0.03009824]	10     	10 	10 	0        
160	123.44 	[0.75224153 0.17344989]	[0.82926829 0.25352113]	[0.13953488 0.01690141]	[0.12623646 0.0346115 ]	9.99234	10 	8  	0.12356  
161	122.925	[0.75985883 0.17522847]	[0.82926829 0.25352113]	[0.14473684 0.03098592]	[0.10305766 0.02880314]	10     	10 	10 	0        
162	123.228	[0.76448488 0.17567611]	[0.82926829 0.26197183]	[0.17073171 0.01971831]	[0.10389032 0.03005568]	9.98479	10 	6  	0.246181 
163	124.559	[0.75011532 0.17137217]	[0.82926829 0.27323944]	[0.11494253 0.01408451]	[0.12989178 0.03687817]	9.99621	10 	9  	0.0614291
164	124.885	[0.75763627 0.17416955]	[0.82926829 0.27605634]	[0.21153846 0.03098592]	[0.10573257 0.03044308]	10     	10 	10 	0        
165	125.284	[0.75788714 0.17499735]	[0.82926829 0.25915493]	[0.1509434  0.02253521]	[0.11641519 0.03161629]	10     	10 	10 	0        
166	124.819	[0.76285221 0.17690563]	[0.82926829 0.25352113]	[0.14285714 0.02535211]	[0.11225683 0.032053  ]	9.99251	10 	8  	0.122169 
167	127.106	[0.76126423 0.17542569]	[0.82926829 0.25352113]	[0.19298246 0.03098592]	[0.10155931 0.0289044 ]	10     	10 	10 	0        
168	127.443	[0.76227152 0.17683648]	[0.82926829 0.25352113]	[0.1509434  0.02253521]	[0.09680032 0.0278894 ]	10     	10 	10 	0        
169	128.142	[0.75839812 0.17503391]	[0.82926829 0.26478873]	[0.18518519 0.03943662]	[0.11074108 0.03076792]	10     	10 	10 	0        
170	127.289	[0.75453115 0.17539629]	[0.82926829 0.25352113]	[0.19672131 0.03380282]	[0.10361547 0.03173374]	10     	10 	10 	0        
171	126.559	[0.75339781 0.17581814]	[0.82926829 0.30140845]	[0.07142857 0.01408451]	[0.11447157 0.03355685]	9.97426	10 	4  	0.367923 
172	128.136	[0.75455732 0.1750503 ]	[0.82926829 0.30140845]	[0.21186441 0.03098592]	[0.11837748 0.0335999 ]	9.97802	10 	4  	0.362471 
173	129.124	[0.76460438 0.17638532]	[0.82926829 0.27605634]	[0.2295082  0.03661972]	[0.10108088 0.03080537]	10     	10 	10 	0        
174	130.561	[0.76278988 0.1749347 ]	[0.82926829 0.26478873]	[0.18181818 0.01971831]	[0.09961342 0.02910761]	10     	10 	10 	0        
175	129.027	[0.75698174 0.17550521]	[0.82926829 0.28169014]	[0.16071429 0.02535211]	[0.10832196 0.03198236]	9.99638	10 	9  	0.0600838
176	130.896	[0.75809215 0.17331571]	[0.82926829 0.25352113]	[0.20833333 0.02816901]	[0.10860033 0.03293797]	9.97834	10 	4  	0.359854 
177	129.347	[0.76060741 0.17603607]	[0.82926829 0.26197183]	[0.13461538 0.01971831]	[0.10114699 0.02954366]	10     	10 	10 	0        
178	130.375	[0.75541381 0.17513252]	[0.82926829 0.25352113]	[0.16949153 0.02816901]	[0.11820847 0.03332906]	9.98566	10 	6  	0.239044 
179	132.197	[0.75296378 0.17376258]	[0.82926829 0.21971831]	[0.18644068 0.03098592]	[0.10352045 0.02956709]	9.99643	10 	9  	0.0596546
180	131.544	[0.76202469 0.17803619]	[0.82926829 0.26197183]	[0.19565217 0.02535211]	[0.0933437  0.02750736]	9.99644	10 	9  	0.0595488
181	132.055	[0.75242045 0.17409849]	[0.82926829 0.26197183]	[0.15       0.01690141]	[0.11683157 0.03500279]	9.99291	10 	8  	0.118887 
182	132.75 	[0.75995896 0.17506594]	[0.82926829 0.25352113]	[0.12068966 0.01971831]	[0.11850479 0.0334718 ]	9.9788 	10 	4  	0.356032 
183	133.575	[0.74909867 0.17117635]	[0.82926829 0.25352113]	[0.17142857 0.02535211]	[0.12810312 0.03653901]	9.99296	10 	8  	0.118469 
184	133.124	[0.75532007 0.17355078]	[0.82926829 0.27042254]	[0.11538462 0.01690141]	[0.10385962 0.03072005]	9.97895	10 	4  	0.354785 
185	134.429	[0.75721261 0.17282577]	[0.82926829 0.23098592]	[0.13793103 0.02253521]	[0.1155911  0.03269098]	10     	10 	10 	0        
186	135.242	[0.75931276 0.17518771]	[0.82926829 0.28169014]	[0.16883117 0.03661972]	[0.10488846 0.02964036]	9.97213	10 	4  	0.372285 
187	135.741	[0.75754534 0.17511737]	[0.82926829 0.25352113]	[0.08       0.01126761]	[0.11894004 0.03378651]	10     	10 	10 	0        
188	135.999	[0.75911917 0.17329305]	[0.82926829 0.25352113]	[0.25       0.03380282]	[0.10697632 0.03144206]	10     	10 	10 	0        
189	137.382	[0.76788817 0.17944633]	[0.82926829 0.26478873]	[0.21111111 0.04507042]	[0.09612444 0.02623392]	9.99655	10 	9  	0.0586207
190	136.557	[0.75776237 0.17559653]	[0.82926829 0.29295775]	[0.18055556 0.02816901]	[0.11236881 0.0321053 ]	9.97938	10 	5  	0.298198 
191	137.926	[0.76827743 0.17682809]	[0.82926829 0.25352113]	[0.17460317 0.03098592]	[0.09735563 0.02734721]	9.98973	10 	7  	0.175261 
192	134.933	[0.75021621 0.17246551]	[0.82926829 0.26197183]	[0.22033898 0.03380282]	[0.10524005 0.03112115]	9.98635	10 	6  	0.233283 
193	138.41 	[0.76756839 0.17649708]	[0.82926829 0.25352113]	[0.125      0.01690141]	[0.10742368 0.03061274]	10     	10 	10 	0        
194	138.812	[0.7614788  0.17646216]	[0.82926829 0.36619718]	[0.23469388 0.03943662]	[0.09499297 0.02884164]	10     	10 	10 	0        
195	139.174	[0.75886744 0.17654168]	[0.82926829 0.30704225]	[0.12820513 0.01408451]	[0.10383762 0.03059378]	10     	10 	10 	0        
196	138.381	[0.75820483 0.17536871]	[0.82926829 0.28169014]	[0.13157895 0.01408451]	[0.10926921 0.03183125]	9.97643	10 	6  	0.289171 
197	138.93 	[0.74777954 0.17374988]	[0.82926829 0.29014085]	[0. 0.]                	[0.12323597 0.03506586]	10     	10 	10 	0        
198	139.857	[0.76081656 0.17601394]	[0.82926829 0.27323944]	[0.17777778 0.02253521]	[0.10653899 0.03053282]	10     	10 	10 	0        
199	141.208	[0.77029307 0.17847887]	[0.82926829 0.26197183]	[0.14285714 0.01408451]	[0.09213495 0.02620027]	10     	10 	10 	0        
200	141.573	[0.7612115  0.17702494]	[0.82926829 0.27887324]	[0.18888889 0.01971831]	[0.10837043 0.03127159]	9.97342	10 	5  	0.335038 
201	142.611	[0.75687346 0.17337002]	[0.82926829 0.24507042]	[0.225      0.02535211]	[0.107717   0.03153346]	9.98013	10 	4  	0.344689 
202	143.227	[0.76054735 0.17605169]	[0.82926829 0.27605634]	[0.18918919 0.01971831]	[0.11055351 0.03372516]	10     	10 	10 	0        
203	143.233	[0.76050956 0.1767513 ]	[0.82926829 0.25352113]	[0.140625   0.02535211]	[0.10022034 0.0274365 ]	10     	10 	10 	0        
204	144.466	[0.75310456 0.17258832]	[0.82926829 0.25352113]	[0.16666667 0.01690141]	[0.12054536 0.03438427]	10     	10 	10 	0        
205	142.77 	[0.76147908 0.17605634]	[0.82926829 0.25352113]	[0.2183908  0.02535211]	[0.10481813 0.0282235 ]	9.97059	10 	5  	0.364859 
206	144.029	[0.75895365 0.17645548]	[0.82926829 0.34366197]	[0.14814815 0.01971831]	[0.10994468 0.03296063]	10     	10 	10 	0        
207	144.922	[0.7584725  0.17389793]	[0.82926829 0.22535211]	[0.09677419 0.01690141]	[0.11301217 0.03201324]	10     	10 	10 	0        
208	145.179	[0.75404386 0.17441087]	[0.82926829 0.25352113]	[0.08333333 0.01126761]	[0.12539554 0.03402159]	9.99029	10 	7  	0.170388 
209	145.126	[0.76984573 0.17735575]	[0.82926829 0.25352113]	[0.26984127 0.03098592]	[0.08813589 0.02616181]	10     	10 	10 	0        
210	148.127	[0.74715689 0.17177664]	[0.82926829 0.25352113]	[0.09803922 0.01408451]	[0.12648472 0.03636132]	9.99678	10 	9  	0.0566136
211	146.109	[0.75936982 0.17566811]	[0.82926829 0.26197183]	[0.20833333 0.02816901]	[0.10483412 0.03027689]	9.99679	10 	9  	0.0565231
212	146.682	[0.77448252 0.17858075]	[0.82926829 0.26197183]	[0.25454545 0.03943662]	[0.08583267 0.02443862]	10     	10 	10 	0        
213	148.013	[0.75816861 0.17650489]	[0.82926829 0.30985915]	[0.12359551 0.02253521]	[0.11264011 0.03265699]	10     	10 	10 	0        
214	147.563	[0.765848   0.17783143]	[0.82926829 0.30985915]	[0.21621622 0.02253521]	[0.09504926 0.02863098]	9.98413	10 	5  	0.281271 
215	149.18 	[0.76105402 0.17674273]	[0.82926829 0.30704225]	[0.07936508 0.01408451]	[0.11137498 0.03080314]	10     	10 	10 	0        
216	148.65 	[0.76418813 0.17695828]	[0.82926829 0.31267606]	[0.20967742 0.03661972]	[0.09816336 0.02880986]	9.98107	10 	7  	0.237538 
217	149.812	[0.76455738 0.17768624]	[0.82926829 0.29295775]	[0.16666667 0.02535211]	[0.10075036 0.02915411]	10     	10 	10 	0        
218	149.567	[0.76752068 0.17897479]	[0.82926829 0.32676056]	[0.27118644 0.04507042]	[0.09135114 0.02884324]	10     	10 	10 	0        
219	148.472	[0.76511185 0.17678697]	[0.82926829 0.25352113]	[0.15584416 0.02816901]	[0.09258604 0.02671812]	9.9875 	10 	6  	0.223257 
220	151.016	[0.7537022  0.17302444]	[0.82926829 0.30704225]	[0.16923077 0.03098592]	[0.12110036 0.03395982]	9.97196	10 	5  	0.356286 
221	151.175	[0.7710233  0.17727233]	[0.82926829 0.25352113]	[0. 0.]                	[0.09627647 0.02715818]	10     	10 	10 	0        
222	151.1  	[0.76309134 0.17670606]	[0.82926829 0.30704225]	[0.22222222 0.02816901]	[0.10426187 0.03174199]	10     	10 	10 	0        
223	150.501	[0.76638597 0.17688228]	[0.82926829 0.22535211]	[0.20909091 0.03943662]	[0.09129905 0.02602949]	9.98457	10 	5  	0.277349 
224	153.436	[0.76137666 0.17512459]	[0.82926829 0.25352113]	[0.25       0.03943662]	[0.08987412 0.02832705]	9.98769	10 	6  	0.221538 
225	151.439	[0.76196955 0.17810421]	[0.82926829 0.26197183]	[0.11666667 0.01971831]	[0.0987179  0.02653573]	9.9816 	10 	4  	0.331799 
226	153.84 	[0.77026091 0.17750786]	[0.82926829 0.25070423]	[0.19148936 0.02535211]	[0.09958221 0.0284838 ]	10     	10 	10 	0        
227	155.681	[0.75546037 0.17510306]	[0.82926829 0.25352113]	[0.16923077 0.03098592]	[0.10699276 0.02934691]	10     	10 	10 	0        
228	154.355	[0.76867146 0.17870628]	[0.82926829 0.25352113]	[0.17333333 0.02816901]	[0.09820294 0.02674742]	10     	10 	10 	0        
229	156.137	[0.75323319 0.17330773]	[0.82926829 0.26197183]	[0.15151515 0.01408451]	[0.11294697 0.03167218]	9.98182	10 	4  	0.329788 
230	154.821	[0.75182436 0.17425641]	[0.82926829 0.25352113]	[0.1        0.01408451]	[0.12327305 0.0350765 ]	9.96979	10 	5  	0.387485 
231	156.077	[0.76452052 0.17636179]	[0.82926829 0.27323944]	[0.14545455 0.02253521]	[0.1061589  0.02988779]	9.98494	10 	5  	0.273997 
232	157.021	[0.75886606 0.17480861]	[0.82926829 0.26760563]	[0.14084507 0.02816901]	[0.11372115 0.03183216]	10     	10 	10 	0        
233	158.448	[0.75176111 0.17256473]	[0.82926829 0.30422535]	[0.12941176 0.01690141]	[0.12665515 0.03638291]	9.97305	10 	4  	0.366066 
234	157.735	[0.75139798 0.17448812]	[0.82926829 0.26197183]	[0.10526316 0.01126761]	[0.12594458 0.03339603]	9.97015	10 	5  	0.385179 
235	159    	[0.76047641 0.17520121]	[0.82926829 0.25070423]	[0.07692308 0.0084507 ]	[0.10942512 0.03133041]	9.98512	10 	5  	0.272366 
236	157.174	[0.75917846 0.17494044]	[0.82926829 0.27042254]	[0.07407407 0.01126761]	[0.11033822 0.03194022]	9.96736	10 	4  	0.424197 
237	158.623	[0.76083913 0.17603967]	[0.82926829 0.25352113]	[0.16176471 0.03098592]	[0.10915446 0.03050967]	9.97633	10 	6  	0.306781 
238	160.505	[0.76449308 0.17632639]	[0.82926829 0.25352113]	[0.16853933 0.02535211]	[0.10468249 0.02956515]	9.99705	10 	9  	0.0542324
239	162.177	[0.76620829 0.1762966 ]	[0.82926829 0.31267606]	[0.18181818 0.02253521]	[0.0976428  0.02838218]	10     	10 	10 	0        
240	159.341	[0.77001845 0.17951344]	[0.82926829 0.25633803]	[0.21538462 0.03943662]	[0.09088513 0.02715435]	10     	10 	10 	0        
241	162.993	[0.75887328 0.17482085]	[0.82926829 0.25070423]	[0.13333333 0.01690141]	[0.1159909  0.03260006]	9.98538	10 	5  	0.269973 
242	162.105	[0.75631093 0.17572373]	[0.82926829 0.28169014]	[0.13888889 0.02253521]	[0.12746231 0.03472475]	9.97959	10 	5  	0.290054 
243	163.129	[0.7604586  0.17481166]	[0.82926829 0.23098592]	[0.26229508 0.04507042]	[0.0998558  0.02862183]	10     	10 	10 	0        
244	162.972	[0.75887726 0.17512145]	[0.82926829 0.25352113]	[0.15789474 0.01690141]	[0.10737701 0.03132963]	10     	10 	10 	0        
245	165.126	[0.75374982 0.17341855]	[0.82926829 0.29859155]	[0.12244898 0.01690141]	[0.12241804 0.0351854 ]	10     	10 	10 	0        
246	163.59 	[0.76367076 0.17684783]	[0.82926829 0.27323944]	[0.203125   0.03380282]	[0.10597469 0.02976344]	10     	10 	10 	0        
247	163.482	[0.76379088 0.17638821]	[0.82926829 0.22816901]	[0.2        0.02535211]	[0.10635303 0.02913441]	9.97989	10 	5  	0.287973 
248	163.099	[0.75593039 0.17664958]	[0.82926829 0.33802817]	[0.17021277 0.02253521]	[0.1214372  0.03400861]	9.97421	10 	5  	0.34178  
249	164.402	[0.76918341 0.17587928]	[0.82926829 0.24507042]	[0.09230769 0.01690141]	[0.10257722 0.02858054]	9.97429	10 	4  	0.357645 
250	164.275	[0.76779958 0.17905381]	[0.82926829 0.25352113]	[0.20512821 0.03098592]	[0.09414503 0.02571129]	10     	10 	10 	0        
251	165.486	[0.7668704  0.17572823]	[0.82926829 0.27605634]	[0.07142857 0.01408451]	[0.10389847 0.0286818 ]	9.97727	10 	2  	0.425795 
252	166.087	[0.76679974 0.17667478]	[0.82926829 0.30704225]	[0.21818182 0.02535211]	[0.10378932 0.03194964]	9.983  	10 	5  	0.270861 
253	167.703	[0.76660174 0.17623936]	[0.82926829 0.25352113]	[0.1875     0.02535211]	[0.10682153 0.03032603]	10     	10 	10 	0        
254	167.149	[0.76894539 0.17752827]	[0.82926829 0.25352113]	[0.20338983 0.03380282]	[0.09844283 0.02836583]	10     	10 	10 	0        
255	168.256	[0.76014538 0.1746558 ]	[0.82926829 0.22535211]	[0.11290323 0.01971831]	[0.11325281 0.03205127]	9.97472	10 	4  	0.354634 
256	169.73 	[0.77049389 0.17793822]	[0.82926829 0.25352113]	[0.16       0.02253521]	[0.1013348  0.02863384]	10     	10 	10 	0        
257	168.493	[0.76935769 0.17779526]	[0.82926829 0.25352113]	[0.2        0.03098592]	[0.09496296 0.02770132]	10     	10 	10 	0        
258	170.754	[0.76716428 0.1768763 ]	[0.82926829 0.23661972]	[0.21052632 0.02816901]	[0.10608604 0.02883183]	9.98329	10 	4  	0.316227 
259	170.656	[0.76611384 0.17514867]	[0.82926829 0.26197183]	[0.21818182 0.03380282]	[0.10047337 0.03070818]	10     	10 	10 	0        
260	169.621	[0.76870162 0.17772229]	[0.82926829 0.4056338 ]	[0.16981132 0.02253521]	[0.09819857 0.03172997]	9.97507	10 	5  	0.336083 
261	171.75 	[0.76788515 0.17660882]	[0.82926829 0.26197183]	[0.16326531 0.02253521]	[0.09831187 0.02698572]	9.99724	10 	9  	0.0524862
262	173.567	[0.77195236 0.17781399]	[0.82926829 0.27605634]	[0.12903226 0.01126761]	[0.09340199 0.02732744]	10     	10 	10 	0        
263	171.954	[0.76572945 0.17647423]	[0.82926829 0.25352113]	[0.18867925 0.02816901]	[0.10382004 0.02979409]	10     	10 	10 	0        
264	172.432	[0.76620046 0.17778893]	[0.82926829 0.31267606]	[0.17391304 0.02253521]	[0.09757547 0.02849786]	10     	10 	10 	0        
265	173.199	[0.7622128 0.1750558]  	[0.82926829 0.25633803]	[0.0754717  0.01126761]	[0.10375586 0.03110788]	10     	10 	10 	0        
266	173.063	[0.76273446 0.17622904]	[0.82926829 0.26478873]	[0.14       0.01971831]	[0.11117849 0.03188329]	10     	10 	10 	0        
267	173.287	[0.75447668 0.17471678]	[0.82926829 0.25352113]	[0.075     0.0084507]  	[0.11806284 0.03325904]	10     	10 	10 	0        
268	174.242	[0.76140819 0.17742662]	[0.82926829 0.29859155]	[0.11111111 0.01690141]	[0.11014849 0.03016442]	10     	10 	10 	0        
269	172.81 	[0.76458023 0.17792158]	[0.82926829 0.25352113]	[0.17021277 0.02253521]	[0.10289707 0.02830961]	9.99459	10 	8  	0.103834 
270	174.159	[0.75166897 0.17386584]	[0.82926829 0.25915493]	[0.14864865 0.02535211]	[0.11864368 0.03456439]	10     	10 	10 	0        
271	174.561	[0.76142442 0.17637438]	[0.82926829 0.26197183]	[0. 0.]                	[0.10943466 0.03060714]	10     	10 	10 	0        
272	175.406	[0.7642533  0.17575048]	[0.82926829 0.25352113]	[0.24528302 0.03661972]	[0.09964639 0.0293709 ]	10     	10 	10 	0        
273	176.353	[0.76782011 0.17656097]	[0.82926829 0.27323944]	[0.14285714 0.01971831]	[0.10749044 0.02949558]	9.96791	10 	4  	0.437589 
274	176.158	[0.76279991 0.17597746]	[0.82926829 0.25352113]	[0.16666667 0.03098592]	[0.10539955 0.03084165]	10     	10 	10 	0        
275	176.533	[0.76827407 0.17864099]	[0.82926829 0.26197183]	[0. 0.]                	[0.1056591  0.02871491]	10     	10 	10 	0        
276	177.044	[0.77312985 0.17847349]	[0.82926829 0.25352113]	[0.06976744 0.0084507 ]	[0.10099361 0.02935045]	9.98408	10 	4  	0.308606 
277	178.501	[0.76635694 0.1769655 ]	[0.82926829 0.30704225]	[0.09638554 0.02253521]	[0.10876303 0.03098494]	10     	10 	10 	0        
278	179.413	[0.75797823 0.17419451]	[0.82926829 0.25352113]	[0.11320755 0.01690141]	[0.12563506 0.03508094]	9.99736	10 	9  	0.0512987
279	179.866	[0.769283   0.17532987]	[0.82926829 0.25915493]	[0.11578947 0.02816901]	[0.09373801 0.02818373]	9.98947	10 	6  	0.204925 
280	180.473	[0.76399636 0.17682156]	[0.82926829 0.26478873]	[0.16666667 0.03098592]	[0.1054495  0.02947727]	9.98425	10 	5  	0.260756 
281	181.278	[0.77147957 0.17882162]	[0.82926829 0.27323944]	[0.13333333 0.01126761]	[0.10263284 0.02868612]	9.99738	10 	9  	0.0510974
282	180.635	[0.76883944 0.17850918]	[0.82926829 0.27605634]	[0.16363636 0.02535211]	[0.09345022 0.02819671]	9.99217	10 	7  	0.153093 
283	183.449	[0.78183112 0.18142606]	[0.82926829 0.26197183]	[0.46511628 0.05633803]	[0.07213943 0.02096605]	10     	10 	10 	0        
284	181.74 	[0.76951849 0.17694531]	[0.82926829 0.26197183]	[0.13333333 0.01690141]	[0.10267289 0.02985892]	10     	10 	10 	0        
285	182.478	[0.7777959  0.17995329]	[0.82926829 0.26760563]	[0.27906977 0.03380282]	[0.08121958 0.02653967]	10     	10 	10 	0        
286	183.526	[0.77208296 0.17951741]	[0.82926829 0.27605634]	[0.24590164 0.04225352]	[0.08724499 0.02575949]	10     	10 	10 	0        
287	184.751	[0.77411617 0.18047045]	[0.82926829 0.26478873]	[0.10526316 0.01126761]	[0.09345684 0.02747521]	10     	10 	10 	0        
288	182.96 	[0.76857566 0.17886238]	[0.82926829 0.25352113]	[0.1875     0.02535211]	[0.09896968 0.02753967]	9.98458	10 	4  	0.303821 
289	185.183	[0.76213192 0.17646804]	[0.82926829 0.28169014]	[0.15492958 0.03098592]	[0.10833929 0.03130704]	10     	10 	10 	0        
290	183.69 	[0.76996192 0.17639134]	[0.82926829 0.29577465]	[0.18421053 0.01971831]	[0.09889429 0.029511  ]	9.98977	10 	7  	0.159596 
291	181.773	[0.76012076 0.1744898 ]	[0.82926829 0.31549296]	[0.09090909 0.01408451]	[0.1124735  0.03311885]	9.98724	10 	7  	0.181661 
292	184.881	[0.76341406 0.17580189]	[0.82926829 0.25352113]	[0.09677419 0.01690141]	[0.10625643 0.03038652]	9.98728	10 	5  	0.251896 
293	183.852	[0.7623507  0.17745764]	[0.82926829 0.31267606]	[0.21052632 0.02253521]	[0.1055296  0.03090293]	9.99746	10 	9  	0.0503153
294	186.626	[0.75885075 0.17543234]	[0.82926829 0.25352113]	[0.13559322 0.02253521]	[0.10881472 0.03014145]	10     	10 	10 	0        
295	186.75 	[0.76606012 0.17644757]	[0.82926829 0.25352113]	[0.02857143 0.0028169 ]	[0.11090796 0.03110962]	10     	10 	10 	0        
296	186.327	[0.75639682 0.17538582]	[0.82926829 0.31830986]	[0.12       0.01690141]	[0.12106149 0.03531598]	10     	10 	10 	0        
297	188.051	[0.77293436 0.17772666]	[0.82926829 0.25352113]	[0.125      0.01971831]	[0.08727761 0.02702598]	9.98744	10 	5  	0.250312 
298	187.303	[0.77371618 0.17817078]	[0.82926829 0.26197183]	[0.28571429 0.05352113]	[0.08897975 0.02721931]	10     	10 	10 	0        
299	189.634	[0.77465257 0.1785    ]	[0.82926829 0.26760563]	[0.18461538 0.03380282]	[0.08677569 0.02509691]	10     	10 	10 	0        
300	188.312	[0.765116   0.17657265]	[0.82926829 0.25352113]	[0.12244898 0.01690141]	[0.10972669 0.03120856]	9.99252	10 	7  	0.149626 
301	189.113	[0.77052521 0.17796931]	[0.82926829 0.25352113]	[0.13559322 0.02253521]	[0.0881818  0.02622058]	10     	10 	10 	0        
302	191    	[0.76771493 0.17575927]	[0.82926829 0.26478873]	[0.17391304 0.02253521]	[0.10374311 0.03116942]	10     	10 	10 	0        
303	191.382	[0.7633729  0.17479431]	[0.82926829 0.25352113]	[0.06349206 0.01126761]	[0.1125522 0.033132 ]  	9.99257	10 	7  	0.149071 
304	192.349	[0.77041594 0.17651887]	[0.82926829 0.21690141]	[0.20454545 0.02535211]	[0.09586537 0.02740624]	10     	10 	10 	0        
305	192.602	[0.77308179 0.17837369]	[0.82926829 0.26760563]	[0.1875     0.02535211]	[0.09415678 0.02513251]	10     	10 	10 	0        
306	192.19 	[0.76983463 0.17630204]	[0.82926829 0.26197183]	[0.09433962 0.01408451]	[0.11067504 0.0310907 ]	9.9828 	10 	6  	0.247243 
307	193.324	[0.76702318 0.17702292]	[0.82926829 0.27323944]	[0.14285714 0.01971831]	[0.10443913 0.03021175]	9.9902 	10 	6  	0.197787 
308	194.159	[0.76358338 0.17559145]	[0.82926829 0.25070423]	[0.12195122 0.01408451]	[0.11661858 0.0313705 ]	9.98533	10 	4  	0.296318 
309	194.456	[0.76568655 0.17756098]	[0.82926829 0.31267606]	[0.10714286 0.01690141]	[0.10973576 0.03246807]	10     	10 	10 	0        
310	196.001	[0.76821091 0.17855454]	[0.82926829 0.26760563]	[0.25       0.02816901]	[0.09963071 0.02783444]	10     	10 	10 	0        
311	195.904	[0.7629996  0.17695884]	[0.82926829 0.29014085]	[0.10714286 0.01690141]	[0.11401924 0.03134764]	10     	10 	10 	0        
312	196.604	[0.77507609 0.17955189]	[0.82926829 0.25352113]	[0.2109375  0.02535211]	[0.09421696 0.02729514]	10     	10 	10 	0        
313	196.683	[0.76450804 0.1778186 ]	[0.82926829 0.31830986]	[0.23636364 0.03661972]	[0.09675136 0.02987918]	10     	10 	10 	0        
314	198.161	[0.77466779 0.17860512]	[0.82926829 0.21690141]	[0.15533981 0.02253521]	[0.09247939 0.02535173]	10     	10 	10 	0        
315	198.29 	[0.76588005 0.17571777]	[0.82926829 0.25352113]	[0.13513514 0.02253521]	[0.10288029 0.02905171]	10     	10 	10 	0        
316	197.633	[0.77593861 0.17885635]	[0.82926829 0.26197183]	[0.25757576 0.04788732]	[0.08243534 0.02384411]	10     	10 	10 	0        
317	197.766	[0.76244265 0.1766022 ]	[0.82926829 0.27887324]	[0.14       0.01971831]	[0.11352773 0.0309831 ]	9.98325	10 	6  	0.243984 
318	195.908	[0.76293513 0.17833877]	[0.82926829 0.30704225]	[0.1        0.01690141]	[0.10544234 0.02946228]	10     	10 	10 	0        
319	198.038	[0.77310478 0.1797116 ]	[0.82926829 0.26760563]	[0.08       0.01126761]	[0.09842809 0.02780509]	10     	10 	10 	0        
320	197.373	[0.76205915 0.1761199 ]	[0.82926829 0.32112676]	[0.17857143 0.02253521]	[0.1150687  0.03341109]	9.9715 	10 	4  	0.412564 
321	197.374	[0.76262806 0.17731126]	[0.82926829 0.26197183]	[0.18181818 0.02253521]	[0.10857671 0.02955592]	9.96682	10 	4  	0.400046 
322	199.574	[0.76394328 0.17633936]	[0.82926829 0.27605634]	[0.14423077 0.02253521]	[0.11459925 0.03191062]	9.974  	10 	4  	0.378856 
323	201.22 	[0.76805545 0.17814244]	[0.82926829 0.30140845]	[0.17391304 0.03380282]	[0.10137077 0.02797216]	9.98821	10 	5  	0.242535 
324	199.787	[0.76256365 0.17584756]	[0.82926829 0.27323944]	[0.17857143 0.02816901]	[0.10839633 0.03110286]	10     	10 	10 	0        
325	201.416	[0.77331672 0.17811281]	[0.82926829 0.24788732]	[0.25581395 0.02816901]	[0.09292956 0.02798707]	10     	10 	10 	0        
326	202.106	[0.75854019 0.17574298]	[0.82926829 0.27605634]	[0.17647059 0.02535211]	[0.11007604 0.03237564]	10     	10 	10 	0        
327	201.019	[0.76478096 0.17793866]	[0.82926829 0.26197183]	[0.10416667 0.01408451]	[0.10120601 0.02825047]	10     	10 	10 	0        
328	199.981	[0.76767205 0.17885026]	[0.82926829 0.27042254]	[0.13953488 0.01690141]	[0.09650358 0.02906778]	9.98834	10 	5  	0.241121 
329	204.046	[0.7760048  0.17897805]	[0.82926829 0.25352113]	[0.17391304 0.02253521]	[0.09454906 0.02817062]	10     	10 	10 	0        
330	205.201	[0.76936181 0.17795497]	[0.82926829 0.29859155]	[0. 0.]                	[0.10176954 0.02903855]	10     	10 	10 	0        
331	204.127	[0.77203669 0.17825378]	[0.82926829 0.25352113]	[0.08888889 0.01126761]	[0.10143291 0.02752428]	9.98611	10 	4  	0.288341 
332	204.593	[0.76196329 0.1767687 ]	[0.82926829 0.29295775]	[0.15254237 0.01690141]	[0.1104322  0.03214173]	9.9746 	10 	5  	0.314105 
333	204.334	[0.76464839 0.17687415]	[0.82926829 0.25352113]	[0.21311475 0.03380282]	[0.10180409 0.0278557 ]	9.98387	10 	6  	0.239465 
334	204.764	[0.76727949 0.17713453]	[0.82926829 0.25352113]	[0.15714286 0.02816901]	[0.10463788 0.02993616]	9.98621	10 	4  	0.287347 
335	206.074	[0.76488217 0.17706422]	[0.82926829 0.26197183]	[0.14814815 0.02253521]	[0.11649299 0.03208621]	9.98853	10 	5  	0.239182 
336	207.28 	[0.78031691 0.18081671]	[0.82926829 0.25352113]	[0.13333333 0.01690141]	[0.0980184  0.02537224]	10     	10 	10 	0        
337	207.621	[0.76461883 0.17727185]	[0.82926829 0.26197183]	[0. 0.]                	[0.11307586 0.03109737]	10     	10 	10 	0        
338	207.516	[0.76912257 0.17796529]	[0.82926829 0.25352113]	[0.10714286 0.01690141]	[0.1069001  0.02874201]	9.99089	10 	6  	0.190692 
339	207.404	[0.75749735 0.17496799]	[0.82926829 0.23098592]	[0.11111111 0.01690141]	[0.11847776 0.0327444 ]	9.975  	10 	4  	0.346164 
340	209.319	[0.76961702 0.17708792]	[0.82926829 0.25633803]	[0.075     0.0084507]  	[0.09973706 0.02870654]	10     	10 	10 	0        
341	209.115	[0.76982929 0.17785355]	[0.82926829 0.27605634]	[0.2        0.03098592]	[0.0935974 0.0283977]  	10     	10 	10 	0        
342	210.662	[0.76627758 0.1762312 ]	[0.82926829 0.23661972]	[0.11363636 0.01126761]	[0.11705257 0.0329748 ]	9.97968	10 	5  	0.303542 
343	210.418	[0.77887528 0.17984393]	[0.82926829 0.24225352]	[0.20512821 0.03380282]	[0.08657681 0.02612638]	10     	10 	10 	0        
344	210.364	[0.77269699 0.17924355]	[0.82926829 0.25352113]	[0.19148936 0.02535211]	[0.10025044 0.02895364]	10     	10 	10 	0        
345	210.842	[0.77218505 0.17742058]	[0.82926829 0.29577465]	[0.1627907  0.01971831]	[0.09471712 0.02735607]	9.99327	10 	7  	0.141895 
346	211.262	[0.76456696 0.17649431]	[0.82926829 0.25352113]	[0.08108108 0.0084507 ]	[0.10986542 0.0304257 ]	10     	10 	10 	0        
347	211.247	[0.77351521 0.17881036]	[0.82926829 0.25352113]	[0.17391304 0.02253521]	[0.08829783 0.02467869]	10     	10 	10 	0        
348	212.101	[0.77532946 0.17962922]	[0.82926829 0.29014085]	[0.14084507 0.02535211]	[0.08797984 0.02692111]	9.98664	10 	4  	0.282842 
349	212.751	[0.76325458 0.17562441]	[0.82926829 0.26197183]	[0.14893617 0.01971831]	[0.11478807 0.03304308]	9.99111	10 	6  	0.188352 
350	212.165	[0.7686305  0.17735236]	[0.82926829 0.31830986]	[0.07936508 0.01408451]	[0.10911333 0.03069562]	9.96674	10 	4  	0.411856 
351	213.426	[0.76947151 0.17873613]	[0.82926829 0.32957746]	[0.20481928 0.03098592]	[0.0976582  0.02713415]	10     	10 	10 	0        
352	212.576	[0.76937174 0.17788763]	[0.82926829 0.27042254]	[0.17073171 0.03380282]	[0.10266987 0.02918775]	9.98896	10 	5  	0.234661 
353	214.892	[0.77359882 0.17860024]	[0.82926829 0.25352113]	[0.17777778 0.02253521]	[0.09648444 0.0284632 ]	9.98678	10 	4  	0.281284 
354	216.291	[0.76912988 0.17672806]	[0.82926829 0.29014085]	[0.11111111 0.01690141]	[0.10607811 0.03072618]	10     	10 	10 	0        
355	216.391	[0.77512042 0.17859526]	[0.82926829 0.21126761]	[0.10810811 0.01971831]	[0.1052942  0.02850173]	9.98904	10 	5  	0.23389  
356	215.569	[0.77947057 0.17960366]	[0.82926829 0.26197183]	[0.13043478 0.01690141]	[0.09585059 0.02762803]	9.98687	10 	4  	0.280361 
357	217.489	[0.76681664 0.17629005]	[0.82926829 0.26760563]	[0.15151515 0.01971831]	[0.11687634 0.03279642]	10     	10 	10 	0        
358	215.48 	[0.76886187 0.17842217]	[0.82926829 0.32112676]	[0.16129032 0.02253521]	[0.11332026 0.03217274]	9.97386	10 	4  	0.395195 
359	217.678	[0.7623708  0.17666871]	[0.82926829 0.26197183]	[0.10909091 0.01690141]	[0.12115533 0.03255432]	10     	10 	10 	0        
360	218.55 	[0.77205738 0.17874798]	[0.82926829 0.26197183]	[0.13924051 0.01971831]	[0.10317633 0.0280227 ]	9.98048	10 	4  	0.311822 
361	219.333	[0.77132342 0.17741601]	[0.82926829 0.25352113]	[0.17142857 0.03380282]	[0.10315408 0.02848125]	10     	10 	10 	0        
362	217.931	[0.76945529 0.17972804]	[0.82926829 0.30422535]	[0.12962963 0.01971831]	[0.10813196 0.03125634]	10     	10 	10 	0        
363	218.264	[0.77609071 0.18025741]	[0.82926829 0.25352113]	[0. 0.]                	[0.10384473 0.02725759]	9.99138	10 	6  	0.185495 
364	222.054	[0.76842367 0.17728911]	[0.82926829 0.27605634]	[0.14516129 0.02535211]	[0.10824817 0.03052881]	10     	10 	10 	0        
365	220.231	[0.77393717 0.17800883]	[0.82926829 0.26197183]	[0.140625   0.02535211]	[0.09816217 0.02725677]	9.99356	10 	7  	0.138823 
366	220.976	[0.7794131  0.18070392]	[0.82926829 0.27042254]	[0.11764706 0.01690141]	[0.0945785  0.02705506]	9.98715	10 	4  	0.277349 
367	219.91 	[0.77456325 0.17964367]	[0.82926829 0.30422535]	[0.16666667 0.02535211]	[0.09810308 0.02830891]	9.98718	10 	4  	0.277054 
368	221.885	[0.7854152  0.18231779]	[0.82926829 0.28450704]	[0.22916667 0.03098592]	[0.07757249 0.02211306]	10     	10 	10 	0        
369	222.827	[0.77820693 0.18      ]	[0.82926829 0.25352113]	[0.23214286 0.03661972]	[0.09199127 0.0255961 ]	9.99362	10 	7  	0.138232 
370	221.715	[0.77073081 0.17713585]	[0.82926829 0.30140845]	[0.14285714 0.02253521]	[0.09713241 0.02925757]	9.99575	10 	8  	0.0920573
371	223.295	[0.77253896 0.17881356]	[0.82926829 0.26197183]	[0.18421053 0.03661972]	[0.10078793 0.02843092]	10     	10 	10 	0        
372	224.35 	[0.76878199 0.17817944]	[0.82926829 0.25352113]	[0.13043478 0.01690141]	[0.11636104 0.03084879]	10     	10 	10 	0        
373	224.952	[0.76745258 0.17800559]	[0.82926829 0.26197183]	[0.15217391 0.01971831]	[0.0988494  0.02793195]	10     	10 	10 	0        
374	225.118	[0.76283132 0.17611861]	[0.82926829 0.31830986]	[0.19444444 0.01971831]	[0.1123136  0.03253273]	10     	10 	10 	0        
375	225.405	[0.77047992 0.17661853]	[0.82926829 0.31267606]	[0.19298246 0.02535211]	[0.10320816 0.03041141]	10     	10 	10 	0        
376	224.564	[0.77071352 0.177264  ]	[0.82926829 0.26197183]	[0.12       0.01690141]	[0.1010306  0.03007339]	9.98742	10 	4  	0.274433 
377	225.815	[0.76185996 0.17397607]	[0.82926829 0.28450704]	[0.12820513 0.01408451]	[0.10506626 0.03168646]	9.98326	10 	6  	0.258197 
378	225.374	[0.76853785 0.17822929]	[0.82926829 0.27887324]	[0.16666667 0.03098592]	[0.10193307 0.02943345]	10     	10 	10 	0        
379	225.282	[0.77103483 0.1794777 ]	[0.82926829 0.28450704]	[0.18644068 0.03098592]	[0.09736053 0.02805667]	10     	10 	10 	0        
380	226.415	[0.76714901 0.17709584]	[0.82926829 0.30704225]	[0. 0.]                	[0.1113887 0.0304282]  	10     	10 	10 	0        
381	228.311	[0.76903631 0.17754661]	[0.82926829 0.27323944]	[0. 0.]                	[0.1076732  0.02985421]	9.98963	10 	5  	0.227507 
382	226.758	[0.77645519 0.17997259]	[0.82926829 0.31830986]	[0.18181818 0.02253521]	[0.09878345 0.02809753]	9.98758	10 	4  	0.272727 
383	228.537	[0.77440478 0.17819229]	[0.82926829 0.29577465]	[0.1509434  0.02253521]	[0.1024482  0.03100197]	9.98347	10 	5  	0.264527 
384	229.37 	[0.76541645 0.17736024]	[0.82926829 0.25352113]	[0.1641791  0.02816901]	[0.10784087 0.02885454]	9.98763	10 	4  	0.272165 
385	227.081	[0.77281369 0.17925578]	[0.82926829 0.26197183]	[0.2        0.03098592]	[0.09889765 0.0281483 ]	9.98354	10 	5  	0.263985 
386	229.355	[0.77422851 0.17896868]	[0.82926829 0.26197183]	[0.04651163 0.0056338 ]	[0.10781209 0.03038811]	9.98768	10 	4  	0.271607 
387	229.595	[0.77162055 0.17817479]	[0.82926829 0.26197183]	[0.275      0.03098592]	[0.0947384  0.02817998]	10     	10 	10 	0        
388	229.581	[0.7715371  0.17863418]	[0.82926829 0.26197183]	[0.19444444 0.01971831]	[0.09411589 0.02936838]	10     	10 	10 	0        
389	234.207	[0.77695526 0.17959759]	[0.82926829 0.26197183]	[0.16176471 0.03098592]	[0.08615907 0.02451431]	9.9898 	10 	5  	0.225646 
390	231.742	[0.76774437 0.17767706]	[0.82926829 0.30704225]	[0.171875   0.03098592]	[0.09769373 0.02812486]	10     	10 	10 	0        
391	233.04 	[0.76918698 0.17841521]	[0.82926829 0.26197183]	[0.16923077 0.02816901]	[0.09318643 0.02795291]	10     	10 	10 	0        
392	233.761	[0.76738305 0.17687055]	[0.82926829 0.29014085]	[0.08955224 0.01690141]	[0.1074474  0.03082736]	9.98783	10 	4  	0.269952 
393	233.935	[0.77337232 0.17816616]	[0.82926829 0.25070423]	[0.15217391 0.01971831]	[0.09067277 0.02651541]	9.98785	10 	4  	0.269679 
394	232.15 	[0.76814239 0.17711766]	[0.82926829 0.36901408]	[0.12121212 0.01126761]	[0.10893248 0.03230808]	9.99394	10 	7  	0.134704 
395	234.406	[0.77401391 0.17824284]	[0.82926829 0.31267606]	[0.1        0.01690141]	[0.10110072 0.02977615]	10     	10 	10 	0        
396	235.634	[0.76843238 0.17853034]	[0.82926829 0.26197183]	[0.11881188 0.03380282]	[0.11429982 0.03070171]	10     	10 	10 	0        
397	234.867	[0.76520242 0.17747045]	[0.82926829 0.28450704]	[0.09803922 0.01408451]	[0.11490566 0.03123202]	9.98996	10 	5  	0.22383  
398	236.41 	[0.77406067 0.17817607]	[0.82926829 0.34084507]	[0.18571429 0.02253521]	[0.09435335 0.02806897]	10     	10 	10 	0        
399	236.423	[0.76689812 0.17588732]	[0.82926829 0.29295775]	[0.09615385 0.01408451]	[0.11592091 0.03308803]	9.994  	10 	7  	0.13403  
400	235.643	[0.76278934 0.17461977]	[0.82926829 0.25352113]	[0.15384615 0.02253521]	[0.11619761 0.0320344 ]	9.98603	10 	6  	0.222946 
401	237.922	[0.76892694 0.17686998]	[0.82926829 0.29014085]	[0.0625    0.0084507]  	[0.10459665 0.03008143]	10     	10 	10 	0        
402	238.519	[0.77472229 0.17912245]	[0.82926829 0.30985915]	[0.18518519 0.01408451]	[0.09554371 0.0286636 ]	10     	10 	10 	0        
403	238.678	[0.77831055 0.18031522]	[0.82926829 0.31549296]	[0.09615385 0.01408451]	[0.08529452 0.0249622 ]	10     	10 	10 	0        
404	235.115	[0.77344846 0.17858039]	[0.82926829 0.25633803]	[0.07936508 0.01408451]	[0.09550379 0.02815305]	9.99406	10 	7  	0.133366 
405	238.496	[0.7701634  0.17890107]	[0.82926829 0.27042254]	[0.1884058  0.03098592]	[0.10420534 0.02979351]	10     	10 	10 	0        
406	239.073	[0.76635786 0.17717032]	[0.82926829 0.26197183]	[0.13636364 0.01690141]	[0.11302408 0.0309825 ]	10     	10 	10 	0        
407	241.223	[0.77382427 0.17833537]	[0.82926829 0.23098592]	[0. 0.]                	[0.10076355 0.02812975]	10     	10 	10 	0        
408	239.567	[0.78058654 0.18065801]	[0.82926829 0.26197183]	[0.27419355 0.04507042]	[0.08275342 0.02458665]	10     	10 	10 	0        
409	242.446	[0.75840921 0.17657553]	[0.82926829 0.28732394]	[0.18181818 0.01971831]	[0.12349736 0.03487398]	9.98039	10 	7  	0.23349  
410	241.893	[0.76889084 0.1790083 ]	[0.82926829 0.31549296]	[0.19178082 0.03098592]	[0.10023044 0.0291456 ]	10     	10 	10 	0        
411	242.142	[0.77177738 0.18006712]	[0.82926829 0.43943662]	[0.21917808 0.04507042]	[0.093527   0.02939087]	10     	10 	10 	0        
412	244.022	[0.77351421 0.1792329 ]	[0.82926829 0.26197183]	[0.0952381  0.01690141]	[0.09272636 0.0257459 ]	10     	10 	10 	0        
413	244.925	[0.77175731 0.17834713]	[0.82926829 0.27042254]	[0.15789474 0.02535211]	[0.09841506 0.02802907]	10     	10 	10 	0        
414	243.573	[0.76576012 0.176524  ]	[0.82926829 0.26197183]	[0.12698413 0.02253521]	[0.11658746 0.03226135]	9.98835	10 	4  	0.264135 
415	244.149	[0.76393188 0.176302  ]	[0.82926829 0.27887324]	[0.16363636 0.02535211]	[0.10946263 0.03164858]	9.98837	10 	4  	0.263879 
416	244.002	[0.77450789 0.18022176]	[0.82926829 0.29859155]	[0.13235294 0.02535211]	[0.09444432 0.02695472]	9.99226	10 	6  	0.17575  
417	245.884	[0.77496029 0.17987928]	[0.82926829 0.30704225]	[0.21359223 0.03380282]	[0.09441226 0.02658941]	9.99421	10 	7  	0.131685 
418	246.417	[0.76936449 0.17771988]	[0.82926829 0.28450704]	[0.15254237 0.02535211]	[0.10444821 0.02939001]	10     	10 	10 	0        
419	244.628	[0.76450277 0.17709642]	[0.82926829 0.26197183]	[0.15384615 0.01690141]	[0.11287975 0.03143065]	9.98846	10 	7  	0.185694 
420	245.391	[0.76839115 0.1774702 ]	[0.82926829 0.28450704]	[0.11111111 0.01690141]	[0.10313839 0.02996949]	9.98848	10 	4  	0.262612 
421	245.614	[0.77122209 0.17805299]	[0.82926829 0.30422535]	[0.15789474 0.02535211]	[0.09599345 0.0279426 ]	9.99042	10 	5  	0.218634 
422	248.836	[0.77930789 0.17848814]	[0.82926829 0.21690141]	[0.22857143 0.03098592]	[0.08406277 0.02534013]	10     	10 	10 	0        
423	248.641	[0.76551205 0.17712612]	[0.82926829 0.27605634]	[0.17346939 0.02253521]	[0.10517628 0.03085452]	10     	10 	10 	0        
424	248.846	[0.77277325 0.17865594]	[0.82926829 0.29014085]	[0.24590164 0.03943662]	[0.08950417 0.02588402]	10     	10 	10 	0        
425	248.38 	[0.76987856 0.17785037]	[0.82926829 0.26197183]	[0.18181818 0.01971831]	[0.10367415 0.02905897]	9.9943 	10 	7  	0.130682 
426	248.659	[0.77621177 0.17959216]	[0.82926829 0.26197183]	[0.09615385 0.01408451]	[0.10007545 0.02680488]	9.9981 	10 	9  	0.0435193
427	247.855	[0.76068874 0.17419974]	[0.82926829 0.26197183]	[0.13846154 0.01690141]	[0.11554857 0.03274932]	9.97538	10 	4  	0.339005 
428	251.228	[0.76536474 0.17673527]	[0.82926829 0.32957746]	[0.12698413 0.01971831]	[0.10412257 0.03058946]	9.98866	10 	4  	0.260623 
429	250.54 	[0.77095047 0.17844805]	[0.82926829 0.34366197]	[0.2        0.02535211]	[0.09628563 0.02870039]	9.98868	10 	4  	0.260377 
430	250.188	[0.76428874 0.17690247]	[0.82926829 0.28169014]	[0.11538462 0.01690141]	[0.10690523 0.03047873]	9.9887 	10 	4  	0.260133 
431	250.016	[0.76242442 0.17678174]	[0.82926829 0.43380282]	[0.14583333 0.01971831]	[0.11110798 0.03534544]	9.97744	10 	4  	0.367191 
432	251.792	[0.76522812 0.17668789]	[0.82926829 0.28450704]	[0.08888889 0.01126761]	[0.10913065 0.03135783]	10     	10 	10 	0        
433	253.267	[0.77139692 0.17762832]	[0.82926829 0.28450704]	[0.13414634 0.01690141]	[0.10600443 0.02950949]	9.97753	10 	6  	0.298969 
434	253.79 	[0.76622833 0.17676978]	[0.82926829 0.30985915]	[0.16901408 0.02535211]	[0.10984614 0.03229295]	9.99626	10 	8  	0.0863867
435	254.107	[0.76213108 0.17588291]	[0.82926829 0.26197183]	[0.14545455 0.02253521]	[0.11567006 0.03204562]	9.9944 	10 	7  	0.129459 
436	254.373	[0.76992918 0.1785349 ]	[0.82926829 0.33239437]	[0.10810811 0.01126761]	[0.10547324 0.03085677]	10     	10 	10 	0        
437	253.172	[0.77218084 0.17809309]	[0.82926829 0.26197183]	[0.22580645 0.03943662]	[0.09569778 0.02738724]	9.99257	10 	6  	0.172292 
438	255.498	[0.77108223 0.17892811]	[0.82926829 0.32676056]	[0.20779221 0.02535211]	[0.1011683  0.03009696]	10     	10 	10 	0        
439	253.13 	[0.77121383 0.17892019]	[0.82926829 0.26197183]	[0.09677419 0.01690141]	[0.10176916 0.02817758]	9.99444	10 	7  	0.12898  
440	257.242	[0.77505544 0.17845409]	[0.82926829 0.25070423]	[0.15384615 0.01690141]	[0.09607781 0.02750333]	10     	10 	10 	0        
441	257.35 	[0.77438336 0.1791383 ]	[0.82926829 0.28169014]	[0.13333333 0.01690141]	[0.10456825 0.03039023]	9.98708	10 	6  	0.21438  
442	256.082	[0.77709753 0.17837263]	[0.82926829 0.26197183]	[0.15714286 0.03098592]	[0.097748   0.02846898]	9.98895	10 	4  	0.257247 
443	260.509	[0.77702831 0.17982601]	[0.82926829 0.26197183]	[0.12195122 0.02253521]	[0.10028726 0.02697873]	9.99632	10 	9  	0.0605223
444	258.188	[0.77281617 0.17966662]	[0.82926829 0.31830986]	[0.13461538 0.01971831]	[0.10377507 0.03045846]	10     	10 	10 	0        
445	260.484	[0.7698823  0.17813032]	[0.82926829 0.26478873]	[0.125      0.01408451]	[0.1041966 0.0281325]  	10     	10 	10 	0        
446	259.281	[0.77245931 0.17836599]	[0.82926829 0.26197183]	[0.17857143 0.02816901]	[0.09656544 0.02826644]	9.98903	10 	4  	0.256307 
447	261.794	[0.7769906  0.17906343]	[0.82926829 0.29295775]	[0.16806723 0.02535211]	[0.08975037 0.02616344]	10     	10 	10 	0        
448	262.117	[0.78014867 0.18094872]	[0.82926829 0.29577465]	[0.08163265 0.01126761]	[0.08888263 0.02546878]	9.98907	10 	4  	0.25584  
449	261.658	[0.77527203 0.17944686]	[0.82926829 0.31830986]	[0.17021277 0.02253521]	[0.0917565  0.02639174]	9.98909	10 	4  	0.255608 
450	259.725	[0.76795764 0.17734209]	[0.82926829 0.26197183]	[0.16666667 0.02535211]	[0.10869362 0.02964293]	9.98911	10 	5  	0.216952 
451	261.362	[0.76816456 0.17754133]	[0.82926829 0.28732394]	[0.14084507 0.02816901]	[0.10238827 0.02991059]	9.99275	10 	6  	0.170097 
452	263.19 	[0.76854781 0.17748516]	[0.82926829 0.28450704]	[0. 0.]                	[0.10612455 0.02876729]	10     	10 	10 	0        
453	261.854	[0.77888399 0.18095287]	[0.82926829 0.26197183]	[0.07936508 0.01408451]	[0.09157172 0.02719645]	9.98917	10 	4  	0.254685 
454	262.314	[0.77964389 0.18080447]	[0.82926829 0.26197183]	[0.1754386  0.02816901]	[0.08411313 0.02549464]	9.98919	10 	4  	0.254456 
455	263.447	[0.771234   0.17879724]	[0.82926829 0.30985915]	[0. 0.]                	[0.11090577 0.03158681]	9.98921	10 	6  	0.189354 
456	262.684	[0.77000738 0.17972539]	[0.82926829 0.29859155]	[0.14705882 0.02253521]	[0.10264757 0.02959264]	9.97487	10 	5  	0.343308 
457	263.405	[0.76344219 0.17609168]	[0.82926829 0.28732394]	[0. 0.]                	[0.12016396 0.03310945]	9.9767 	10 	5  	0.324333 
458	266.33 	[0.78071943 0.17996422]	[0.82926829 0.28169014]	[0. 0.]                	[0.09967829 0.02780737]	10     	10 	10 	0        
459	265.219	[0.78003557 0.18070423]	[0.82926829 0.36901408]	[0.16483516 0.01690141]	[0.09802752 0.02883258]	9.98393	10 	4  	0.283017 
460	264.244	[0.77855275 0.18059301]	[0.82926829 0.26197183]	[0.18604651 0.02253521]	[0.09800198 0.0272557 ]	9.98396	10 	5  	0.269864 
461	266.788	[0.77851039 0.17926921]	[0.82926829 0.26197183]	[0.06      0.0084507]  	[0.09990589 0.02816385]	9.98754	10 	6  	0.210544 
462	267.786	[0.78037335 0.18075201]	[0.82926829 0.28169014]	[0.15254237 0.02253521]	[0.09958508 0.02713129]	10     	10 	10 	0        
463	269.515	[0.78024363 0.18133553]	[0.82926829 0.33802817]	[0.17721519 0.02816901]	[0.09025074 0.02665021]	10     	10 	10 	0        
464	270.99 	[0.78264305 0.18094478]	[0.82926829 0.26478873]	[0.12820513 0.01408451]	[0.09640069 0.02686962]	10     	10 	10 	0        
465	269.236	[0.77870342 0.18007266]	[0.82926829 0.28732394]	[0.18181818 0.02535211]	[0.09711016 0.02722267]	9.98763	10 	4  	0.255378 
466	269.326	[0.78523257 0.1823037 ]	[0.82926829 0.31267606]	[0.08333333 0.01408451]	[0.09848495 0.02725826]	9.98413	10 	5  	0.268437 
467	268.061	[0.77625437 0.18042055]	[0.82926829 0.30985915]	[0.203125   0.02816901]	[0.09290375 0.02794311]	9.98944	10 	4  	0.251533 
468	269.473	[0.77146081 0.17905394]	[0.82926829 0.26197183]	[0.12941176 0.03098592]	[0.10942618 0.02997035]	10     	10 	10 	0        
469	270.302	[0.7704573  0.17855696]	[0.82926829 0.26197183]	[0.125      0.01690141]	[0.10988548 0.03106832]	9.98246	10 	4  	0.30153  
470	272.53 	[0.7705454 0.1790533]  	[0.82926829 0.41408451]	[0.15789474 0.02535211]	[0.11124797 0.03164785]	9.98949	10 	4  	0.250872 
471	272.316	[0.77434276 0.17918842]	[0.82926829 0.30704225]	[0.17910448 0.03098592]	[0.10145985 0.02944416]	10     	10 	10 	0        
472	271.095	[0.78173466 0.1801932 ]	[0.82926829 0.26197183]	[0.10666667 0.02253521]	[0.09546762 0.02824056]	9.98255	10 	4  	0.300742 
473	273.914	[0.77636524 0.17981057]	[0.82926829 0.27323944]	[0.15714286 0.01971831]	[0.10381344 0.0294342 ]	9.98955	10 	7  	0.176776 
474	271.486	[0.77736162 0.18060502]	[0.82926829 0.27605634]	[0.13207547 0.01971831]	[0.10182917 0.02797691]	9.98087	10 	5  	0.297203 
475	273.782	[0.77591536 0.17923513]	[0.82926829 0.32112676]	[0.125      0.01971831]	[0.09945827 0.02929209]	10     	10 	10 	0        
476	273.673	[0.77534292 0.1801157 ]	[0.82926829 0.27042254]	[0.11538462 0.01690141]	[0.10333978 0.02970916]	9.99133	10 	5  	0.207972 
477	277.209	[0.77010801 0.17752814]	[0.82926829 0.22535211]	[0.11363636 0.01690141]	[0.11428264 0.03115221]	9.99308	10 	6  	0.166234 
478	273.71 	[0.77322055 0.17956652]	[0.82926829 0.29295775]	[0.14814815 0.02816901]	[0.1071346  0.02790842]	9.98964	10 	4  	0.249136 
479	276.235	[0.78094639 0.18019913]	[0.82926829 0.30422535]	[0.18518519 0.02816901]	[0.09259829 0.02639496]	9.99138	10 	5  	0.207435 
480	276.303	[0.7795502 0.1803932]  	[0.82926829 0.29014085]	[0.06666667 0.0056338 ]	[0.09566925 0.02782562]	10     	10 	10 	0        
481	277.923	[0.77513904 0.17924108]	[0.82926829 0.26197183]	[0.1372549  0.01971831]	[0.10647851 0.02980066]	9.98969	10 	4  	0.248494 
482	279.135	[0.77178928 0.17875969]	[0.82926829 0.29577465]	[0.125      0.01971831]	[0.10574963 0.02840737]	10     	10 	10 	0        
483	277.013	[0.77687438 0.18116921]	[0.82926829 0.31267606]	[0.11538462 0.01690141]	[0.0998839 0.0288397]  	9.99829	10 	9  	0.0413449
484	278.932	[0.77985707 0.17959793]	[0.82926829 0.23098592]	[0.14285714 0.02253521]	[0.10185547 0.02862175]	9.98974	10 	4  	0.247857 
485	278.911	[0.77977002 0.1808393 ]	[0.82926829 0.32957746]	[0.14666667 0.03098592]	[0.10201826 0.02761681]	10     	10 	10 	0        
486	278.551	[0.78645529 0.18302181]	[0.82926829 0.26197183]	[0.19047619 0.01971831]	[0.08465561 0.02469976]	9.99148	10 	5  	0.206196 
487	281.019	[0.78047301 0.18009965]	[0.82926829 0.29014085]	[0.125      0.01971831]	[0.10053176 0.02834608]	10     	10 	10 	0        
488	280.201	[0.78221536 0.17990387]	[0.82926829 0.28450704]	[0.18604651 0.02253521]	[0.09666399 0.02752716]	9.99321	10 	6  	0.164677 
489	280.892	[0.78092842 0.18073048]	[0.82926829 0.28732394]	[0.14516129 0.02253521]	[0.09510806 0.02734705]	10     	10 	10 	0        
490	281.578	[0.77643056 0.17959057]	[0.82926829 0.31549296]	[0.08219178 0.01690141]	[0.10223256 0.02947462]	9.99154	10 	5  	0.205498 
491	277.735	[0.78215016 0.180748  ]	[0.82926829 0.28169014]	[0.17460317 0.03098592]	[0.0870909  0.02616229]	9.98986	10 	4  	0.24639  
492	280.663	[0.78109685 0.17974016]	[0.82926829 0.30985915]	[0.16326531 0.02253521]	[0.09826602 0.0285737 ]	9.99157	10 	5  	0.205152 
493	282.165	[0.77532947 0.17913881]	[0.82926829 0.28450704]	[0.1875     0.01971831]	[0.10224156 0.02895504]	10     	10 	10 	0        
494	283.232	[0.7804348  0.18140845]	[0.82926829 0.28450704]	[0.15189873 0.02535211]	[0.09479732 0.02568496]	10     	10 	10 	0        
495	281.676	[0.7830023  0.18208243]	[0.82926829 0.30985915]	[0.20634921 0.03661972]	[0.08853897 0.02546253]	10     	10 	10 	0        
496	282.986	[0.78046934 0.18135277]	[0.82926829 0.27887324]	[0.26666667 0.03380282]	[0.09323067 0.02679467]	10     	10 	10 	0        
497	284.696	[0.77731051 0.1804654 ]	[0.82926829 0.28169014]	[0.16981132 0.02535211]	[0.0995798  0.02803692]	10     	10 	10 	0        
498	286.024	[0.78132155 0.1802911 ]	[0.82926829 0.29859155]	[0.2        0.03098592]	[0.09311071 0.02656038]	10     	10 	10 	0        
499	286.518	[0.78216176 0.18111737]	[0.82926829 0.27323944]	[0.10144928 0.01971831]	[0.09277902 0.0263254 ]	9.99   	10 	4  	0.244745 