   	       	                            fitness                             	               size              
   	       	----------------------------------------------------------------	---------------------------------
gen	time   	avg         	max         	min         	std             	avg    	max	min	std      
0  	21.4467	[0.49999517]	[0.5]       	[0.49951196]	[4.83210839e-05]	2.59406	10 	1  	1.97097  
1  	28.3194	[0.49999275]	[0.5]       	[0.49951196]	[5.38080818e-05]	3.54455	10 	1  	2.61195  
2  	23.4332	[0.49999758]	[0.5]       	[0.49975598]	[2.4160542e-05] 	3.79208	10 	1  	2.2441   
3  	28.131 	[0.49999758]	[0.5]       	[0.49975598]	[2.4160542e-05] 	4.76238	10 	1  	2.79373  
4  	33.9234	[0.49999034]	[0.5]       	[0.49926794]	[7.61727903e-05]	5.34653	10 	1  	2.73386  
5  	37.1766	[0.4999855] 	[0.5]       	[0.49951196]	[8.28533996e-05]	5.64356	10 	1  	2.55856  
6  	33.3238	[0.50002044]	[0.50230831]	[0.49975598]	[0.00023006]    	6.22772	10 	1  	2.66581  
7  	38.9675	[0.50003363]	[0.50230831]	[0.49902391]	[0.00033823]    	6.67327	10 	1  	2.67407  
8  	33.063 	[0.50006021]	[0.50401646]	[0.49975598]	[0.00045765]    	6.57426	10 	1  	2.64892  
9  	34.1257	[0.50002527]	[0.50401646]	[0.49902391]	[0.00041194]    	6.85149	10 	1  	2.46314  
10 	34.1768	[0.50007953]	[0.50401646]	[0.5]       	[0.00055957]    	6.84158	10 	1  	2.50438  
11 	39.9479	[0.50007953]	[0.50401646]	[0.5]       	[0.00055957]    	7.15842	10 	1  	2.41584  
12 	35.9804	[0.50012655]	[0.50876499]	[0.5]       	[0.00095097]    	6.85149	10 	1  	2.52663  
13 	37.5828	[0.50025551]	[0.50876499]	[0.49975598]	[0.00148924]    	6.78218	10 	1  	2.6685   
14 	32.3282	[0.50015665]	[0.50876499]	[0.49853587]	[0.0012323]     	5.93069	10 	1  	2.9121   
15 	33.4152	[0.50018192]	[0.50876499]	[0.49780381]	[0.00129698]    	5.83168	10 	1  	2.80759  
16 	30.6716	[0.50011447]	[0.50876499]	[0.49975598]	[0.00091633]    	6.11881	10 	1  	2.74777  
17 	32.6039	[0.50017467]	[0.50876499]	[0.49951196]	[0.00101111]    	6.18812	10 	1  	2.60507  
18 	39.0942	[0.50019753]	[0.50876499]	[0.49902391]	[0.00107159]    	6.68317	10 	1  	2.56762  
19 	40.5684	[0.50014568]	[0.50876499]	[0.49853587]	[0.0010499]     	7.34653	10 	1  	2.21353  
20 	43.0692	[0.50030586]	[0.50876499]	[0.49707174]	[0.00147788]    	7.48515	10 	2  	2.20537  
21 	45.8535	[0.50041439]	[0.50876499]	[0.49877989]	[0.00134904]    	7.56436	10 	1  	2.27085  
22 	57.9777	[0.50073605]	[0.50876499]	[0.49975598]	[0.00159424]    	7.69307	10 	2  	2.08599  
23 	83.7211	[0.50102741]	[0.50876499]	[0.49877989]	[0.00189612]    	7.93069	10 	2  	2.01606  
24 	86.3095	[0.50142155]	[0.50876499]	[0.49877989]	[0.00201228]    	7.92079	10 	2  	2.04253  
25 	99.5943	[0.50223381]	[0.50900901]	[0.49877989]	[0.00214846]    	8.0396 	10 	1  	2.19324  
26 	111.961	[0.50234978]	[0.50900901]	[0.49877989]	[0.00228574]    	8.76238	10 	1  	1.82474  
27 	121.399	[0.50282365]	[0.50900901]	[0.49926794]	[0.00241193]    	9.0099 	10 	1  	1.50573  
28 	122.959	[0.50317933]	[0.50900901]	[0.49877989]	[0.00272662]    	9.38614	10 	1  	1.23457  
29 	125.269	[0.50364223]	[0.50900901]	[0.49926794]	[0.00257883]    	9.60396	10 	4  	0.784493 
30 	119.554	[0.50396168]	[0.50900901]	[0.49829185]	[0.0034194]     	9.38614	10 	2  	1.17709  
31 	119.198	[0.50462603]	[0.50900901]	[0.49877989]	[0.00387347]    	9.23762	10 	3  	1.04501  
32 	123.095	[0.5046959] 	[0.50900901]	[0.49877989]	[0.00443754]    	8.9604 	10 	2  	1.2814   
33 	121.55 	[0.50554942]	[0.50900901]	[0.49926794]	[0.00439933]    	9.06931	10 	4  	0.946671 
34 	128.682	[0.50575308]	[0.50900901]	[0.49902391]	[0.00432676]    	9.15842	10 	1  	1.10564  
35 	117.036	[0.50559643]	[0.50900901]	[0.49877989]	[0.00442306]    	8.82178	10 	1  	1.66737  
36 	125.501	[0.50539146]	[0.50900901]	[0.49877989]	[0.00448897]    	9.36634	10 	6  	0.62494  
37 	120.757	[0.50508762]	[0.50900901]	[0.49853587]	[0.00458045]    	9.26733	10 	2  	1.14227  
38 	121.41 	[0.50535411]	[0.50900901]	[0.49902391]	[0.00445627]    	9.33663	10 	1  	1.36634  
39 	119.594	[0.50459351]	[0.50900901]	[0.49853587]	[0.00446596]    	9.36634	10 	3  	0.961875 
40 	128.51 	[0.50539146]	[0.50900901]	[0.49877989]	[0.00449663]    	9.39604	10 	1  	0.995825 
41 	120.418	[0.50521306]	[0.50900901]	[0.49877989]	[0.00447037]    	9.11881	10 	1  	1.45757  
42 	124.245	[0.50592795]	[0.50900901]	[0.49902391]	[0.00427795]    	9.35644	10 	1  	1.15685  
43 	131.459	[0.50620874]	[0.50900901]	[0.49877989]	[0.00417923]    	9.47525	10 	2  	1.04922  
44 	126.986	[0.5053686] 	[0.50900901]	[0.49877989]	[0.00440186]    	9.41584	10 	1  	1.25286  
45 	123.708	[0.50515769]	[0.50900901]	[0.49902391]	[0.00449629]    	9.55446	10 	2  	0.906252 
46 	127.162	[0.50557952]	[0.50900901]	[0.49877989]	[0.00444444]    	9.32673	10 	3  	1.091    
47 	129.308	[0.505547]  	[0.50900901]	[0.49902391]	[0.00437012]    	9.38614	10 	3  	0.933113 
48 	125.501	[0.50561576]	[0.50900901]	[0.49926794]	[0.00439487]    	9.24752	10 	3  	1.18911  
49 	122.349	[0.50473455]	[0.50900901]	[0.49877989]	[0.004539]      	9.45545	10 	7  	0.682522 
50 	132.375	[0.50510453]	[0.50900901]	[0.49902391]	[0.00446738]    	9.47525	10 	1  	1.03975  
51 	130.922	[0.50542156]	[0.50900901]	[0.49877989]	[0.00448328]    	9.66337	10 	8  	0.512753 
52 	131.556	[0.50534203]	[0.50900901]	[0.49877989]	[0.0044785]     	9.62376	10 	7  	0.5423   
53 	129.594	[0.50558435]	[0.50900901]	[0.49877989]	[0.00443007]    	9.51485	10 	6  	0.654215 
54 	127.908	[0.50122089]	[0.51351351]	[0.]        	[0.05029821]    	9.45545	10 	3  	0.850448 
55 	136.483	[0.50633529]	[0.50900901]	[0.49877989]	[0.00414688]    	9.56436	10 	8  	0.515422 
56 	129.512	[0.50570607]	[0.50900901]	[0.49853587]	[0.00433432]    	9.50495	10 	5  	0.778724 
57 	134.826	[0.5054721] 	[0.50900901]	[0.49780381]	[0.00440547]    	9.61386	10 	9  	0.486863 
58 	138.54 	[0.50618699]	[0.50900901]	[0.49877989]	[0.00409479]    	9.57426	10 	5  	0.812605 
59 	128.009	[0.50668614]	[0.50900901]	[0.49829185]	[0.00392132]    	9.53465	10 	7  	0.589753 
60 	131.504	[0.50654267]	[0.50900901]	[0.49926794]	[0.00403565]    	9.43564	10 	1  	1.03805  
61 	131.541	[0.50661738]	[0.50900901]	[0.49902391]	[0.00400984]    	9.57426	10 	7  	0.602742 
62 	127.598	[0.50161151]	[0.50900901]	[0.]        	[0.05031952]    	9.58416	10 	7  	0.584745 
63 	133.872	[0.50622434]	[0.50900901]	[0.49877989]	[0.00410737]    	9.52475	10 	4  	0.918394 
64 	131.364	[0.50696339]	[0.50900901]	[0.49902391]	[0.00379102]    	9.66337	10 	6  	0.721347 
65 	136.965	[0.50694165]	[0.50900901]	[0.49877989]	[0.00375666]    	9.74257	10 	9  	0.437216 
66 	136.556	[0.50712005]	[0.50900901]	[0.49877989]	[0.00365367]    	9.74257	10 	8  	0.459304 
67 	137.683	[0.50747331]	[0.50900901]	[0.49951196]	[0.00334237]    	9.69307	10 	9  	0.46122  
68 	135.273	[0.50640163]	[0.50900901]	[0.49902391]	[0.00407771]    	9.59406	10 	6  	0.599971 
69 	136.663	[0.50680302]	[0.50900901]	[0.49877989]	[0.00389794]    	9.62376	10 	4  	0.729186 
70 	135.726	[0.5066958] 	[0.50900901]	[0.49902391]	[0.00395709]    	9.60396	10 	8  	0.546441 
71 	136.805	[0.50723099]	[0.50900901]	[0.49926794]	[0.00353388]    	9.62376	10 	7  	0.56026  
72 	137.156	[0.50728525]	[0.50900901]	[0.49926794]	[0.00351398]    	9.57426	10 	8  	0.514089 
73 	130.655	[0.50116421]	[0.50900901]	[0.]        	[0.05028956]    	9.53465	10 	7  	0.589753 
74 	130.705	[0.50623773]	[0.50900901]	[0.49902391]	[0.00413078]    	9.53465	10 	5  	0.69744  
75 	132.247	[0.50667647]	[0.50900901]	[0.49902391]	[0.00387821]    	9.41584	10 	6  	0.761282 
76 	132.711	[0.50719847]	[0.50900901]	[0.49926794]	[0.00364469]    	9.49505	10 	5  	0.683957 
77 	134.275	[0.50699591]	[0.50900901]	[0.49877989]	[0.00374716]    	9.54455	10 	7  	0.572034 
78 	137.704	[0.50643173]	[0.50900901]	[0.49804783]	[0.00416725]    	9.47525	10 	7  	0.555692 
79 	126.089	[0.50629199]	[0.50900901]	[0.49951196]	[0.00411985]    	9.43564	10 	7  	0.552507 
80 	133.792	[0.50669338]	[0.50900901]	[0.49926794]	[0.00390185]    	9.37624	10 	8  	0.5423   
81 	135.966	[0.50673315]	[0.50900901]	[0.49877989]	[0.00391974]    	9.45545	10 	8  	0.536301 
82 	135.469	[0.50662462]	[0.50900901]	[0.49877989]	[0.00394415]    	9.32673	10 	4  	0.746064 
83 	147.26 	[0.5072033] 	[0.50900901]	[0.49926794]	[0.00351651]    	9.37624	10 	9  	0.484441 
84 	144.759	[0.50215394]	[0.50900901]	[0.]        	[0.0503397]     	9.44554	10 	9  	0.497026 
85 	139.473	[0.50668855]	[0.50900901]	[0.49877989]	[0.00397163]    	9.43564	10 	9  	0.495841 
86 	138.444	[0.50685728]	[0.50900901]	[0.49926794]	[0.00388391]    	9.34653	10 	6  	0.695611 
87 	146.257	[0.50729844]	[0.50900901]	[0.49926794]	[0.00351796]    	9.45545	10 	8  	0.51751  
88 	140.585	[0.50775057]	[0.50900901]	[0.49951196]	[0.00300696]    	9.44554	10 	9  	0.497026 
89 	136.193	[0.50765654]	[0.50900901]	[0.49926794]	[0.00317322]    	9.37624	10 	8  	0.504465 
90 	137.336	[0.50653059]	[0.50900901]	[0.49902391]	[0.00405118]    	9.46535	10 	7  	0.555162 
91 	132.467	[0.50205267]	[0.50900901]	[0.]        	[0.0503397]     	9.54455	10 	9  	0.498011 
92 	139.321	[0.50728525]	[0.50900901]	[0.49829185]	[0.003585]      	9.63366	10 	9  	0.481803 
93 	133.395	[0.50702249]	[0.50900901]	[0.49951196]	[0.00370846]    	9.57426	10 	7  	0.602742 
94 	142.726	[0.50755768]	[0.50900901]	[0.49902391]	[0.00334689]    	9.62376	10 	7  	0.594554 
95 	145.74 	[0.50774091]	[0.50900901]	[0.49926794]	[0.00316225]    	9.68317	10 	9  	0.465241 
96 	136.487	[0.50756251]	[0.50900901]	[0.49926794]	[0.00327428]    	9.56436	10 	9  	0.495841 
97 	135.206	[0.50729008]	[0.50900901]	[0.49926794]	[0.00357236]    	9.48515	10 	3  	0.827903 
98 	131.209	[0.50621599]	[0.50900901]	[0.49877989]	[0.0041743]     	9.34653	10 	2  	1.00922  
99 	130.404	[0.50722021]	[0.50900901]	[0.49975598]	[0.00360003]    	9.43564	10 	5  	0.872187 
100	142.085	[0.50751308]	[0.50900901]	[0.49926794]	[0.00335348]    	9.51485	10 	8  	0.537944 
101	143.113	[0.5073973] 	[0.50900901]	[0.49902391]	[0.00349475]    	9.62376	10 	9  	0.484441 
102	145.204	[0.50743949]	[0.50900901]	[0.49877989]	[0.0034868]     	9.65347	10 	8  	0.496236 
103	143.958	[0.50754318]	[0.50900901]	[0.49902391]	[0.00338135]    	9.74257	10 	9  	0.437216 
104	140.251	[0.50726351]	[0.50900901]	[0.49877989]	[0.00362958]    	9.72277	10 	8  	0.469228 
105	142.708	[0.50744432]	[0.50900901]	[0.49877989]	[0.00341595]    	9.75248	10 	9  	0.431574 
106	134.903	[0.49681655]	[0.50900901]	[0.]        	[0.07071659]    	9.75248	10 	9  	0.431574 
107	130.738	[0.50686453]	[0.50900901]	[0.49877989]	[0.0038685]     	9.69307	10 	8  	0.502323 
108	137.078	[0.50727076]	[0.50900901]	[0.49829185]	[0.00361545]    	9.79208	10 	9  	0.40582  
109	136.409	[0.50767215]	[0.50900901]	[0.49877989]	[0.00323382]    	9.73267	10 	5  	0.627601 
110	136.434	[0.50247097]	[0.50900901]	[0.]        	[0.0503584]     	9.79208	10 	9  	0.40582  
111	135.328	[0.50764446]	[0.50900901]	[0.49877989]	[0.00320773]    	9.87129	10 	9  	0.334882 
112	136.405	[0.50724307]	[0.50900901]	[0.49926794]	[0.00358066]    	9.88119	10 	9  	0.323567 
113	132.492	[0.50712618]	[0.50900901]	[0.49951196]	[0.00367548]    	9.79208	10 	7  	0.473387 
114	137.432	[0.50717431]	[0.50900901]	[0.49926794]	[0.00363364]    	9.82178	10 	9  	0.382696 
115	138.292	[0.506979]  	[0.50900901]	[0.49829185]	[0.00379124]    	9.78218	10 	9  	0.412766 
116	128.647	[0.50660177]	[0.50900901]	[0.49926794]	[0.00393656]    	9.67327	10 	7  	0.582057 
117	129.247	[0.50668372]	[0.50900901]	[0.49829185]	[0.00397029]    	9.58416	10 	2  	0.925623 
118	136.93 	[0.50741663]	[0.50900901]	[0.49902391]	[0.0033828]     	9.71287	10 	7  	0.532817 
119	136.524	[0.50750825]	[0.50900901]	[0.49853587]	[0.00330306]    	9.71287	10 	9  	0.452422 
120	133.035	[0.50636669]	[0.50900901]	[0.49853587]	[0.00416745]    	9.73267	10 	9  	0.442564 
121	132.71 	[0.50192612]	[0.50900901]	[0.]        	[0.05033428]    	9.68317	10 	6  	0.612262 
122	137.308	[0.50727076]	[0.50900901]	[0.49902391]	[0.00361349]    	9.74257	10 	9  	0.437216 
123	131.119	[0.50737687]	[0.50900901]	[0.49926794]	[0.00343872]    	9.67327	10 	7  	0.528568 
124	137.301	[0.50735754]	[0.50900901]	[0.49829185]	[0.00355118]    	9.71287	10 	7  	0.532817 
125	132.609	[0.5072033] 	[0.50900901]	[0.49926794]	[0.0036348]     	9.67327	10 	7  	0.582057 
126	134.652	[0.50709236]	[0.50900901]	[0.49902391]	[0.00368616]    	9.70297	10 	8  	0.478127 
127	135.303	[0.50724307]	[0.50900901]	[0.49926794]	[0.00357762]    	9.66337	10 	8  	0.493065 
128	133.495	[0.50693199]	[0.50900901]	[0.49926794]	[0.00385068]    	9.70297	10 	8  	0.478127 
129	135.975	[0.50736479]	[0.50900901]	[0.49877989]	[0.00353404]    	9.75248	10 	9  	0.431574 
130	137.344	[0.50772641]	[0.50900901]	[0.49926794]	[0.00311438]    	9.79208	10 	9  	0.40582  
131	134.613	[0.50177541]	[0.50900901]	[0.]        	[0.05033094]    	9.73267	10 	9  	0.442564 
132	129.116	[0.50686453]	[0.50900901]	[0.49902391]	[0.00387132]    	9.59406	10 	9  	0.491073 
133	126.471	[0.50208649]	[0.50900901]	[0.]        	[0.05033842]    	9.61386	10 	6  	0.59653  
134	129.656	[0.50700316]	[0.50900901]	[0.49853587]	[0.00374829]    	9.69307	10 	9  	0.46122  
135	123.492	[0.50653432]	[0.50900901]	[0.49951196]	[0.00402158]    	9.61386	10 	7  	0.562355 
136	132.017	[0.50755043]	[0.50900901]	[0.49926794]	[0.00336382]    	9.65347	10 	9  	0.475866 
137	129.921	[0.50731777]	[0.50900901]	[0.49877989]	[0.00347342]    	9.67327	10 	9  	0.469019 
138	129.841	[0.50651016]	[0.50900901]	[0.49926794]	[0.00405412]    	9.67327	10 	8  	0.489674 
139	128.439	[0.50691638]	[0.50900901]	[0.49902391]	[0.00374377]    	9.67327	10 	9  	0.469019 
140	129.157	[0.50725032]	[0.50900901]	[0.49951196]	[0.00356811]    	9.69307	10 	9  	0.46122  
141	128.71 	[0.50723824]	[0.50900901]	[0.49877989]	[0.00353844]    	9.71287	10 	8  	0.473801 
142	120.873	[0.50743113]	[0.50900901]	[0.49951196]	[0.00341827]    	9.73267	10 	6  	0.560959 
143	127.332	[0.50737445]	[0.50900901]	[0.49926794]	[0.00351131]    	9.75248	10 	9  	0.431574 
144	127.444	[0.50696339]	[0.50900901]	[0.49902391]	[0.00379707]    	9.61386	10 	6  	0.59653  
145	130.872	[0.50731052]	[0.50900901]	[0.49877989]	[0.0034748]     	9.66337	10 	9  	0.472558 
146	123.85 	[0.50703085]	[0.50900901]	[0.49804783]	[0.00377177]    	9.71287	10 	7  	0.532817 
147	126.216	[0.50714179]	[0.50900901]	[0.49926794]	[0.00367148]    	9.82178	10 	9  	0.382696 
148	124.468	[0.50719847]	[0.50900901]	[0.49877989]	[0.00364582]    	9.64356	10 	8  	0.499191 
149	122.717	[0.50653784]	[0.50900901]	[0.49926794]	[0.00402123]    	9.62376	10 	8  	0.523724 
150	124.303	[0.50695373]	[0.50900901]	[0.49902391]	[0.00373747]    	9.64356	10 	9  	0.478946 
151	127.539	[0.50671865]	[0.50900901]	[0.49902391]	[0.00399588]    	9.59406	10 	6  	0.616252 
152	125.242	[0.5071875] 	[0.50900901]	[0.49877989]	[0.00369772]    	9.60396	10 	7  	0.581551 
153	121.072	[0.50746848]	[0.50900901]	[0.49951196]	[0.00329582]    	9.67327	10 	8  	0.489674 
154	119.742	[0.50677292]	[0.50900901]	[0.49902391]	[0.00392517]    	9.66337	10 	9  	0.472558 
155	127.162	[0.50653059]	[0.50900901]	[0.49902391]	[0.00404101]    	9.75248	10 	9  	0.431574 
156	120.057	[0.49684424]	[0.51351351]	[0.]        	[0.07072169]    	9.66337	10 	8  	0.493065 
157	123.595	[0.50686695]	[0.51351351]	[0.49877989]	[0.00406693]    	9.68317	10 	8  	0.525219 
158	127.992	[0.50797709]	[0.51351351]	[0.49926794]	[0.00383151]    	9.69307	10 	8  	0.48221  
159	130.491	[0.50885588]	[0.51351351]	[0.49951196]	[0.00401428]    	9.70297	10 	9  	0.45695  
160	129.879	[0.50854238]	[0.51351351]	[0.49877989]	[0.00504513]    	9.74257	10 	2  	0.863489 
161	131.484	[0.51013959]	[0.51351351]	[0.49902391]	[0.00485545]    	9.90099	10 	9  	0.298675 
162	138.36 	[0.51076156]	[0.51351351]	[0.49951196]	[0.00479373]    	9.9703 	10 	9  	0.169767 
163	137.671	[0.5106772] 	[0.51351351]	[0.49975598]	[0.00527702]    	9.9802 	10 	9  	0.139319 
164	140.202	[0.51099181]	[0.51351351]	[0.49951196]	[0.00512369]    	9.9901 	10 	9  	0.0990099
165	136.291	[0.51185368]	[0.51351351]	[0.49975598]	[0.00410404]    	9.9802 	10 	9  	0.139319 
166	134.249	[0.50980324]	[0.51351351]	[0.49926794]	[0.00558507]    	10     	10 	10 	0        
167	136.996	[0.51026614]	[0.51351351]	[0.49926794]	[0.00541255]    	9.9703 	10 	9  	0.169767 
168	133.345	[0.51006006]	[0.51351351]	[0.49926794]	[0.00553108]    	9.93069	10 	9  	0.253975 
169	127.447	[0.50986958]	[0.51351351]	[0.49926794]	[0.00548784]    	9.90099	10 	5  	0.554102 
170	129.484	[0.50999855]	[0.51351351]	[0.49902391]	[0.00575434]    	9.9703 	10 	9  	0.169767 
171	133.729	[0.50978763]	[0.51351351]	[0.49926794]	[0.00568695]    	9.9604 	10 	7  	0.312156 
172	135.48 	[0.51050846]	[0.51351351]	[0.49951196]	[0.0049874]     	10     	10 	10 	0        
173	134.708	[0.51048672]	[0.51351351]	[0.49926794]	[0.00537317]    	9.9703 	10 	7  	0.29703  
174	130.015	[0.50987925]	[0.51351351]	[0.49951196]	[0.00558461]    	9.9802 	10 	9  	0.139319 
175	132.212	[0.51019144]	[0.51351351]	[0.49926794]	[0.00533564]    	9.9703 	10 	9  	0.169767 
176	128.676	[0.51063018]	[0.51351351]	[0.49877989]	[0.00529863]    	9.9703 	10 	9  	0.169767 
177	129.535	[0.51019869]	[0.51351351]	[0.49951196]	[0.00547041]    	9.9802 	10 	9  	0.139319 
178	130.803	[0.51064226]	[0.51351351]	[0.49951196]	[0.00521313]    	9.9901 	10 	9  	0.0990099
179	130.078	[0.51000096]	[0.51351351]	[0.49951196]	[0.0055401]     	9.9802 	10 	9  	0.139319 
180	132.674	[0.51036984]	[0.51351351]	[0.49926794]	[0.00513264]    	9.9901 	10 	9  	0.0990099
181	133.354	[0.51028658]	[0.51351351]	[0.49926794]	[0.00542213]    	10     	10 	10 	0        
182	132.887	[0.51094721]	[0.51351351]	[0.49926794]	[0.00497489]    	10     	10 	10 	0        
183	132.318	[0.51048914]	[0.51351351]	[0.49951196]	[0.00510376]    	9.9703 	10 	9  	0.169767 
184	132.323	[0.50968635]	[0.51351351]	[0.49926794]	[0.0057414]     	10     	10 	10 	0        
185	133.9  	[0.51063743]	[0.51351351]	[0.49975598]	[0.0049944]     	9.9901 	10 	9  	0.0990099
186	129.153	[0.51036017]	[0.51351351]	[0.49951196]	[0.00541103]    	9.9505 	10 	6  	0.407267 
187	132.793	[0.51059525]	[0.51351351]	[0.49926794]	[0.00539583]    	9.9901 	10 	9  	0.0990099
188	129.959	[0.51018177]	[0.51351351]	[0.49951196]	[0.00542668]    	9.9703 	10 	9  	0.169767 
189	130.976	[0.51008774]	[0.51351351]	[0.49902391]	[0.00545112]    	9.9703 	10 	9  	0.169767 
190	134.753	[0.51003831]	[0.51351351]	[0.49902391]	[0.0055658]     	9.9901 	10 	9  	0.0990099
191	132.809	[0.51049397]	[0.51351351]	[0.49926794]	[0.00532939]    	9.9505 	10 	9  	0.21692  
192	128.267	[0.51069411]	[0.51351351]	[0.49975598]	[0.00515354]    	9.86139	10 	5  	0.5634   
193	132.606	[0.51062777]	[0.51351351]	[0.49951196]	[0.0051384]     	9.92079	10 	9  	0.270063 
194	133.076	[0.51144746]	[0.51351351]	[0.49951196]	[0.00449597]    	9.9802 	10 	9  	0.139319 
195	133.173	[0.51107134]	[0.51351351]	[0.49926794]	[0.00500586]    	9.9901 	10 	9  	0.0990099
196	131.056	[0.51035292]	[0.51351351]	[0.49926794]	[0.00543572]    	9.9703 	10 	9  	0.169767 
197	131.151	[0.5104096] 	[0.51351351]	[0.49951196]	[0.00515054]    	9.9802 	10 	9  	0.139319 
198	127.345	[0.50946094]	[0.51351351]	[0.49951196]	[0.00579404]    	9.9802 	10 	9  	0.139319 
199	130.356	[0.51036742]	[0.51351351]	[0.49951196]	[0.00529557]    	9.89109	10 	4  	0.643336 
200	129.491	[0.51014684]	[0.51351351]	[0.49951196]	[0.0053265]     	9.91089	10 	4  	0.614978 
201	132.411	[0.51108584]	[0.51351351]	[0.49926794]	[0.00463606]    	9.9505 	10 	9  	0.21692  
202	132.387	[0.50982981]	[0.51351351]	[0.49951196]	[0.00576859]    	9.94059	10 	9  	0.236383 
203	131.58 	[0.50937416]	[0.51351351]	[0.49926794]	[0.00584325]    	9.89109	10 	9  	0.311527 
204	133.522	[0.50996361]	[0.51351351]	[0.49951196]	[0.00563204]    	9.91089	10 	9  	0.284901 
205	132.926	[0.51086526]	[0.51351351]	[0.49926794]	[0.00494789]    	9.91089	10 	9  	0.284901 
206	133.262	[0.51046145]	[0.51351351]	[0.49926794]	[0.00536963]    	9.9703 	10 	9  	0.169767 
207	130.842	[0.51009499]	[0.51351351]	[0.49877989]	[0.00554736]    	9.9802 	10 	9  	0.139319 
208	131.563	[0.51084834]	[0.51351351]	[0.49926794]	[0.00492801]    	9.9703 	10 	8  	0.220506 
209	130.902	[0.50994912]	[0.51351351]	[0.49853587]	[0.00574818]    	9.9703 	10 	9  	0.169767 
210	132.369	[0.51087009]	[0.51351351]	[0.49975598]	[0.00497732]    	9.9802 	10 	9  	0.139319 
211	132.729	[0.51148723]	[0.51351351]	[0.49902391]	[0.00412982]    	9.9901 	10 	9  	0.0990099
212	125.568	[0.51077847]	[0.51351351]	[0.49951196]	[0.00520949]    	9.93069	10 	6  	0.492668 
213	129.473	[0.51005039]	[0.51351351]	[0.49902391]	[0.00550701]    	9.9901 	10 	9  	0.0990099
214	134.373	[0.51188862]	[0.51351351]	[0.49951196]	[0.00413642]    	10     	10 	10 	0        
215	132.487	[0.51118711]	[0.51351351]	[0.49951196]	[0.00486989]    	9.9802 	10 	9  	0.139319 
216	137.383	[0.51184271]	[0.51351351]	[0.49926794]	[0.00419439]    	9.9901 	10 	9  	0.0990099
217	133.251	[0.51109308]	[0.51351351]	[0.49951196]	[0.00483073]    	9.9901 	10 	9  	0.0990099
218	133.824	[0.5113932] 	[0.51351351]	[0.49951196]	[0.0045058]     	9.9802 	10 	9  	0.139319 
219	131.965	[0.51072904]	[0.51351351]	[0.49926794]	[0.00517725]    	9.9901 	10 	9  	0.0990099
220	133.725	[0.51145954]	[0.51351351]	[0.49975598]	[0.00455612]    	9.9802 	10 	9  	0.139319 
221	131.508	[0.51113044]	[0.51351351]	[0.49902391]	[0.00485651]    	9.9901 	10 	9  	0.0990099
222	134.17 	[0.51131608]	[0.51351351]	[0.49951196]	[0.00462085]    	9.9802 	10 	9  	0.139319 
223	132.703	[0.51149689]	[0.51351351]	[0.49975598]	[0.0042906]     	9.90099	10 	5  	0.588755 
224	137.19 	[0.51210437]	[0.51351351]	[0.49951196]	[0.00387343]    	9.9901 	10 	9  	0.0990099
225	134.842	[0.51143296]	[0.51351351]	[0.49926794]	[0.00437373]    	9.91089	10 	4  	0.614978 
226	131.058	[0.51084593]	[0.51351351]	[0.49829185]	[0.00511661]    	9.9703 	10 	9  	0.169767 
227	129.603	[0.51059041]	[0.51351351]	[0.49951196]	[0.00525246]    	9.9703 	10 	9  	0.169767 
228	124.637	[0.51060008]	[0.51351351]	[0.49951196]	[0.00534653]    	9.9703 	10 	9  	0.169767 
229	128.068	[0.51021913]	[0.51351351]	[0.49902391]	[0.00573384]    	10     	10 	10 	0        
230	127.074	[0.51017936]	[0.51351351]	[0.49877989]	[0.00551164]    	9.9901 	10 	9  	0.0990099
231	128.455	[0.51059525]	[0.51351351]	[0.49951196]	[0.00496493]    	9.90099	10 	1  	0.895588 
232	130.999	[0.51158609]	[0.51351351]	[0.49975598]	[0.00428731]    	9.9802 	10 	9  	0.139319 
233	129.674	[0.51068444]	[0.51351351]	[0.49951196]	[0.00521895]    	9.9901 	10 	9  	0.0990099
234	127.442	[0.51091227]	[0.51351351]	[0.49975598]	[0.00490952]    	9.94059	10 	6  	0.417958 
235	132.074	[0.51125215]	[0.51351351]	[0.49926794]	[0.00457016]    	9.9604 	10 	9  	0.195027 
236	128.8  	[0.51089536]	[0.51351351]	[0.49951196]	[0.00493009]    	10     	10 	10 	0        
237	129.754	[0.51127148]	[0.51351351]	[0.49951196]	[0.00482689]    	9.9802 	10 	9  	0.139319 
238	129.2  	[0.51139078]	[0.51351351]	[0.49951196]	[0.00449734]    	9.9802 	10 	9  	0.139319 
239	133.358	[0.51175724]	[0.51351351]	[0.49951196]	[0.00403056]    	9.9703 	10 	9  	0.169767 
240	127.611	[0.51158851]	[0.51351351]	[0.49975598]	[0.00442664]    	9.9802 	10 	9  	0.139319 
241	125.347	[0.51068444]	[0.51351351]	[0.49951196]	[0.00506705]    	9.9802 	10 	9  	0.139319 
242	127.208	[0.50987441]	[0.51351351]	[0.49926794]	[0.00541504]    	9.9703 	10 	9  	0.169767 
243	126.748	[0.51107617]	[0.51351351]	[0.49902391]	[0.00490052]    	9.9604 	10 	9  	0.195027 
244	127.099	[0.51059283]	[0.51351351]	[0.49926794]	[0.00513598]    	9.9901 	10 	9  	0.0990099
245	130.667	[0.51094962]	[0.51351351]	[0.49926794]	[0.00476551]    	9.9802 	10 	9  	0.139319 
246	128.97 	[0.51057109]	[0.51351351]	[0.49877989]	[0.00513686]    	9.9901 	10 	9  	0.0990099
247	127.718	[0.51019738]	[0.51351351]	[0.49902391]	[0.00552402]    	9.9604 	10 	9  	0.195027 
248	125.671	[0.51081583]	[0.51351351]	[0.49951196]	[0.00514486]    	9.9505 	10 	7  	0.326282 
249	127.18 	[0.51067961]	[0.51351351]	[0.49951196]	[0.00489878]    	9.9604 	10 	9  	0.195027 
250	127.194	[0.51045179]	[0.51351351]	[0.49951196]	[0.00537426]    	9.9901 	10 	9  	0.0990099
251	130.302	[0.51120997]	[0.51351351]	[0.49951196]	[0.00469161]    	9.93069	10 	6  	0.428153 
252	130.461	[0.51189587]	[0.51351351]	[0.49951196]	[0.00405802]    	9.9802 	10 	9  	0.139319 
253	128.738	[0.5099612] 	[0.51351351]	[0.49951196]	[0.00569766]    	9.9901 	10 	9  	0.0990099
254	131.878	[0.51079891]	[0.51351351]	[0.49926794]	[0.00518555]    	9.9802 	10 	9  	0.139319 
255	123.534	[0.5104988] 	[0.51351351]	[0.49926794]	[0.00536112]    	9.9802 	10 	9  	0.139319 
256	127.867	[0.51072663]	[0.51351351]	[0.49926794]	[0.00515151]    	9.9505 	10 	9  	0.21692  
257	126.818	[0.51041443]	[0.51351351]	[0.49951196]	[0.00528988]    	9.9505 	10 	9  	0.21692  
258	124.009	[0.51085076]	[0.51351351]	[0.49829185]	[0.00505576]    	9.88119	10 	4  	0.633818 
259	127.772	[0.51113768]	[0.51351351]	[0.49951196]	[0.00491453]    	9.93069	10 	9  	0.253975 
260	129.073	[0.51097973]	[0.51351351]	[0.49902391]	[0.0050428]     	9.89109	10 	7  	0.395544 
261	125.741	[0.51045903]	[0.51351351]	[0.49926794]	[0.00523106]    	9.91089	10 	4  	0.614978 
262	127.598	[0.51070247]	[0.51351351]	[0.49829185]	[0.00514941]    	9.94059	10 	7  	0.339533 
263	127.52 	[0.51121239]	[0.51351351]	[0.49926794]	[0.00478491]    	9.9604 	10 	7  	0.312156 
264	129.334	[0.51161378]	[0.51351351]	[0.49902391]	[0.0043235]     	9.9703 	10 	9  	0.169767 
265	126.777	[0.51066995]	[0.51351351]	[0.49926794]	[0.00511197]    	9.9802 	10 	9  	0.139319 
266	123.695	[0.51011191]	[0.51351351]	[0.49951196]	[0.00570582]    	9.93069	10 	4  	0.601276 
267	124.558	[0.51055065]	[0.51351351]	[0.49902391]	[0.00523927]    	10     	10 	10 	0        
268	129.592	[0.5114378] 	[0.51351351]	[0.49926794]	[0.00437091]    	10     	10 	10 	0        
269	125.838	[0.50658858]	[0.51351351]	[0.]        	[0.05085204]    	9.9802 	10 	9  	0.139319 
270	125.189	[0.51055548]	[0.51351351]	[0.49951196]	[0.00531128]    	9.9505 	10 	5  	0.49505  
271	123.134	[0.51109792]	[0.51351351]	[0.49975598]	[0.00489759]    	10     	10 	10 	0        
272	123.905	[0.51017453]	[0.51351351]	[0.49926794]	[0.00544097]    	9.9901 	10 	9  	0.0990099
273	130.182	[0.51039269]	[0.51351351]	[0.49926794]	[0.00520875]    	10     	10 	10 	0        
274	127.149	[0.51103399]	[0.51351351]	[0.49926794]	[0.00486297]    	10     	10 	10 	0        
275	122.819	[0.5104542] 	[0.51351351]	[0.49877989]	[0.00519477]    	9.9505 	10 	5  	0.49505  
276	125.103	[0.50984914]	[0.51351351]	[0.49975598]	[0.00584651]    	9.9901 	10 	9  	0.0990099
277	124.987	[0.51077606]	[0.51351351]	[0.49926794]	[0.00506692]    	9.9802 	10 	9  	0.139319 
278	126.115	[0.51046145]	[0.51351351]	[0.49951196]	[0.00523219]    	9.93069	10 	5  	0.51237  
279	126.023	[0.51067478]	[0.51351351]	[0.49951196]	[0.00535079]    	10     	10 	10 	0        
280	125.705	[0.51095204]	[0.51351351]	[0.49951196]	[0.0050042]     	10     	10 	10 	0        
281	130.434	[0.51060491]	[0.51351351]	[0.49951196]	[0.00519246]    	9.9901 	10 	9  	0.0990099
282	122.695	[0.50950071]	[0.51351351]	[0.49877989]	[0.00595539]    	9.9901 	10 	9  	0.0990099
283	128.139	[0.50512517]	[0.51351351]	[0.]        	[0.05081933]    	9.9703 	10 	9  	0.169767 
284	125.476	[0.50984189]	[0.51351351]	[0.49951196]	[0.00582456]    	9.9604 	10 	9  	0.195027 
285	131.887	[0.51013476]	[0.51351351]	[0.49902391]	[0.00542295]    	9.9802 	10 	9  	0.139319 
286	130.594	[0.51167287]	[0.51351351]	[0.49975598]	[0.00418123]    	10     	10 	10 	0        
287	130.394	[0.50999613]	[0.51351351]	[0.49951196]	[0.00546221]    	9.9703 	10 	9  	0.169767 
288	131.652	[0.51044695]	[0.51351351]	[0.49926794]	[0.00512732]    	9.93069	10 	8  	0.290354 
289	129.559	[0.51117987]	[0.51351351]	[0.49975598]	[0.00475935]    	9.9604 	10 	9  	0.195027 
290	125.913	[0.51053615]	[0.51351351]	[0.49926794]	[0.00519176]    	9.93069	10 	7  	0.379093 
291	129.602	[0.5112594] 	[0.51351351]	[0.49926794]	[0.00478169]    	9.9802 	10 	9  	0.139319 
292	129.982	[0.51094237]	[0.51351351]	[0.49902391]	[0.00495052]    	9.9802 	10 	9  	0.139319 
293	130.532	[0.51083626]	[0.51351351]	[0.49926794]	[0.00496846]    	9.9703 	10 	9  	0.169767 
294	126.999	[0.5103204] 	[0.51351351]	[0.49951196]	[0.00544644]    	9.9703 	10 	9  	0.169767 
295	124.621	[0.51092194]	[0.51351351]	[0.49975598]	[0.00468432]    	10     	10 	10 	0        
296	128.98 	[0.5113932] 	[0.51351351]	[0.49951196]	[0.00440819]    	9.9802 	10 	9  	0.139319 
297	132.522	[0.51243347]	[0.51351351]	[0.49975598]	[0.00313287]    	9.9802 	10 	9  	0.139319 
298	129.989	[0.51127631]	[0.51351351]	[0.49975598]	[0.00456769]    	9.9901 	10 	9  	0.0990099
299	129.213	[0.51089294]	[0.51351351]	[0.49877989]	[0.00523679]    	9.9802 	10 	8  	0.19802  