   	       	                                                               fitness                                                               	              size             
   	       	-------------------------------------------------------------------------------------------------------------------------------------	-------------------------------
gen	time   	avg                                     	max             	min             	std                                  	avg    	max	min	std    
0  	3.52716	[196.51485149 169.0990099  199.9009901 ]	[228. 207. 273.]	[159.  96. 162.]	[15.50637931 23.58742111 23.58742111]	2.75248	9  	1  	2.05569
1  	5.02744	[200.82178218 162.17821782 206.82178218]	[241. 200. 292.]	[158.  77. 169.]	[15.41915746 25.64934756 25.64934756]	4.25743	13 	1  	3.05285
2  	4.96845	[200.0990099  164.65346535 204.34653465]	[241. 369. 277.]	[ 0. 92. -0.]   	[33.1021536  37.96414036 37.96414036]	4.63366	14 	1  	3.19567
3  	4.85886	[210.15841584 156.32673267 212.67326733]	[252. 194. 274.]	[159.  95. 175.]	[17.8385125  23.53767105 23.53767105]	4.53465	13 	1  	3.04281
4  	5.33728	[211.         154.34653465 214.65346535]	[252. 207. 273.]	[162.  96. 162.]	[19.8019901  26.12060211 26.12060211]	5.50495	19 	1  	3.37323
5  	6.35749	[216.52475248 150.32673267 218.67326733]	[252. 197. 285.]	[155.  84. 172.]	[18.63276899 25.42046767 25.42046767]	6.22772	16 	1  	3.13044
6  	6.53094	[215.23762376 145.66336634 223.33663366]	[252. 204. 287.]	[155.  82. 165.]	[20.56149844 26.58752675 26.58752675]	6.40594	16 	1  	2.97906
7  	7.10548	[214.05940594 142.14851485 226.85148515]	[252. 193. 285.]	[165.  84. 176.]	[19.07505851 25.41668047 25.41668047]	6.49505	15 	1  	2.81658
8  	7.36501	[221.35643564 138.85148515 230.14851485]	[256. 192. 294.]	[164.  75. 177.]	[19.41245092 25.81939793 25.81939793]	7.12871	18 	1  	3.01042
9  	8.93653	[219.95049505 135.82178218 233.17821782]	[256. 369. 297.]	[ 0. 72. -0.]   	[30.66341589 31.54578506 31.54578506]	8.14851	15 	1  	2.74091
10 	8.55539	[224.87128713 134.7029703  234.2970297 ]	[256. 184. 272.]	[161.  97. 185.]	[18.27114989 20.77343341 20.77343341]	8.17822	14 	1  	2.49116
11 	10.5012	[224.89108911 134.13861386 234.86138614]	[260. 211. 277.]	[179.  92. 158.]	[18.99291217 25.13607707 25.13607707]	9.15842	17 	1  	3.13313
12 	12.4988	[225.56435644 125.87128713 239.47524752]	[260. 220. 285.]	[ 0. -0. -0.]   	[29.55358143 26.20507976 33.192685  ]	10.1188	23 	1  	3.96841
13 	15.7135	[230.33663366 122.71287129 246.28712871]	[272. 201. 277.]	[125.  92. 168.]	[23.55834435 23.30314075 23.30314075]	11.4158	26 	3  	3.90041
14 	17.284 	[237.53465347 114.31683168 251.02970297]	[272. 199. 280.]	[ 0. -0. -0.]   	[29.09171716 22.84598918 31.95958322]	12.1188	27 	2  	4.05723
15 	19.2032	[240.07920792 116.51485149 252.48514851]	[272. 185. 283.]	[169.  86. 184.]	[19.24859937 18.55823794 18.55823794]	12.9208	27 	2  	4.38197
16 	18.8946	[244.68316832 113.63366337 255.36633663]	[272. 171. 283.]	[194.  86. 198.]	[15.80382877 15.56571682 15.56571682]	13.2475	27 	6  	3.89314
17 	19.602 	[239.41584158 117.20792079 251.79207921]	[272. 192. 281.]	[129.  88. 177.]	[24.87842412 20.77713749 20.77713749]	13.7129	25 	6  	4.14427
18 	19.556 	[243.58415842 113.10891089 255.89108911]	[272. 171. 287.]	[178.  82. 198.]	[18.7015472  15.34675183 15.34675183]	13.2277	25 	1  	4.26564
19 	20.2821	[244.01980198 112.01980198 256.98019802]	[272. 188. 303.]	[164.  66. 181.]	[20.8317067  16.69231174 16.69231174]	13.7624	29 	1  	4.77026
20 	23.853 	[245.23762376 113.66336634 255.33663366]	[272. 220. 281.]	[170.  88. 149.]	[21.89857291 19.35252803 19.35252803]	14.9604	28 	1  	3.79661
21 	25.1137	[248.21782178 109.18811881 259.81188119]	[272. 186. 284.]	[155.  85. 183.]	[20.49998984 14.96974696 14.96974696]	16     	31 	5  	3.9602 
22 	27.3733	[251.0990099  108.55445545 260.44554455]	[272. 183. 299.]	[179.  70. 186.]	[19.25416501 16.34799485 16.34799485]	16.0396	24 	6  	3.51213
23 	27.4607	[247.4950495  105.53465347 259.81188119]	[272. 163. 307.]	[ 0. -0. -0.]   	[32.14559199 17.07848183 29.24587231]	15.8911	27 	7  	3.74933
24 	28.0218	[248.81188119 110.07920792 258.92079208]	[272. 180. 312.]	[181.  57. 189.]	[22.89654428 19.90854494 19.90854494]	15.9406	27 	8  	3.75439
25 	25.897 	[251.00990099 109.4950495  259.5049505 ]	[276. 196. 299.]	[155.  70. 173.]	[23.45777544 19.63308168 19.63308168]	15.1089	25 	6  	4.25173
26 	24.4166	[251.67326733 106.69306931 262.30693069]	[277. 194. 305.]	[172.  64. 175.]	[22.18201435 20.05227948 20.05227948]	14.2673	26 	1  	4.28881
27 	26.2234	[253.36633663 106.88118812 262.11881188]	[280. 172. 287.]	[181.  82. 197.]	[19.79134863 18.11420707 18.11420707]	14.9703	26 	6  	4.06982
28 	25.4932	[248.74257426 110.10891089 258.89108911]	[280. 186. 284.]	[172.  85. 183.]	[26.00519882 19.09999792 19.09999792]	15.2673	32 	2  	4.67539
29 	27.1833	[261.84158416 103.0990099  265.9009901 ]	[282. 175. 284.]	[171.  85. 194.]	[21.14716594 15.83985758 15.83985758]	16.6733	28 	7  	3.60173
30 	28.3486	[257.00990099 106.77227723 262.22772277]	[283. 180. 288.]	[129.  81. 189.]	[26.54474834 20.43481847 20.43481847]	17.8119	34 	3  	4.4158 
31 	29.6191	[263.15841584 102.14851485 266.85148515]	[283. 156. 283.]	[200.  86. 213.]	[17.48194694 12.15932689 12.15932689]	18.901 	38 	1  	5.22087
32 	29.855 	[264.51485149 102.73267327 266.26732673]	[285. 188. 288.]	[182.  81. 181.]	[19.88661616 14.41320289 14.41320289]	19.4455	37 	14 	5.07269
33 	30.1861	[261.74257426 103.94059406 265.05940594]	[285. 154. 284.]	[171.  85. 215.]	[24.03942861 14.41315528 14.41315528]	20.0891	37 	3  	4.77016
34 	30.683 	[265.47524752 102.15841584 266.84158416]	[285. 186. 289.]	[171.  80. 183.]	[22.70630133 16.05111432 16.05111432]	20.5347	34 	14 	4.20882
35 	30.2805	[266.92079208 100.38613861 268.61386139]	[285. 201. 295.]	[143.  74. 168.]	[23.89568219 16.0796103  16.0796103 ]	20.5347	33 	1  	4.42219
36 	30.565 	[265.61386139  99.67326733 269.32673267]	[288. 169. 284.]	[190.  85. 200.]	[21.39074025 13.98946486 13.98946486]	20.7129	35 	12 	4.63593
37 	33.185 	[265.17821782 101.12871287 267.87128713]	[288. 169. 285.]	[169.  84. 200.]	[26.15467928 17.49209913 17.49209913]	22.5149	39 	4  	6.1332 
38 	35.09  	[265.93069307 100.97029703 268.02970297]	[288. 177. 288.]	[178.  81. 192.]	[25.24935346 17.09696021 17.09696021]	23.9307	39 	6  	6.2335 
39 	36.7489	[269.35643564  98.74257426 270.25742574]	[288. 201. 287.]	[193.  82. 168.]	[20.688919   17.21595706 17.21595706]	24.7327	38 	1  	7.0569 
40 	41.4106	[268.7029703  96.8019802 272.1980198]   	[288. 162. 287.]	[150.  82. 207.]	[25.18192993 14.55955323 14.55955323]	26.901 	39 	5  	6.10552
41 	39.5971	[268.78217822  97.96039604 271.03960396]	[288. 176. 286.]	[179.  83. 193.]	[23.43628563 15.71775863 15.71775863]	26.6931	36 	7  	5.7208 
42 	39.4688	[272.35643564  96.64356436 272.35643564]	[289. 179. 287.]	[206.  82. 190.]	[19.21302372 14.91200869 14.91200869]	26.3069	37 	10 	5.90141
43 	41.49  	[266.11881188  99.07920792 269.92079208]	[289. 175. 289.]	[155.  80. 194.]	[25.26308587 16.13598351 16.13598351]	27.3366	40 	14 	4.83034
44 	41.0869	[270.72277228  97.14851485 271.85148515]	[289. 144. 287.]	[164.  82. 225.]	[23.7441473  13.48588271 13.48588271]	27.3663	40 	14 	5.48936
45 	43.9627	[272.45544554  96.63366337 272.36633663]	[289. 159. 291.]	[162.  78. 210.]	[22.47529986 13.43169207 13.43169207]	27.9109	33 	1  	4.81561
46 	50.0842	[276.15841584  96.11881188 272.88118812]	[291. 150. 288.]	[205.  81. 219.]	[15.8087159  10.99260519 10.99260519]	29.0099	40 	15 	3.32555
47 	52.9897	[272.57425743  98.30693069 270.69306931]	[291. 163. 286.]	[194.  83. 206.]	[22.93527118 12.61206602 12.61206602]	28.4455	38 	9  	3.55014
48 	55.9433	[271.65346535  98.95049505 270.04950495]	[291. 196. 291.]	[173.  78. 173.]	[24.31372332 17.57212928 17.57212928]	27.8416	35 	1  	5.03401
49 	57.1892	[272.89108911  99.11881188 269.88118812]	[292. 187. 287.]	[172.  82. 182.]	[22.40928953 15.21807623 15.21807623]	28.1188	38 	7  	3.64593
50 	58.1321	[272.33663366  98.26732673 270.73267327]	[293. 150. 288.]	[165.  81. 219.]	[25.55300344 14.14695929 14.14695929]	27.9406	37 	8  	3.84816
51 	60.8026	[276.30693069  96.20792079 272.79207921]	[293. 201. 285.]	[192.  84. 168.]	[20.58632757 15.21223897 15.21223897]	28.4356	38 	20 	2.67151
52 	61.326 	[274.66336634  97.08910891 271.91089109]	[293. 176. 284.]	[189.  85. 193.]	[20.01152006 13.30309203 13.30309203]	28.3564	40 	14 	3.28086
53 	60.7836	[268.17821782  99.85148515 269.14851485]	[293. 163. 285.]	[186.  84. 206.]	[26.64337119 16.61824486 16.61824486]	27.8218	40 	8  	3.99355
54 	61.4035	[272.12871287  95.61386139 273.38613861]	[293. 157. 288.]	[151.  81. 212.]	[24.9111941 12.0197612 12.0197612]   	28.4158	40 	14 	3.95837
55 	64.7957	[275.21782178  97.71287129 271.28712871]	[293. 153. 286.]	[199.  83. 216.]	[20.30246727 14.33153183 14.33153183]	29.2079	40 	14 	4.46841
56 	64.3096	[274.46534653  96.96039604 272.03960396]	[293. 166. 285.]	[186.  84. 203.]	[23.52187284 14.45164062 14.45164062]	28.8713	40 	14 	4.19491
57 	66.5379	[271.58415842  95.         270.34653465]	[294. 167. 288.]	[ 0. -0. -0.]   	[36.04322689 16.87695717 30.42127826]	28.6535	40 	14 	4.48636
58 	67.5182	[270.12871287  98.14851485 270.85148515]	[294. 160. 287.]	[157.  82. 209.]	[26.00482186 13.7368379  13.7368379 ]	28.9703	39 	19 	4.03807
59 	66.7437	[268.01980198 100.08910891 268.91089109]	[294. 181. 285.]	[170.  84. 188.]	[28.92495589 17.25642312 17.25642312]	28.2673	40 	5  	5.61273
60 	63.0385	[274.26732673  94.74257426 274.25742574]	[294. 166. 286.]	[133.  83. 203.]	[26.76849452 13.61031457 13.61031457]	27.6535	40 	9  	4.25531
61 	63.542 	[272.81188119  96.61386139 272.38613861]	[295. 182. 285.]	[194.  84. 187.]	[23.36058832 14.94410066 14.94410066]	27.7723	37 	17 	3.3267 
62 	60.1419	[269.40594059  99.26732673 269.73267327]	[295. 198. 286.]	[162.  83. 171.]	[26.53455741 18.21102435 18.21102435]	27.0495	40 	5  	4.56933
63 	60.2585	[271.36633663  97.59405941 271.40594059]	[295. 172. 287.]	[196.  82. 197.]	[22.55849285 14.59362279 14.59362279]	26.9604	38 	14 	3.37997
64 	60.6274	[275.30693069  96.89108911 272.10891089]	[295. 173. 288.]	[198.  81. 196.]	[21.96294926 15.53080681 15.53080681]	27.3267	38 	8  	3.13432
65 	59.2788	[272.44554455  95.7029703  273.2970297 ]	[295. 157. 288.]	[167.  81. 212.]	[28.29703663 13.41164305 13.41164305]	27.0792	36 	9  	2.7275 
66 	59.5601	[268.2970297   97.20792079 271.79207921]	[295. 147. 286.]	[144.  83. 222.]	[30.1009998  13.42401928 13.42401928]	26.9703	36 	14 	3.09089
67 	60.5231	[271.20792079  95.59405941 273.40594059]	[295. 160. 292.]	[158.  77. 209.]	[27.50240919 13.22627015 13.22627015]	26.9901	36 	14 	2.55046
68 	58.2153	[273.62376238  96.2970297  272.7029703 ]	[295. 181. 284.]	[209.  85. 188.]	[23.40214574 16.41331538 16.41331538]	26.6337	40 	7  	3.5564 
69 	60.3407	[274.63366337  96.08910891 272.91089109]	[295. 193. 285.]	[174.  84. 176.]	[23.43971529 14.74408692 14.74408692]	27.1089	40 	10 	3.49795
70 	60.1233	[273.43564356  97.44554455 271.55445545]	[295. 176. 285.]	[176.  84. 193.]	[24.17281668 16.00153164 16.00153164]	27.1584	40 	8  	3.66069
71 	59.1882	[272.22772277  98.12871287 270.87128713]	[295. 178. 289.]	[179.  80. 191.]	[25.4351753  15.80178168 15.80178168]	27.0198	39 	8  	3.10216
72 	57.2839	[271.08910891  98.54455446 270.45544554]	[295. 190. 287.]	[156.  82. 179.]	[26.8741471  18.84566014 18.84566014]	26.3762	35 	4  	4.32779
73 	57.9905	[272.77227723  97.1980198  271.8019802 ]	[295. 201. 287.]	[193.  82. 168.]	[22.99155299 16.64838457 16.64838457]	26.7921	36 	1  	3.99087
74 	59.2573	[273.7029703   96.04950495 272.95049505]	[295. 136. 300.]	[196.  69. 233.]	[22.16658111 12.95259922 12.95259922]	27.0693	32 	14 	2.4586 
75 	61.0605	[270.78217822  97.91089109 271.08910891]	[295. 175. 287.]	[192.  82. 194.]	[24.96080252 15.3726638  15.3726638 ]	27.3366	36 	14 	2.96273
76 	61.0109	[270.79207921  96.13861386 272.86138614]	[295. 138. 288.]	[182.  81. 231.]	[23.79629592 12.84487007 12.84487007]	27.3762	39 	8  	3.65018
77 	60.7458	[274.99009901  94.04950495 274.95049505]	[295. 154. 289.]	[195.  80. 215.]	[20.88890702 13.51154712 13.51154712]	27.4059	38 	8  	3.46461
78 	58.2652	[274.8019802   95.48514851 273.51485149]	[295. 181. 288.]	[211.  81. 188.]	[20.82316865 17.881687   17.881687  ]	26.4455	36 	1  	5.01774
79 	59.0804	[270.18811881  96.32673267 272.67326733]	[295. 161. 289.]	[191.  80. 208.]	[24.39839017 15.94055101 15.94055101]	26.7921	36 	1  	4.37209
80 	60.2206	[273.13861386  93.81188119 275.18811881]	[295. 154. 292.]	[209.  77. 215.]	[21.3481419  14.22430835 14.22430835]	27.2673	37 	14 	3.79654
81 	62.2042	[266.69306931  98.54455446 270.45544554]	[295. 184. 290.]	[168.  79. 185.]	[26.1846991  18.63645143 18.63645143]	27.7327	38 	15 	3.01446
82 	61.1131	[272.11881188  95.44554455 273.55445545]	[295. 183. 291.]	[191.  78. 186.]	[21.75347344 16.75476894 16.75476894]	27.1386	38 	2  	3.95777
83 	60.9083	[272.82178218  93.81188119 275.18811881]	[295. 130. 290.]	[187.  79. 239.]	[19.69992513 12.38228763 12.38228763]	27.4059	36 	14 	3.49307
84 	62.9127	[273.7029703   92.91089109 276.08910891]	[295. 144. 289.]	[211.  80. 225.]	[20.73622389 12.22568228 12.22568228]	27.604 	36 	7  	3.39504
85 	63.0138	[275.30693069  92.40594059 276.59405941]	[295. 149. 289.]	[202.  80. 220.]	[23.0061303  13.07948149 13.07948149]	27.8713	37 	19 	2.74191
86 	62.1017	[270.40594059  95.7029703  273.2970297 ]	[295. 186. 290.]	[157.  79. 183.]	[27.51279746 20.10051206 20.10051206]	27.2277	35 	19 	1.93397
87 	62.1952	[269.91089109  95.54455446 273.45544554]	[295. 177. 292.]	[196.  77. 192.]	[25.23438602 16.23193573 16.23193573]	27.2079	40 	7  	3.33394
88 	63.439 	[274.5049505   93.69306931 275.30693069]	[295. 182. 294.]	[197.  75. 187.]	[22.24598029 16.41102176 16.41102176]	27.4059	36 	14 	2.93891
89 	65.3565	[272.41584158  95.54455446 273.45544554]	[295. 184. 290.]	[196.  79. 185.]	[24.23452546 17.66045241 17.66045241]	27.7129	39 	21 	2.33075
90 	64.8598	[277.06930693  93.24752475 275.75247525]	[295. 177. 290.]	[204.  79. 192.]	[19.08151219 15.77590966 15.77590966]	27.5842	38 	14 	2.94594
91 	65.1264	[272.54455446  94.96039604 274.03960396]	[295. 145. 290.]	[148.  79. 224.]	[23.43794197 15.04048714 15.04048714]	27.5149	39 	14 	3.1642 
92 	65.6366	[275.78217822  92.47524752 276.52475248]	[295. 189. 290.]	[191.  79. 180.]	[21.50183228 14.65956523 14.65956523]	27.6139	38 	8  	2.75742
93 	62.3019	[270.63366337  95.74257426 273.25742574]	[295. 159. 293.]	[144.  76. 210.]	[29.10061847 18.00255948 18.00255948]	26.8911	34 	8  	2.97482
94 	62.1517	[274.13861386  93.0990099  275.9009901 ]	[295. 150. 292.]	[159.  77. 219.]	[29.10514558 15.41858526 15.41858526]	27.2178	32 	24 	1.14843
95 	60.3223	[268.04950495  97.86138614 271.13861386]	[295. 185. 290.]	[176.  79. 184.]	[29.21188428 21.28683398 21.28683398]	27.1287	37 	8  	4.28135
96 	61.2879	[274.02970297  92.92079208 276.07920792]	[295. 159. 290.]	[154.  79. 210.]	[26.65156747 15.30979313 15.30979313]	27.4059	34 	1  	3.71824
97 	63.5869	[274.33663366  93.6039604  275.3960396 ]	[295. 175. 290.]	[207.  79. 194.]	[22.33820916 16.41906596 16.41906596]	27.5842	38 	1  	3.54397
98 	63.3582	[274.2970297   92.69306931 276.30693069]	[295. 152. 294.]	[187.  75. 217.]	[24.20520546 13.99840343 13.99840343]	27.396 	40 	8  	4.11007
99 	62.6995	[268.82178218  95.43564356 273.56435644]	[295. 147. 291.]	[162.  78. 222.]	[28.76308003 15.9612252  15.9612252 ]	27.505 	40 	12 	3.27494
100	61.8112	[269.15841584  96.72277228 272.27722772]	[295. 161. 290.]	[200.  79. 208.]	[25.97589617 17.51498301 17.51498301]	27.4257	37 	12 	2.93948
101	63.7604	[271.21782178  94.2970297  274.7029703 ]	[295. 159. 290.]	[122.  79. 210.]	[31.05970104 17.15713318 17.15713318]	27.7228	40 	12 	3.90004
102	66.406 	[272.85148515  94.94059406 274.05940594]	[295. 174. 290.]	[195.  79. 195.]	[24.67787968 17.98284209 17.98284209]	28.2673	40 	19 	3.11779
103	63.8268	[271.67326733  95.10891089 273.89108911]	[295. 182. 290.]	[196.  79. 187.]	[23.88715588 16.55707261 16.55707261]	27.495 	37 	14 	3.21082
104	61.8265	[276.40594059  92.6039604  276.3960396 ]	[295. 147. 291.]	[184.  78. 222.]	[22.46897893 15.5684876  15.5684876 ]	27.2376	37 	8  	4.08365
105	65.401 	[273.12871287  92.86138614 276.13861386]	[295. 171. 292.]	[181.  77. 198.]	[25.47243253 15.49450858 15.49450858]	27.9307	37 	24 	2.22612
106	64.9509	[269.07920792  96.75247525 272.24752475]	[295. 186. 297.]	[185.  72. 183.]	[27.92801325 20.61644347 20.61644347]	27.703 	36 	19 	2.38205
107	64.2709	[270.67326733  95.78217822 273.21782178]	[295. 153. 297.]	[162.  72. 216.]	[26.39611017 17.56098509 17.56098509]	27.2475	36 	11 	2.96316
108	64.5883	[273.44554455  95.31683168 273.68316832]	[295. 173. 292.]	[186.  77. 196.]	[24.49266419 17.34103512 17.34103512]	27.3069	39 	14 	3.09501
109	64.769 	[276.76237624  92.20792079 276.79207921]	[295. 151. 296.]	[210.  73. 218.]	[20.79991837 13.91083119 13.91083119]	27.3366	39 	2  	4.10814
110	66.3455	[269.65346535  96.23762376 272.76237624]	[295. 185. 293.]	[187.  76. 184.]	[26.32035528 18.85754229 18.85754229]	27.4554	40 	9  	3.652  
111	68.1212	[271.28712871  94.15841584 274.84158416]	[295. 160. 290.]	[199.  79. 209.]	[24.9999353  15.23137244 15.23137244]	27.7525	39 	14 	4.0867 
112	69.0946	[278.06930693  90.82178218 278.17821782]	[295. 178. 291.]	[162.  78. 191.]	[22.52139024 15.30960744 15.30960744]	28.2574	39 	14 	4.50885
113	69.7627	[274.9009901   92.04950495 276.95049505]	[295. 139. 290.]	[172.  79. 230.]	[25.02731377 13.34268535 13.34268535]	28.3564	39 	9  	4.21826
114	67.5194	[275.45544554  93.9009901  275.0990099 ]	[296. 193. 291.]	[149.  78. 176.]	[27.06044746 18.53736123 18.53736123]	28.0693	39 	8  	3.7687 
115	64.6439	[274.73267327  94.12871287 274.87128713]	[296. 164. 290.]	[181.  79. 205.]	[23.19520738 15.30978032 15.30978032]	27.495 	39 	8  	3.67659
116	65.1849	[273.57425743  94.73267327 274.26732673]	[296. 190. 290.]	[191.  79. 179.]	[25.6894425  18.93861428 18.93861428]	27.8119	36 	19 	2.44023
117	65.4306	[279.05940594  91.15841584 277.84158416]	[296. 164. 291.]	[209.  78. 205.]	[18.95686703 12.93680962 12.93680962]	27.5248	38 	1  	4.1687 
118	66.1341	[269.94059406  97.18811881 271.81188119]	[296. 183. 291.]	[195.  78. 186.]	[25.29110585 17.300325   17.300325  ]	27.8317	39 	14 	3.76558
119	67.0455	[270.0990099   95.42574257 273.57425743]	[296. 176. 290.]	[162.  79. 193.]	[28.01643964 16.73340557 16.73340557]	28.2574	40 	14 	4.0508 
120	65.1229	[270.25742574  95.33663366 273.66336634]	[296. 201. 293.]	[186.  76. 168.]	[28.17050401 19.67572623 19.67572623]	27.2178	40 	1  	5.42748
121	66.1118	[272.40594059  96.52475248 272.47524752]	[297. 154. 290.]	[202.  79. 215.]	[23.37476774 17.35739296 17.35739296]	27.4158	40 	7  	5.14977
122	66.6691	[263.75247525  97.93069307 267.41584158]	[297. 169. 290.]	[ 0. -0. -0.]   	[37.33456073 20.24662662 32.08011855]	27.8515	40 	6  	4.12523
123	66.9011	[271.03960396  96.02970297 272.97029703]	[296. 185. 293.]	[194.  76. 184.]	[22.20512865 17.7057665  17.7057665 ]	28.3762	40 	14 	3.83793
124	68.3295	[271.08910891  92.92079208 272.42574257]	[296. 127. 295.]	[ 0. -0. -0.]   	[34.29634943 15.91417773 30.15089002]	28.6337	40 	24 	3.84791
125	66.0128	[268.57425743  95.05940594 270.28712871]	[296. 171. 290.]	[ 0. -0. -0.]   	[37.74624669 20.39453517 32.49808422]	27.6931	40 	8  	4.22567
126	64.4731	[275.65346535  94.65346535 274.34653465]	[296. 188. 290.]	[206.  79. 181.]	[21.94973359 18.99579716 18.99579716]	27.0396	40 	3  	4.93306
127	64.371 	[272.94059406  94.07920792 274.92079208]	[296. 185. 290.]	[178.  79. 184.]	[26.02353154 19.10973168 19.10973168]	26.8218	40 	1  	4.87344
128	68.6601	[273.5049505   93.55445545 275.44554455]	[296. 182. 290.]	[200.  79. 187.]	[22.22950664 16.06821797 16.06821797]	27.802 	40 	14 	3.79165
129	73.2901	[270.14851485  95.46534653 273.53465347]	[296. 189. 292.]	[183.  77. 180.]	[27.80034409 20.80344809 20.80344809]	28.1386	40 	1  	5.47909
130	73.2482	[267.78217822  94.4950495  270.85148515]	[296. 180. 293.]	[ 0. -0. -0.]   	[38.8458757  20.64006666 32.71581388]	28.3168	40 	4  	5.45899
131	74.5685	[271.96039604  95.3960396  273.6039604 ]	[296. 172. 298.]	[174.  71. 197.]	[27.35462775 19.29042198 19.29042198]	28.5545	40 	14 	5.02366
132	70.3628	[270.04950495  95.77227723 273.22772277]	[296. 143. 290.]	[175.  79. 226.]	[25.51348944 16.14837219 16.14837219]	28.2871	40 	14 	4.03533
133	74.5219	[273.74257426  94.32673267 274.67326733]	[296. 184. 290.]	[175.  79. 185.]	[25.95756379 17.67983071 17.67983071]	28.6535	40 	14 	5.15394
134	77.0199	[269.31683168  96.54455446 272.45544554]	[296. 180. 294.]	[133.  75. 189.]	[30.28084082 17.94575145 17.94575145]	29.0396	40 	15 	5.15871
135	73.1403	[274.83168317  95.57425743 273.42574257]	[296. 203. 294.]	[194.  75. 166.]	[22.3079568  19.08985866 19.08985866]	28.1287	40 	3  	6.75697
136	72.7012	[269.56435644  94.41584158 270.93069307]	[296. 184. 290.]	[ 0. -0. -0.]   	[36.70768011 20.77616081 32.8106652 ]	28.0198	40 	14 	5.17033
137	72.2489	[271.61386139  92.83168317 272.51485149]	[296. 147. 291.]	[ 0. -0. -0.]   	[35.55193393 17.02361162 30.76149511]	28.7525	40 	24 	4.41287
138	67.1282	[275.11881188  92.7029703  276.2970297 ]	[296. 148. 290.]	[184.  79. 221.]	[24.68064826 14.40334433 14.40334433]	27.7822	40 	11 	4.32493
139	65.9611	[270.58415842  94.5049505  274.4950495 ]	[296. 161. 292.]	[189.  77. 208.]	[26.9191188  16.21368678 16.21368678]	27.4356	40 	8  	4.3405 
140	63.0463	[270.62376238  96.47524752 272.52475248]	[296. 196. 292.]	[180.  77. 173.]	[25.552451   17.72708062 17.72708062]	27.3267	40 	19 	2.1019 
141	62.7681	[271.99009901  94.10891089 274.89108911]	[296. 178. 291.]	[173.  78. 191.]	[27.61062181 16.61557243 16.61557243]	27.2277	40 	1  	3.83285
142	63.9577	[273.03960396  94.11881188 274.88118812]	[296. 172. 291.]	[184.  78. 197.]	[25.4775851  16.48298681 16.48298681]	27.5149	35 	24 	1.92747
143	63.8937	[274.69306931  92.9009901  276.0990099 ]	[296. 175. 291.]	[192.  78. 194.]	[25.59267476 18.52400367 18.52400367]	27.7129	39 	8  	3.13188
144	64.7254	[271.9009901   95.13861386 273.86138614]	[298. 155. 293.]	[167.  76. 214.]	[26.72837516 17.43901947 17.43901947]	28.0495	35 	15 	3.01277
145	63.6797	[268.64356436  96.41584158 272.58415842]	[296. 166. 291.]	[164.  78. 203.]	[27.48774134 17.07019133 17.07019133]	27.4752	38 	18 	2.51173
146	63.6086	[267.17821782  93.68316832 271.66336634]	[296. 163. 290.]	[ 0. -0. -0.]   	[39.15554057 18.37881405 31.43286961]	27.495 	35 	8  	3.61138
147	64.8324	[276.8019802   90.13861386 278.86138614]	[296. 165. 291.]	[194.  78. 204.]	[22.94591998 13.968869   13.968869  ]	27.9406	35 	13 	2.77122
148	64.6907	[275.33663366  92.7029703  276.2970297 ]	[296. 175. 291.]	[186.  78. 194.]	[25.98829791 18.87349472 18.87349472]	27.703 	37 	14 	3.19512
149	65.5368	[274.02970297  92.7029703  276.2970297 ]	[296. 166. 291.]	[174.  78. 203.]	[27.05676301 17.57560447 17.57560447]	28.3663	39 	14 	3.10133
150	64.5331	[271.93069307  94.8019802  274.1980198 ]	[296. 153. 292.]	[183.  77. 216.]	[27.43859298 18.04670497 18.04670497]	28.1683	40 	14 	4.12927
151	66.0719	[273.98019802  93.73267327 275.26732673]	[296. 167. 291.]	[157.  78. 202.]	[25.85870985 18.24958488 18.24958488]	28.5842	40 	3  	5.1073 
152	67.2836	[274.86138614  94.14851485 274.85148515]	[296. 190. 290.]	[188.  79. 179.]	[23.59771331 20.04074372 20.04074372]	28.9307	38 	15 	3.4791 
153	69.0254	[273.42574257  94.23762376 274.76237624]	[296. 177. 293.]	[185.  76. 192.]	[25.94523804 20.23434416 20.23434416]	29.0198	39 	2  	5.05412
154	67.9307	[275.6039604   91.95049505 277.04950495]	[296. 158. 290.]	[178.  79. 211.]	[27.13482261 16.11983357 16.11983357]	29.198 	37 	15 	3.0083 
155	68.2723	[271.21782178  89.68316832 275.66336634]	[296. 131. 293.]	[ 0. -0. -0.]   	[38.44646631 16.51997333 30.86068255]	29.4356	37 	15 	2.94308
156	68.538 	[273.10891089  93.35643564 275.64356436]	[296. 175. 293.]	[184.  76. 194.]	[26.00948075 18.10234062 18.10234062]	29.1485	36 	15 	2.92272
157	67.7932	[273.77227723  91.17821782 277.82178218]	[296. 189. 293.]	[156.  76. 180.]	[26.42826314 16.62063375 16.62063375]	29.2376	39 	8  	3.8206 
158	65.3698	[275.61386139  93.08910891 275.91089109]	[296. 177. 291.]	[199.  78. 192.]	[22.8667991  18.34223553 18.34223553]	28.9604	40 	15 	3.86894
159	67.377 	[270.75247525  93.75247525 275.24752475]	[296. 173. 291.]	[120.  78. 196.]	[29.38491764 18.30619975 18.30619975]	28.8614	39 	11 	3.33012
160	66.4396	[274.10891089  93.07920792 275.92079208]	[296. 163. 291.]	[201.  78. 206.]	[25.80310097 18.30905374 18.30905374]	29.1287	39 	15 	3.01699
161	69.1525	[274.93069307  91.93069307 277.06930693]	[296. 152. 290.]	[188.  79. 217.]	[26.75012998 16.28475411 16.28475411]	29.8515	40 	27 	2.31391
162	68.1742	[276.05940594  90.91089109 278.08910891]	[296. 140. 290.]	[200.  79. 229.]	[21.40686564 13.39801892 13.39801892]	29.1188	39 	15 	2.94937
163	68.2916	[279.98019802  89.36633663 279.63366337]	[296. 152. 290.]	[188.  79. 217.]	[19.83994381 13.1259872  13.1259872 ]	29.2475	39 	15 	2.90239
164	68.2479	[271.02970297  94.14851485 274.85148515]	[296. 204. 291.]	[151.  78. 165.]	[28.55997873 19.01765003 19.01765003]	29.1485	39 	19 	2.94634
165	68.5403	[273.6039604  93.7029703 275.2970297]   	[297. 174. 290.]	[190.  79. 195.]	[25.07220433 18.07275974 18.07275974]	29.0693	39 	8  	4.38101
166	67.7083	[273.36633663  92.43564356 276.56435644]	[297. 180. 298.]	[156.  71. 189.]	[28.53128308 17.44378004 17.44378004]	29.6733	36 	19 	2.30844
167	65.7772	[280.08910891  89.82178218 279.17821782]	[297. 151. 290.]	[213.  79. 218.]	[20.67432473 12.79417878 12.79417878]	29.6139	36 	15 	3.09253
168	64.7933	[275.16831683  95.17821782 273.82178218]	[297. 180. 290.]	[193.  79. 189.]	[25.87328961 20.68117049 20.68117049]	29.5842	40 	1  	4.84874
169	65.2451	[277.12871287  92.58415842 276.41584158]	[297. 171. 290.]	[190.  79. 198.]	[26.92992864 17.76929565 17.76929565]	29.6832	39 	8  	3.89702
170	64.5162	[275.87128713  93.8019802  275.1980198 ]	[297. 177. 299.]	[184.  70. 192.]	[24.94733596 17.924495   17.924495  ]	29.2673	36 	8  	4.30034
171	66.4313	[274.48514851  94.5049505  274.4950495 ]	[297. 178. 299.]	[167.  70. 191.]	[27.44449443 18.21957589 18.21957589]	29.7723	36 	15 	2.9006 
172	66.6376	[272.32673267  91.22772277 274.11881188]	[297. 134. 292.]	[ 0. -0. -0.]   	[37.38457057 16.84459028 30.85330578]	29.3366	35 	7  	3.73974
173	67.4804	[269.83168317  95.8019802  273.1980198 ]	[297. 166. 291.]	[195.  78. 203.]	[27.55411213 17.52792386 17.52792386]	29.604 	35 	8  	2.94194
174	68.1302	[274.08910891  93.99009901 275.00990099]	[297. 176. 291.]	[187.  78. 193.]	[27.01598317 18.46457408 18.46457408]	30.2475	40 	15 	3.20398
175	67.5686	[274.0990099   95.00990099 273.99009901]	[298. 174. 289.]	[193.  80. 195.]	[28.01891333 18.94206647 18.94206647]	29.8614	40 	15 	3.5905 
176	67.6531	[275.26732673  92.95049505 276.04950495]	[298. 144. 291.]	[166.  78. 225.]	[25.00094695 15.51516424 15.51516424]	29.6931	40 	15 	4.08751
177	67.5141	[273.37623762  94.74257426 274.25742574]	[298. 172. 291.]	[127.  78. 197.]	[26.94286271 18.07720158 18.07720158]	29.7723	39 	15 	3.18996
178	66.2609	[276.42574257  91.76237624 277.23762376]	[298. 137. 291.]	[204.  78. 232.]	[21.29953587 13.7877464  13.7877464 ]	29.4653	40 	8  	3.93654
179	66.3049	[274.5049505   92.88118812 276.11881188]	[298. 188. 291.]	[180.  78. 181.]	[25.48485233 17.08006025 17.08006025]	29.2772	39 	8  	3.86689
180	66.2578	[277.27722772  93.1980198  275.8019802 ]	[298. 154. 291.]	[190.  78. 215.]	[23.48292778 15.78821456 15.78821456]	29.2772	39 	15 	3.71808
181	64.4835	[279.51485149  90.54455446 278.45544554]	[298. 165. 292.]	[176.  77. 204.]	[24.36261292 13.92805044 13.92805044]	29.3663	38 	3  	4.1068 
182	65.3781	[280.06930693  92.07920792 276.92079208]	[298. 180. 293.]	[176.  76. 189.]	[22.387345  16.5204243 16.5204243]   	29.505 	38 	14 	3.05923
183	65.197 	[275.67326733  92.36633663 276.63366337]	[298. 159. 301.]	[118.  68. 210.]	[28.0431453  15.36791229 15.36791229]	28.8515	37 	8  	3.7108 
184	65.464 	[272.94059406  95.92079208 273.07920792]	[298. 179. 289.]	[164.  80. 190.]	[31.08462476 19.79733114 19.79733114]	28.8515	39 	5  	4.08907
185	63.9897	[277.01980198  93.05940594 275.94059406]	[298. 135. 290.]	[188.  79. 234.]	[22.63528316 12.65601394 12.65601394]	28.8119	39 	15 	3.47755
186	66.1036	[275.73267327  93.76237624 275.23762376]	[298. 189. 290.]	[180.  79. 180.]	[28.02434977 15.75565183 15.75565183]	29.0594	37 	7  	3.60918
187	66.4692	[275.84158416  93.78217822 275.21782178]	[298. 168. 293.]	[192.  76. 201.]	[26.5347643  14.88211363 14.88211363]	28.6832	40 	13 	3.90717
188	67.3864	[274.48514851  95.30693069 273.69306931]	[298. 187. 293.]	[175.  76. 182.]	[25.67682388 18.40724275 18.40724275]	28.9406	40 	9  	4.20236
189	67.5127	[277.99009901  93.36633663 275.63366337]	[298. 172. 293.]	[196.  76. 197.]	[24.08174817 17.26022313 17.26022313]	29.1782	36 	6  	3.94114
190	70.061 	[276.2970297  93.4950495 275.5049505]   	[298. 143. 293.]	[214.  76. 226.]	[23.44090719 14.74175303 14.74175303]	29.6535	35 	16 	3.19478
191	68.0734	[274.6039604   95.36633663 273.63366337]	[298. 185. 293.]	[182.  76. 184.]	[29.6951772  20.42359477 20.42359477]	29.8317	39 	22 	2.16667
192	66.5601	[277.31683168  93.         276.        ]	[298. 180. 291.]	[184.  78. 189.]	[25.94240792 15.93427093 15.93427093]	29.3861	39 	15 	2.28629
193	66.7277	[279.26732673  92.20792079 276.79207921]	[298. 186. 293.]	[175.  76. 183.]	[28.57607221 17.28406628 17.28406628]	29.5842	35 	16 	2.23946
194	66.6122	[279.07920792  91.91089109 277.08910891]	[299. 139. 291.]	[185.  78. 230.]	[24.96400703 13.66218965 13.66218965]	29.1287	37 	15 	2.91688
195	67.472 	[277.58415842  93.05940594 275.94059406]	[299. 155. 291.]	[185.  78. 214.]	[26.55137644 15.45598784 15.45598784]	29.6238	39 	19 	2.09597
196	66.3694	[274.46534653  93.84158416 275.15841584]	[299. 183. 289.]	[189.  80. 186.]	[26.92474454 17.27227084 17.27227084]	29.2673	37 	15 	2.16585
197	62.9108	[275.23762376  94.5049505  274.4950495 ]	[299. 171. 291.]	[182.  78. 198.]	[27.04383992 17.19982947 17.19982947]	28.5743	37 	1  	3.77419
198	63.7734	[277.04950495  93.76237624 275.23762376]	[299. 145. 291.]	[189.  78. 224.]	[25.04110531 14.75553161 14.75553161]	29.4158	39 	8  	3.45915
199	64.1047	[280.22772277  90.3960396  278.6039604 ]	[299. 134. 291.]	[217.  78. 235.]	[19.42993566  9.80914829  9.80914829]	29.2079	37 	15 	3.10004
200	65.6752	[274.12871287  94.34653465 274.65346535]	[299. 191. 291.]	[198.  78. 178.]	[23.12542785 15.44869224 15.44869224]	29.6634	39 	19 	2.96941
201	63.9989	[274.81188119  92.92079208 276.07920792]	[299. 137. 289.]	[189.  80. 232.]	[25.99074964 12.9084232  12.9084232 ]	29.2376	37 	16 	2.69634
202	63.7963	[272.03960396  97.21782178 271.78217822]	[299. 166. 289.]	[180.  80. 203.]	[28.29439324 18.35815515 18.35815515]	28.6931	40 	16 	2.93069
203	62.6489	[278.30693069  91.68316832 277.31683168]	[299. 128. 289.]	[209.  80. 241.]	[22.48596595 11.17540678 11.17540678]	28.5347	40 	16 	3.3198 
204	63.7146	[277.18811881  92.68316832 276.31683168]	[299. 152. 289.]	[197.  80. 217.]	[22.75165661 13.44952478 13.44952478]	28.703 	36 	16 	2.96028
205	63.6338	[271.94059406  95.28712871 273.71287129]	[299. 160. 293.]	[151.  76. 209.]	[30.30923846 17.04991892 17.04991892]	28.7921	36 	15 	2.75148
206	65.1371	[275.76237624  94.1980198  274.8019802 ]	[299. 158. 296.]	[205.  73. 211.]	[24.45004951 17.09381209 17.09381209]	28.9604	35 	16 	2.73923
207	64.8787	[280.55445545  91.14851485 277.85148515]	[299. 141. 294.]	[213.  75. 228.]	[18.95355201 13.86882403 13.86882403]	29.1584	39 	15 	3.64985
208	66.0007	[273.0990099   95.17821782 273.82178218]	[299. 175. 291.]	[189.  78. 194.]	[26.05459042 17.34929224 17.34929224]	28.9406	39 	16 	3.20835
209	63.2244	[276.97029703  93.38613861 275.61386139]	[299. 167. 291.]	[202.  78. 202.]	[23.52140607 17.35361423 17.35361423]	28.703 	37 	15 	3.34648
210	63.3182	[274.59405941  95.4950495  273.5049505 ]	[299. 165. 291.]	[189.  78. 204.]	[25.08329815 17.60829224 17.60829224]	28.2772	37 	5  	4.04949
211	62.37  	[267.68316832  98.82178218 270.17821782]	[299. 197. 291.]	[173.  78. 172.]	[30.33409045 21.49160372 21.49160372]	27.5644	36 	6  	4.78532
212	64.0528	[273.88118812  93.82178218 275.17821782]	[299. 158. 295.]	[129.  74. 211.]	[27.46168785 14.80459926 14.80459926]	28.0594	34 	8  	3.21143
213	65.4045	[270.59405941  95.04950495 273.95049505]	[299. 202. 294.]	[164.  75. 167.]	[29.76880493 19.65211108 19.65211108]	29.0495	36 	22 	2.04589
214	62.9716	[271.63366337  97.26732673 271.73267327]	[299. 185. 294.]	[190.  75. 184.]	[28.08499221 20.65937377 20.65937377]	28.4158	38 	2  	4.57775
215	63.3308	[275.15841584  92.6039604  276.3960396 ]	[299. 155. 293.]	[185.  76. 214.]	[23.39447877 14.61728206 14.61728206]	28.4455	38 	19 	2.36507
216	65.0964	[275.9009901   92.92079208 276.07920792]	[299. 150. 292.]	[194.  77. 219.]	[23.33335901 14.37385082 14.37385082]	28.3762	34 	18 	2.15191
217	64.778 	[272.3960396   92.82178218 276.17821782]	[299. 149. 296.]	[179.  73. 220.]	[27.86426762 13.53791598 13.53791598]	28.3564	38 	4  	3.41396
218	66.2204	[275.17821782  93.68316832 275.31683168]	[299. 171. 292.]	[121.  77. 198.]	[25.96280509 17.13830213 17.13830213]	29.1089	38 	16 	2.88355
219	65.2148	[280.8019802   91.41584158 277.58415842]	[299. 186. 289.]	[200.  80. 183.]	[19.4661523  14.20519172 14.20519172]	28.8119	38 	16 	2.90685
220	65.7599	[278.5049505   92.48514851 276.51485149]	[299. 160. 289.]	[174.  80. 209.]	[23.690506   14.77930977 14.77930977]	28.7228	37 	16 	2.81832
221	62.4982	[279.5049505   91.73267327 277.26732673]	[299. 148. 291.]	[183.  78. 221.]	[23.50926666 13.5324261  13.5324261 ]	28.2079	39 	4  	3.67037
222	62.1165	[275.04950495  93.65346535 275.34653465]	[299. 166. 294.]	[165.  75. 203.]	[28.63542646 17.14263728 17.14263728]	27.4653	40 	6  	4.18759
223	64.5702	[276.66336634  92.74257426 276.25742574]	[299. 168. 291.]	[187.  78. 201.]	[23.22608521 14.00611851 14.00611851]	28.5644	40 	18 	2.98649
224	63.1669	[277.47524752  93.59405941 275.40594059]	[299. 164. 292.]	[186.  77. 205.]	[24.35528855 15.84715249 15.84715249]	28.1287	38 	1  	3.51422
225	62.4124	[274.98019802  94.81188119 274.18811881]	[299. 188. 292.]	[183.  77. 181.]	[28.33951871 19.70561204 19.70561204]	27.2772	36 	2  	4.69067
226	63.5816	[267.26732673  97.33663366 271.66336634]	[299. 184. 289.]	[168.  80. 185.]	[34.26365193 19.61474351 19.61474351]	27.8416	38 	2  	4.10441
227	66.9205	[272.26732673  95.93069307 273.06930693]	[299. 178. 291.]	[167.  78. 191.]	[27.38319608 18.0879356  18.0879356 ]	28.9307	39 	21 	3.19423
228	68.5254	[270.2970297   94.97029703 270.37623762]	[299. 153. 289.]	[ 0. -0. -0.]   	[37.74393783 19.43022828 31.91196166]	29.4158	39 	17 	3.59115
229	66.5356	[272.42574257  94.01980198 274.98019802]	[299. 145. 297.]	[159.  72. 224.]	[27.7864368  14.54183463 14.54183463]	29.2772	37 	8  	3.90511
230	68.3009	[275.5049505   92.97029703 276.02970297]	[299. 153. 291.]	[171.  78. 216.]	[27.52159324 14.52308197 14.52308197]	29.9208	37 	19 	3.51991
231	67.5156	[274.82178218  93.78217822 275.21782178]	[299. 157. 294.]	[145.  75. 212.]	[28.64061923 15.47505432 15.47505432]	30.1683	38 	8  	4.30765
232	65.3494	[277.61386139  94.31683168 274.68316832]	[299. 185. 291.]	[172.  78. 184.]	[27.9971605 18.7050746 18.7050746]   	30     	36 	6  	3.79421
233	65.331 	[279.58415842  92.93069307 276.06930693]	[299. 158. 291.]	[175.  78. 211.]	[26.16144368 15.59719283 15.59719283]	30.2277	38 	5  	4.22131
234	66.2374	[276.          93.53465347 275.46534653]	[299. 144. 291.]	[136.  78. 225.]	[28.0003536 13.2190714 13.2190714]   	31.1683	38 	21 	3.22757
235	64.7124	[278.6039604   93.10891089 275.89108911]	[299. 149. 291.]	[167.  78. 220.]	[26.0734223  13.99851547 13.99851547]	30.2376	38 	4  	4.74529
236	65.5123	[279.75247525  91.97029703 277.02970297]	[299. 172. 291.]	[176.  78. 197.]	[28.16971407 14.76646954 14.76646954]	30.5248	37 	17 	3.0559 
237	65.328 	[273.76237624  95.22772277 273.77227723]	[299. 139. 293.]	[159.  76. 230.]	[29.21519627 14.89293885 14.89293885]	30.505 	39 	8  	4.54597
238	64.2193	[276.73267327  95.14851485 273.85148515]	[299. 175. 288.]	[168.  81. 194.]	[27.86775385 17.58283712 17.58283712]	30.099 	39 	7  	5.19997
239	66.4778	[270.2970297   95.23762376 273.76237624]	[299. 160. 289.]	[174.  80. 209.]	[34.54557746 15.41514526 15.41514526]	30.7327	37 	16 	2.98143
240	65.1069	[276.9009901   93.51485149 275.48514851]	[299. 146. 294.]	[170.  75. 223.]	[29.36742485 14.81410477 14.81410477]	30.495 	38 	16 	3.31998
241	66.3112	[277.56435644  92.94059406 276.05940594]	[300. 142. 293.]	[185.  76. 227.]	[24.94207779 13.27308136 13.27308136]	31.099 	39 	16 	3.4541 
242	65.4184	[275.3960396   95.69306931 273.30693069]	[300. 185. 290.]	[197.  79. 184.]	[27.28619105 18.34042366 18.34042366]	30.8812	37 	19 	3.36637
243	65.1641	[281.11881188  92.64356436 276.35643564]	[300. 132. 287.]	[222.  82. 237.]	[19.883466   11.60196651 11.60196651]	30.7129	37 	14 	3.21918
244	65.1004	[276.13861386  95.42574257 273.57425743]	[300. 170. 291.]	[160.  78. 199.]	[28.17625912 16.66343987 16.66343987]	30.3267	37 	8  	4.43905
245	65.7561	[277.08910891  93.88118812 275.11881188]	[301. 167. 291.]	[165.  78. 202.]	[30.26454286 15.16854949 15.16854949]	30.7921	36 	15 	3.26493
246	66.7021	[274.4950495   95.54455446 273.45544554]	[301. 169. 290.]	[169.  79. 200.]	[29.97247046 16.00403709 16.00403709]	30.8218	36 	6  	4.78321
247	65.6189	[274.89108911  95.9009901  273.0990099 ]	[301. 177. 288.]	[166.  81. 192.]	[29.91436656 17.26353964 17.26353964]	30.9406	38 	11 	4.33229
248	67.9931	[275.07920792  95.94059406 273.05940594]	[301. 176. 290.]	[137.  79. 193.]	[31.6088981 18.5289828 18.5289828]   	31.8713	37 	25 	2.66129
249	67.716 	[280.25742574  93.2970297  275.7029703 ]	[301. 154. 290.]	[197.  79. 215.]	[25.07874863 14.15581226 14.15581226]	32.396 	39 	19 	2.87385
250	66.8192	[275.85148515  92.62376238 272.72277228]	[301. 201. 290.]	[ 0. -0. -0.]   	[37.88162546 19.99943142 32.52633931]	31.9406	39 	1  	5.35441
251	68.823 	[275.55445545  96.24752475 272.75247525]	[301. 165. 287.]	[195.  82. 204.]	[27.9761126  16.85018785 16.85018785]	32.9604	39 	17 	3.2879 
252	68.0467	[275.06930693  96.55445545 272.44554455]	[301. 175. 288.]	[188.  81. 194.]	[25.31788294 16.83023873 16.83023873]	32.9901	36 	7  	3.76407
253	69.2851	[277.4950495   92.91089109 276.08910891]	[301. 141. 291.]	[209.  78. 228.]	[22.43213032 12.12566137 12.12566137]	33.1683	38 	16 	3.23676
254	69.6883	[274.95049505  94.14851485 274.85148515]	[300. 175. 292.]	[152.  77. 194.]	[28.03476492 15.28630147 15.28630147]	34.297 	40 	28 	1.783  
255	67.7258	[281.0990099   92.02970297 276.97029703]	[301. 143. 287.]	[189.  82. 226.]	[24.30682785 12.59141264 12.59141264]	33.8812	40 	17 	2.94937
256	67.179 	[279.2970297   91.17821782 274.16831683]	[301. 163. 286.]	[ 0. -0. -0.]   	[35.97263662 15.10123989 29.94320343]	33.9307	40 	17 	2.64484
257	67.8958	[276.21782178  94.79207921 274.20792079]	[301. 153. 293.]	[163.  76. 216.]	[28.25401188 15.57881071 15.57881071]	33.8713	40 	19 	2.76707
258	67.6805	[278.98019802  93.45544554 275.54455446]	[301. 161. 293.]	[204.  76. 208.]	[23.43052938 14.7235413  14.7235413 ]	33.7822	40 	11 	4.09444
259	68.7126	[274.41584158  94.71287129 274.28712871]	[301. 185. 293.]	[160.  76. 184.]	[32.72031716 16.92636156 16.92636156]	34.4356	40 	19 	2.32684
260	66.3283	[277.51485149  94.1980198  274.8019802 ]	[301. 156. 286.]	[147.  83. 213.]	[29.23330999 14.77757185 14.77757185]	34     	40 	17 	3.56551
261	66.2899	[277.58415842  94.04950495 274.95049505]	[301. 136. 291.]	[175.  78. 233.]	[28.64161181 13.22342374 13.22342374]	34.7525	39 	16 	3.21323
262	65.2415	[279.46534653  93.7029703  275.2970297 ]	[301. 179. 288.]	[197.  81. 190.]	[24.90240927 15.79794733 15.79794733]	34.9901	39 	8  	4.13508
263	65.8967	[278.04950495  94.22772277 274.77227723]	[301. 144. 289.]	[142.  80. 225.]	[26.26158443 15.29245021 15.29245021]	35     	39 	8  	4.03941
264	65.9566	[276.13861386  94.20792079 274.79207921]	[301. 135. 289.]	[189.  80. 234.]	[25.72321435 13.61443383 13.61443383]	34.8218	39 	17 	3.92856
265	66.6875	[278.93069307  93.0990099  275.9009901 ]	[301. 143. 292.]	[183.  77. 226.]	[25.77175422 13.03195232 13.03195232]	35.4554	39 	25 	2.79506
266	66.0862	[278.73267327  92.98019802 276.01980198]	[301. 140. 291.]	[176.  78. 229.]	[25.29817866 13.21563745 13.21563745]	34.5446	40 	8  	4.58047
267	66.4391	[279.52475248  93.00990099 275.99009901]	[301. 163. 291.]	[187.  78. 206.]	[23.55469475 14.11445088 14.11445088]	34.8614	39 	19 	3.882  
268	64.949 	[271.37623762  98.06930693 270.93069307]	[302. 188. 291.]	[150.  78. 181.]	[31.85078188 19.52619841 19.52619841]	34.2376	39 	8  	5.80397
269	65.5702	[277.08910891  95.37623762 273.62376238]	[302. 153. 289.]	[198.  80. 216.]	[24.63801257 14.94600942 14.94600942]	34.9604	40 	16 	4.64997
270	63.5395	[274.33663366  96.66336634 272.33663366]	[302. 153. 291.]	[166.  78. 216.]	[28.16263842 15.54251737 15.54251737]	34.2475	40 	16 	5.54979
271	63.1487	[278.41584158  95.37623762 273.62376238]	[302. 155. 294.]	[198.  75. 214.]	[23.68241497 15.34091242 15.34091242]	34.4554	40 	8  	5.4872 
272	65.785 	[274.56435644  96.63366337 272.36633663]	[302. 143. 288.]	[188.  81. 226.]	[28.10003905 14.65762585 14.65762585]	34.8515	40 	16 	4.17296
273	66.602 	[279.27722772  95.51485149 273.48514851]	[302. 195. 289.]	[160.  80. 174.]	[28.07349577 18.72342413 18.72342413]	35.0594	40 	1  	4.9208 
274	66.395 	[281.71287129  95.24752475 273.75247525]	[302. 187. 291.]	[199.  78. 182.]	[21.77805992 17.64636441 17.64636441]	35.4059	40 	16 	3.84651
275	67.1818	[276.41584158  96.24752475 272.75247525]	[302. 187. 290.]	[180.  79. 182.]	[28.62466821 15.99220475 15.99220475]	35.9505	40 	19 	3.17283
276	66.482 	[283.14851485  91.93069307 277.06930693]	[303. 136. 296.]	[197.  73. 233.]	[20.49408808  9.587799    9.587799  ]	36.1089	40 	16 	3.17447
277	66.8843	[275.96039604  96.97029703 272.02970297]	[303. 177. 297.]	[188.  72. 192.]	[31.00684076 18.72704163 18.72704163]	35.604 	40 	8  	4.32602
278	66.5935	[280.85148515  94.93069307 274.06930693]	[303. 182. 291.]	[192.  78. 187.]	[27.75828701 19.05243282 19.05243282]	35.9109	40 	6  	4.83408
279	68.5482	[273.28712871  98.92079208 270.07920792]	[303. 173. 285.]	[139.  84. 196.]	[30.06373976 17.21769937 17.21769937]	36.3366	40 	16 	3.83387
280	66.3121	[272.9009901   99.55445545 269.44554455]	[303. 171. 285.]	[160.  84. 198.]	[32.01562272 18.56029791 18.56029791]	35.3861	40 	8  	5.54008
281	66.7687	[273.86138614  97.82178218 271.17821782]	[303. 195. 286.]	[138.  83. 174.]	[33.65727959 16.89126322 16.89126322]	35.5941	40 	8  	5.21646
282	66.8024	[282.71287129  91.32673267 274.01980198]	[303. 134. 286.]	[ 0. -0. -0.]   	[33.81497021 12.5872078  28.73848636]	35.6535	40 	19 	4.08192
283	68.3675	[280.51485149  95.21782178 273.78217822]	[303. 173. 287.]	[191.  82. 196.]	[27.04108127 15.53954009 15.53954009]	35.6139	40 	16 	4.36451
284	67.9977	[281.77227723  94.17821782 274.82178218]	[303. 157. 287.]	[164.  82. 212.]	[24.6258663  12.53699163 12.53699163]	35.9901	40 	16 	4.69146
285	68.5906	[281.67326733  93.40594059 275.59405941]	[303. 142. 287.]	[171.  82. 227.]	[25.53510839 10.78243733 10.78243733]	36.5248	40 	16 	3.69531
286	67.0249	[278.05940594  98.1980198  270.8019802 ]	[303. 182. 286.]	[197.  83. 187.]	[26.3828709  17.71558569 17.71558569]	35.7822	40 	16 	5.13502
287	67.3585	[282.43564356  95.20792079 273.79207921]	[303. 198. 283.]	[179.  86. 171.]	[28.90216198 16.93161366 16.93161366]	35.9505	40 	1  	5.72882
288	67.635 	[281.17821782  95.43564356 273.56435644]	[303. 157. 286.]	[191.  83. 212.]	[25.4808785  14.60666865 14.60666865]	36.1881	40 	2  	4.94467
289	67.3629	[279.48514851  97.43564356 271.56435644]	[303. 183. 286.]	[191.  83. 186.]	[28.09129877 18.25583636 18.25583636]	36.2178	40 	2  	5.07489
290	65.9252	[280.91089109  95.18811881 273.81188119]	[303. 149. 288.]	[158.  81. 220.]	[27.85361274 15.05022145 15.05022145]	35.6337	40 	8  	5.54678
291	68.6112	[284.76237624  93.6039604  275.3960396 ]	[303. 173. 290.]	[190.  79. 196.]	[25.85992293 15.2660104  15.2660104 ]	36.6832	40 	19 	2.57148
292	68.2577	[281.30693069  94.55445545 274.44554455]	[303. 169. 287.]	[174.  82. 200.]	[29.15840744 16.13033257 16.13033257]	36.0297	40 	14 	3.31052
293	66.1689	[278.63366337  97.16831683 271.83168317]	[303. 168. 286.]	[158.  83. 201.]	[31.06930062 17.76305506 17.76305506]	35.0297	38 	7  	5.40893
294	66.9696	[278.03960396  97.0990099  271.9009901 ]	[303. 178. 285.]	[181.  84. 191.]	[27.1861645  17.08424377 17.08424377]	35.9406	40 	16 	4.02916
295	67.6801	[280.68316832  95.2970297  273.7029703 ]	[303. 149. 285.]	[148.  84. 220.]	[27.97839714 14.01664114 14.01664114]	36.2772	40 	9  	3.87201
296	68.0285	[275.58415842  95.05940594 270.28712871]	[303. 141. 287.]	[ 0. -0. -0.]   	[38.7214647  17.44287524 30.73178012]	36.1782	39 	17 	3.01283
297	66.5019	[281.28712871  94.54455446 274.45544554]	[303. 171. 286.]	[160.  83. 198.]	[26.51744676 13.59420723 13.59420723]	35.5941	40 	19 	4.0813 
298	67.791 	[275.64356436  97.73267327 271.26732673]	[303. 195. 286.]	[149.  83. 174.]	[30.57714935 20.16117781 20.16117781]	35.8218	40 	3  	4.89978
299	67.8157	[280.64356436  94.05940594 274.94059406]	[303. 130. 288.]	[212.  81. 239.]	[21.27266836 11.32929418 11.32929418]	35.7129	40 	19 	4.00083
300	69.0616	[278.74257426  94.76237624 274.23762376]	[303. 158. 290.]	[191.  79. 211.]	[25.49379791 13.23223525 13.23223525]	36.5446	40 	25 	2.31022
301	68.4129	[277.51485149  94.20792079 271.13861386]	[303. 184. 288.]	[ 0. -0. -0.]   	[35.84140364 17.35438246 30.7828645 ]	36.1881	40 	19 	3.52281
302	67.3589	[278.74257426  95.28712871 273.71287129]	[303. 195. 287.]	[174.  82. 174.]	[28.15573855 15.61690924 15.61690924]	35.5941	40 	1  	5.3161 
303	67.0861	[280.98019802  93.74257426 275.25742574]	[303. 147. 289.]	[192.  80. 222.]	[25.3345849  12.70818982 12.70818982]	35.396 	39 	6  	4.7929 
304	69.4172	[278.30693069  94.35643564 274.64356436]	[303. 161. 287.]	[187.  82. 208.]	[27.54968242 13.2460225  13.2460225 ]	35.901 	40 	3  	4.24382
305	67.9296	[278.71287129  97.32673267 271.67326733]	[302. 187. 286.]	[197.  83. 182.]	[24.68828906 17.66134051 17.66134051]	35.5842	39 	8  	4.38555
306	69.5792	[282.         93.5049505 275.4950495]   	[302. 159. 287.]	[183.  82. 210.]	[23.67895837 13.96929005 13.96929005]	36.3663	39 	25 	2.0524 
307	68.1944	[277.91089109  95.25742574 273.74257426]	[302. 147. 287.]	[185.  82. 222.]	[26.28823439 13.33918033 13.33918033]	35.6436	40 	16 	4.03348
308	69.6254	[281.25742574  94.41584158 274.58415842]	[302. 172. 286.]	[185.  83. 197.]	[26.15704796 15.29140529 15.29140529]	35.7327	39 	17 	3.69343
309	68.2825	[282.71287129  93.78217822 275.21782178]	[302. 180. 289.]	[169.  80. 189.]	[27.97535572 16.91188811 16.91188811]	35.4653	39 	9  	4.73781
310	68.8437	[280.38613861  94.9009901  274.0990099 ]	[302. 163. 289.]	[189.  80. 206.]	[26.97339    15.01583649 15.01583649]	35.2079	38 	8  	5.17097
311	69.5757	[280.3960396   93.75247525 275.24752475]	[302. 172. 289.]	[178.  80. 197.]	[27.24552074 15.73065742 15.73065742]	35.6832	39 	17 	3.93494
312	69.0868	[283.34653465  92.91089109 276.08910891]	[302. 187. 289.]	[188.  80. 182.]	[25.3699111  14.84514056 14.84514056]	35.6535	40 	8  	4.15167
313	70.2495	[280.26732673  93.26732673 275.73267327]	[302. 146. 289.]	[190.  80. 223.]	[25.61554722 12.22551389 12.22551389]	36.1386	39 	25 	2.65893
314	69.878 	[275.1980198   93.71287129 271.63366337]	[302. 181. 290.]	[ 0. -0. -0.]   	[38.20528702 18.75603487 31.65148168]	35.7129	40 	8  	4.46624
315	69.5117	[274.25742574  98.2970297  270.7029703 ]	[302. 194. 290.]	[185.  79. 175.]	[31.29123923 21.62348584 21.62348584]	35.9208	40 	10 	4.58081
316	70.9883	[282.38613861  92.56435644 276.43564356]	[302. 139. 291.]	[171.  78. 230.]	[26.44028216 12.02836239 12.02836239]	36.3168	40 	17 	3.4867 
317	71.4366	[277.95049505  95.5049505  273.4950495 ]	[302. 176. 288.]	[205.  81. 193.]	[27.0289087  17.86839888 17.86839888]	36.7624	39 	19 	2.51785
318	69.8689	[276.24752475  95.55445545 273.44554455]	[302. 164. 288.]	[184.  81. 205.]	[28.82806867 15.42755362 15.42755362]	36.0693	40 	1  	4.64642
319	69.7344	[277.56435644  94.82178218 274.17821782]	[302. 157. 287.]	[196.  82. 212.]	[26.43932559 14.18435621 14.18435621]	35.6238	40 	9  	5.21774
320	71.3711	[273.47524752  96.7029703  272.2970297 ]	[302. 173. 296.]	[144.  73. 196.]	[31.38032241 17.4398795  17.4398795 ]	36.0693	39 	19 	3.64042
321	68.5491	[277.47524752  91.51485149 273.83168317]	[302. 143. 290.]	[ 0. -0. -0.]   	[37.97513362 15.1308575  29.91706997]	35.1485	40 	8  	4.83671
322	68.5471	[279.34653465  92.37623762 276.62376238]	[302. 159. 291.]	[157.  78. 210.]	[29.96679206 14.16511646 14.16511646]	35.5149	40 	8  	5.64917
323	71.3639	[284.07920792  91.6039604  277.3960396 ]	[302. 149. 291.]	[194.  78. 220.]	[22.29313404 14.71786091 14.71786091]	36.3861	40 	27 	2.63627
324	70.672 	[281.1980198   91.06930693 277.93069307]	[302. 129. 289.]	[172.  80. 240.]	[28.09249919 11.54265222 11.54265222]	35.6535	40 	19 	3.32835
325	70.3243	[280.05940594  93.92079208 275.07920792]	[302. 187. 289.]	[187.  80. 182.]	[28.45139047 18.97976159 18.97976159]	35.0792	40 	21 	3.55907
326	69.5072	[275.2970297   96.38613861 272.61386139]	[302. 203. 290.]	[186.  79. 166.]	[28.41926015 21.43143352 21.43143352]	35.0297	40 	3  	4.99991
327	69.4959	[277.37623762  93.75247525 275.24752475]	[302. 172. 290.]	[180.  79. 197.]	[27.25052511 17.09693154 17.09693154]	34.604 	40 	1  	5.62188
328	71.8463	[279.91089109  91.88118812 277.11881188]	[302. 142. 290.]	[182.  79. 227.]	[25.02438376 13.7461333  13.7461333 ]	35.5842	40 	17 	3.74501
329	71.8031	[281.37623762  92.74257426 276.25742574]	[302. 164. 289.]	[145.  80. 205.]	[27.82471709 17.25616748 17.25616748]	35.5149	39 	17 	3.9442 
330	72.9599	[279.34653465  91.65346535 277.34653465]	[302. 148. 289.]	[190.  80. 221.]	[26.2958927  13.08800043 13.08800043]	35.7921	40 	21 	3.66227
331	73.7642	[281.69306931  90.8019802  278.1980198 ]	[302. 130. 289.]	[200.  80. 239.]	[22.360123   11.75915047 11.75915047]	36     	40 	21 	3.40064
332	72.3184	[277.88118812  93.03960396 275.96039604]	[302. 139. 294.]	[180.  75. 230.]	[25.70252025 14.18053386 14.18053386]	35.2574	40 	17 	4.16409
333	73.757 	[275.85148515  94.92079208 274.07920792]	[302. 174. 288.]	[169.  81. 195.]	[30.11969065 17.14278024 17.14278024]	35.6436	40 	21 	3.49139
334	71.4562	[275.14851485  94.6039604  274.3960396 ]	[302. 141. 296.]	[180.  73. 228.]	[29.30123038 14.90104602 14.90104602]	35     	40 	21 	4.46992
335	69.1897	[277.55445545  95.2970297  273.7029703 ]	[302. 191. 296.]	[187.  73. 178.]	[29.02558627 19.03282446 19.03282446]	34.3069	40 	1  	6.36473
336	73.0918	[275.79207921  94.27722772 274.72277228]	[302. 168. 291.]	[167.  78. 201.]	[31.16526272 18.38053146 18.38053146]	35     	40 	5  	5.32694
337	74.5746	[280.05940594  92.52475248 276.47524752]	[302. 168. 291.]	[186.  78. 201.]	[26.69068209 15.05343227 15.05343227]	35.3465	39 	19 	3.63546
338	72.4548	[277.88118812  93.87128713 275.12871287]	[302. 140. 289.]	[176.  80. 229.]	[29.42225437 15.78297326 15.78297326]	35.0198	40 	19 	3.78632
339	73.9826	[280.05940594  92.48514851 276.51485149]	[302. 166. 296.]	[175.  73. 203.]	[26.95460863 16.04363719 16.04363719]	35.1089	40 	2  	4.62644
340	73.5193	[277.10891089  92.95049505 276.04950495]	[302. 166. 296.]	[133.  73. 203.]	[34.62755184 18.03317967 18.03317967]	35.5941	40 	21 	3.2977 
341	74.4242	[280.62376238  90.47524752 278.52475248]	[302. 138. 296.]	[156.  73. 231.]	[27.83681282 12.80593462 12.80593462]	35.7723	40 	21 	2.92101
342	74.9373	[286.10891089  88.26732673 280.73267327]	[302. 179. 291.]	[185.  78. 190.]	[20.41155807 12.57208214 12.57208214]	35.9604	40 	27 	2.35435
343	76.133 	[281.75247525  90.         279.        ]	[302. 168. 300.]	[164.  69. 201.]	[27.29973196 15.32744901 15.32744901]	35.5248	39 	6  	3.98411
344	76.7479	[289.40594059  87.1980198  281.8019802 ]	[302. 136. 292.]	[221.  77. 233.]	[19.20044256 11.255819   11.255819  ]	35.9109	39 	27 	2.02509
345	76.7953	[281.15841584  91.12871287 277.87128713]	[302. 162. 291.]	[198.  78. 207.]	[27.35311182 16.1273787  16.1273787 ]	35.2475	38 	19 	3.28635
346	76.8991	[277.63366337  93.95049505 275.04950495]	[302. 201. 289.]	[164.  80. 168.]	[30.89193005 21.92533515 21.92533515]	35.3366	39 	1  	4.04009
347	75.0143	[281.46534653  91.86138614 277.13861386]	[302. 192. 292.]	[167.  77. 177.]	[28.65933897 19.86839358 19.86839358]	35.0297	39 	4  	5.16357
348	79.8836	[278.84158416  91.35643564 277.64356436]	[302. 143. 289.]	[184.  80. 226.]	[27.79619344 13.94301284 13.94301284]	36.1089	40 	21 	2.39596
349	78.8565	[282.37623762  90.33663366 278.66336634]	[303. 188. 291.]	[187.  78. 181.]	[22.79823316 15.18746045 15.18746045]	35.7822	40 	19 	2.73084
350	79.1934	[282.03960396  89.94059406 279.05940594]	[303. 177. 290.]	[166.  79. 192.]	[26.85528537 14.82359758 14.82359758]	35.7525	39 	21 	2.68994
351	77.3536	[282.85148515  89.23762376 279.76237624]	[303. 137. 290.]	[217.  79. 232.]	[21.7353051  11.61012576 11.61012576]	34.8911	40 	10 	4.57263
352	79.735 	[282.78217822  89.4950495  279.5049505 ]	[303. 143. 290.]	[183.  79. 226.]	[23.7651896 12.4555636 12.4555636]   	35.7327	40 	26 	2.46115
353	78.616 	[275.71287129  94.63366337 274.36633663]	[303. 176. 290.]	[153.  79. 193.]	[33.34231    19.38496037 19.38496037]	35.2574	40 	13 	3.98426
354	77.9913	[282.47524752  90.2970297  278.7029703 ]	[303. 157. 290.]	[198.  79. 212.]	[24.27751845 14.97360354 14.97360354]	35.396 	40 	1  	4.97932
355	79.7354	[277.24752475  92.17821782 276.82178218]	[303. 164. 292.]	[169.  77. 205.]	[30.36360704 16.51066025 16.51066025]	36.3168	38 	29 	1.83977
356	80.3318	[280.38613861  91.43564356 277.56435644]	[303. 154. 290.]	[189.  79. 215.]	[26.75483496 15.79786666 15.79786666]	36.3366	39 	29 	1.93599
357	77.894 	[278.15841584  93.14851485 275.85148515]	[303. 163. 295.]	[196.  74. 206.]	[25.59034962 18.15302726 18.15302726]	35.7822	39 	16 	3.56163
358	78.4398	[281.99009901  89.91089109 279.08910891]	[303. 146. 298.]	[184.  71. 223.]	[25.4377497  15.24265706 15.24265706]	35.6832	40 	16 	4.12894
359	78.9872	[283.76237624  89.20792079 279.79207921]	[303. 154. 290.]	[192.  79. 215.]	[25.32566049 14.59032423 14.59032423]	36.2871	40 	21 	2.81206
360	79.1116	[282.16831683  86.85148515 278.4950495 ]	[303. 143. 290.]	[ 0. -0. -0.]   	[35.97223057 14.43344997 30.14112804]	36.1683	39 	21 	3.03794
361	80.168 	[279.25742574  92.59405941 276.40594059]	[303. 191. 293.]	[196.  76. 178.]	[27.61032002 18.51955253 18.51955253]	35.9406	40 	3  	4.1811 
362	80.8791	[279.84158416  91.04950495 277.95049505]	[303. 168. 297.]	[188.  72. 201.]	[28.68322471 17.9627647  17.9627647 ]	35.8317	39 	21 	3.23676
363	81.9376	[282.20792079  91.16831683 277.83168317]	[303. 176. 293.]	[161.  76. 193.]	[27.79497669 18.31466939 18.31466939]	36.0198	39 	21 	2.60988
364	79.3646	[283.67326733  88.9009901  280.0990099 ]	[303. 138. 293.]	[172.  76. 231.]	[23.32385381 13.05396639 13.05396639]	35.5842	40 	21 	3.20664
365	82.8658	[277.77227723  92.9009901  276.0990099 ]	[303. 155. 293.]	[195.  76. 214.]	[28.33668901 17.98156644 17.98156644]	36.0297	40 	28 	2.2579 
366	81.9199	[275.61386139  93.96039604 275.03960396]	[303. 181. 293.]	[190.  76. 188.]	[26.10108692 19.87730722 19.87730722]	35.7228	40 	29 	2.35098
367	81.7191	[281.44554455  89.5049505  279.4950495 ]	[303. 142. 290.]	[130.  79. 227.]	[28.89361684 14.29783876 14.29783876]	35.6535	40 	28 	2.39403
368	79.4354	[280.42574257  90.3960396  278.6039604 ]	[303. 134. 292.]	[200.  77. 235.]	[23.19881635 12.22809556 12.22809556]	35.1584	38 	19 	2.98754
369	77.5273	[283.67326733  89.68316832 279.31683168]	[303. 187. 292.]	[175.  77. 182.]	[23.93725664 16.27482457 16.27482457]	34.7327	40 	21 	3.66382
370	78.1366	[280.89108911  92.         277.        ]	[303. 188. 293.]	[188.  76. 181.]	[26.04904019 19.44629568 19.44629568]	34.6139	40 	1  	4.41637
371	81.3355	[275.31683168  93.56435644 275.43564356]	[303. 170. 292.]	[176.  77. 199.]	[31.20641299 20.19872354 20.19872354]	35.3366	40 	28 	2.53012
372	80.4479	[278.06930693  92.12871287 276.87128713]	[303. 144. 295.]	[142.  74. 225.]	[27.83553446 15.87367418 15.87367418]	35.1485	40 	21 	3.27724
373	80.5305	[281.2970297   90.87128713 278.12871287]	[303. 149. 291.]	[148.  78. 220.]	[26.18348983 16.11755292 16.11755292]	35.0198	40 	19 	3.49534
374	80.7299	[286.12871287  87.77227723 281.22772277]	[303. 139. 291.]	[223.  78. 230.]	[20.73341559 12.32632311 12.32632311]	35.4257	39 	25 	2.42245
375	81.3374	[278.69306931  91.38613861 277.61386139]	[303. 185. 291.]	[180.  78. 184.]	[31.46103753 18.79855182 18.79855182]	35.3168	39 	25 	2.41255
376	82.3316	[275.08910891  92.35643564 276.64356436]	[303. 159. 297.]	[169.  72. 210.]	[32.37591667 17.62737754 17.62737754]	35.6535	40 	21 	2.32692
377	81.0664	[281.71287129  87.89108911 281.10891089]	[303. 130. 297.]	[202.  72. 239.]	[24.89595642 12.01888035 12.01888035]	35.4059	40 	21 	3.39825
378	80.7277	[281.18811881  90.91089109 278.08910891]	[303. 167. 292.]	[185.  77. 202.]	[25.91444907 16.93967106 16.93967106]	35.8317	40 	21 	2.9787 
379	78.4084	[281.43564356  90.46534653 278.53465347]	[303. 165. 292.]	[152.  77. 204.]	[30.48077331 18.25320498 18.25320498]	35.1089	40 	9  	4.33019
380	81.0509	[281.28712871  90.7029703  278.2970297 ]	[303. 186. 292.]	[192.  77. 183.]	[27.63171396 18.12145195 18.12145195]	35.5149	40 	21 	3.01026
381	79.0033	[284.11881188  87.06930693 281.93069307]	[303. 188. 301.]	[164.  68. 181.]	[29.04189092 15.69022993 15.69022993]	34.7327	39 	7  	4.01456
382	81.8791	[281.32673267  88.99009901 280.00990099]	[303. 140. 292.]	[175.  77. 229.]	[28.36924458 13.89030223 13.89030223]	35.4059	39 	21 	2.46632
383	79.1268	[280.78217822  92.42574257 276.57425743]	[303. 195. 291.]	[160.  78. 174.]	[30.53730196 21.5904024  21.5904024 ]	34.4455	40 	21 	3.56405
384	79.7832	[282.32673267  90.73267327 278.26732673]	[303. 170. 291.]	[172.  78. 199.]	[28.23455818 18.39710001 18.39710001]	34.4851	40 	21 	2.81655
385	81.1605	[281.83168317  89.59405941 279.40594059]	[303. 158. 291.]	[167.  78. 211.]	[26.11515599 14.58819421 14.58819421]	34.7921	39 	29 	1.94639
386	79.5385	[279.36633663  91.0990099  277.9009901 ]	[303. 145. 293.]	[212.  76. 224.]	[23.35169033 14.89867092 14.89867092]	34.2277	39 	21 	2.90401
387	80.1145	[281.51485149  90.26732673 278.73267327]	[303. 144. 291.]	[214.  78. 225.]	[22.52989823 13.53681529 13.53681529]	34.0198	39 	21 	3.00488
388	79.9439	[276.75247525  92.12871287 276.87128713]	[303. 143. 292.]	[167.  77. 226.]	[29.41186059 15.72641303 15.72641303]	33.9307	40 	8  	3.98079
389	79.146 	[279.74257426  91.0990099  277.9009901 ]	[303. 156. 293.]	[198.  76. 213.]	[24.81122928 15.57130195 15.57130195]	33.5743	39 	8  	4.13473
390	79.3612	[277.03960396  91.79207921 277.20792079]	[303. 195. 291.]	[181.  78. 174.]	[27.93660461 17.87875382 17.87875382]	33.8515	40 	1  	4.43297
391	79.2547	[276.05940594  92.87128713 276.12871287]	[303. 170. 291.]	[163.  78. 199.]	[32.36390294 19.21873228 19.21873228]	33.8317	40 	5  	3.88465
392	80.4172	[282.71287129  89.26732673 279.73267327]	[303. 156. 292.]	[209.  77. 213.]	[22.86522572 15.56137074 15.56137074]	34.6436	40 	28 	2.14607
393	78.9936	[277.83168317  91.3960396  277.6039604 ]	[303. 158. 295.]	[167.  74. 211.]	[28.66745811 16.19074372 16.19074372]	34.3069	40 	21 	3.55367
394	80.2961	[280.11881188  89.94059406 279.05940594]	[303. 172. 302.]	[187.  67. 197.]	[28.3333366  17.67350861 17.67350861]	34.2772	40 	21 	2.72545
395	80.224 	[276.26732673  92.18811881 276.81188119]	[303. 169. 300.]	[144.  69. 200.]	[30.3092611  19.04695234 19.04695234]	34.495 	38 	21 	2.85152
396	82.1324	[277.52475248  91.64356436 277.35643564]	[303. 189. 293.]	[190.  76. 180.]	[28.26171677 18.34573582 18.34573582]	34.4059	39 	21 	2.85344
397	81.3224	[278.66336634  90.78217822 278.21782178]	[303. 172. 291.]	[187.  78. 197.]	[25.39247461 15.80237102 15.80237102]	34.2673	39 	1  	3.85862
398	81.5449	[277.66336634  92.         277.        ]	[303. 193. 292.]	[181.  77. 176.]	[27.82913824 19.05125967 19.05125967]	34.3168	38 	21 	2.81766
399	79.7683	[278.24752475  90.94059406 278.05940594]	[303. 195. 293.]	[188.  76. 174.]	[26.26197264 16.6310111  16.6310111 ]	33.5545	37 	1  	4.20861
400	81.6748	[283.14851485  89.31683168 279.68316832]	[303. 189. 292.]	[181.  77. 180.]	[26.08948278 17.02992747 17.02992747]	34.2277	37 	5  	3.20544
401	80.0046	[281.94059406  88.48514851 280.51485149]	[303. 127. 293.]	[202.  76. 242.]	[22.32426278 11.83601975 11.83601975]	33.604 	39 	16 	3.3064 
402	80.169 	[278.61386139  90.87128713 278.12871287]	[303. 157. 295.]	[167.  74. 212.]	[28.46431509 16.53359219 16.53359219]	33.3168	39 	5  	3.95502
403	78.5651	[277.14851485  91.93069307 277.06930693]	[303. 191. 292.]	[173.  77. 178.]	[29.45995306 18.65542547 18.65542547]	33.099 	39 	1  	5.05123
404	81.0676	[279.9009901   89.36633663 279.63366337]	[303. 174. 292.]	[148.  77. 195.]	[29.09714183 15.50070121 15.50070121]	34.1881	39 	29 	1.68695
405	81.212 	[274.13861386  93.36633663 275.63366337]	[303. 165. 293.]	[147.  76. 204.]	[33.70108254 19.50867934 19.50867934]	33.9703	38 	17 	2.56965
406	81.4329	[278.44554455  90.91089109 278.08910891]	[304. 167. 293.]	[193.  76. 202.]	[25.42723076 17.21851353 17.21851353]	33.4554	39 	2  	4.28334
407	80.5054	[276.63366337  92.44554455 276.55445545]	[304. 194. 292.]	[132.  77. 175.]	[32.09846323 19.34546548 19.34546548]	33.4653	39 	10 	4.04079
408	80.8359	[276.13861386  92.37623762 276.62376238]	[305. 191. 291.]	[165.  78. 178.]	[36.08379404 21.04255541 21.04255541]	33.1089	39 	4  	4.68176
409	79.7204	[281.94059406  90.0990099  278.9009901 ]	[305. 157. 291.]	[173.  78. 212.]	[26.78732587 16.1027056  16.1027056 ]	33.0198	39 	5  	4.53366
410	77.1278	[275.71287129  93.76237624 275.23762376]	[305. 197. 294.]	[169.  75. 172.]	[32.01309653 21.99331515 21.99331515]	31.9901	36 	1  	6.25766
411	78.204 	[278.51485149  90.48514851 278.51485149]	[305. 165. 292.]	[146.  77. 204.]	[30.56549982 17.86562265 17.86562265]	32.901 	40 	16 	3.873  
412	81.0363	[275.67326733  92.87128713 276.12871287]	[305. 192. 292.]	[149.  77. 177.]	[34.356059   21.36095418 21.36095418]	33.2871	38 	16 	3.10967
413	81.1419	[278.55445545  89.91089109 279.08910891]	[305. 174. 294.]	[165.  75. 195.]	[26.32488385 16.08399919 16.08399919]	33.3762	37 	16 	2.81035
414	82.8798	[276.37623762  90.         279.        ]	[305. 166. 294.]	[195.  75. 203.]	[26.75220042 14.54184811 14.54184811]	33.6535	39 	8  	3.00967
415	83.0214	[280.68316832  90.17821782 278.82178218]	[305. 136. 295.]	[217.  74. 233.]	[21.20943686 13.63556506 13.63556506]	34.0396	39 	19 	2.46127
416	82.0058	[278.87128713  92.7029703  276.2970297 ]	[305. 180. 295.]	[177.  74. 189.]	[27.32918629 21.53815153 21.53815153]	33.5941	37 	4  	3.61838
417	78.3729	[282.88118812  90.15841584 278.84158416]	[305. 176. 292.]	[176.  77. 193.]	[25.65277941 16.96457151 16.96457151]	33.1287	39 	19 	2.82725
418	77.026 	[274.45544554  95.34653465 273.65346535]	[305. 182. 292.]	[175.  77. 187.]	[32.28325279 21.4390389  21.4390389 ]	32.4257	38 	6  	4.84686
419	79.666 	[274.85148515  94.48514851 274.51485149]	[305. 180. 293.]	[177.  76. 189.]	[30.30778946 20.90459889 20.90459889]	33.2376	40 	19 	2.68899
420	80.4639	[282.63366337  89.61386139 279.38613861]	[305. 169. 294.]	[186.  75. 200.]	[24.66517277 15.95039979 15.95039979]	33.6139	39 	19 	2.27762
421	79.7104	[284.15841584  88.62376238 280.37623762]	[305. 182. 293.]	[186.  76. 187.]	[24.30732794 16.13179106 16.13179106]	33.4059	39 	6  	3.44742
422	79.285 	[282.23762376  90.15841584 278.84158416]	[305. 146. 291.]	[179.  78. 223.]	[25.56883488 14.85623027 14.85623027]	33.3168	37 	16 	3.00472
423	77.9647	[280.78217822  91.45544554 277.54455446]	[305. 175. 294.]	[185.  75. 194.]	[26.95893612 18.54431393 18.54431393]	33.0297	38 	4  	4.42418
424	77.5803	[275.89108911  94.11881188 274.88118812]	[305. 176. 294.]	[189.  75. 193.]	[29.35137118 18.60069579 18.60069579]	32.9505	38 	5  	4.63174
425	80.1379	[279.86138614  90.76237624 278.23762376]	[305. 144. 290.]	[175.  79. 225.]	[29.75478319 16.26826377 16.26826377]	33.5446	38 	5  	3.38174
426	79.4267	[285.20792079  87.59405941 281.40594059]	[305. 167. 293.]	[192.  76. 202.]	[22.21243824 13.99800426 13.99800426]	33.3564	37 	16 	2.83047
427	77.5463	[288.56435644  85.99009901 283.00990099]	[305. 137. 296.]	[207.  73. 232.]	[20.21293373 11.9450019  11.9450019 ]	33.0396	38 	16 	4.16235
428	77.9588	[279.02970297  91.3960396  277.6039604 ]	[305. 165. 291.]	[164.  78. 204.]	[31.19610773 17.90186627 17.90186627]	33.703 	40 	16 	3.22903
429	75.915 	[277.54455446  92.8019802  276.1980198 ]	[305. 156. 293.]	[174.  76. 213.]	[28.55133461 17.19890614 17.19890614]	33.3861	39 	6  	3.80456
430	76.7001	[281.08910891  92.11881188 276.88118812]	[305. 184. 296.]	[189.  73. 185.]	[27.78848647 19.46933976 19.46933976]	33.2376	38 	2  	4.33304
431	78.5216	[280.72277228  91.         278.        ]	[305. 130. 292.]	[185.  77. 239.]	[24.6633246  12.95001816 12.95001816]	33.4455	39 	19 	2.63816
432	78.1786	[282.7029703   90.84158416 278.15841584]	[305. 187. 291.]	[177.  78. 182.]	[25.16186985 17.33692487 17.33692487]	33.1485	39 	6  	3.91591
433	81.2829	[281.34653465  93.28712871 275.71287129]	[305. 170. 291.]	[196.  78. 199.]	[28.35085542 20.35736986 20.35736986]	33.3663	39 	16 	3.56752
434	80.6293	[287.93069307  87.59405941 281.40594059]	[305. 156. 290.]	[230.  79. 213.]	[20.01942494 13.93846321 13.93846321]	33.3168	40 	11 	3.81225
435	78.9696	[286.42574257  88.15841584 280.84158416]	[305. 155. 291.]	[195.  78. 214.]	[24.87765968 14.44671512 14.44671512]	32.9703	37 	6  	4.37693
436	80.1791	[284.36633663  88.04950495 280.95049505]	[305. 145. 293.]	[179.  76. 224.]	[24.44906719 12.00361021 12.00361021]	33.6535	40 	16 	3.46535
437	78.6382	[279.22772277  91.45544554 277.54455446]	[305. 155. 294.]	[174.  75. 214.]	[29.56110677 17.42623762 17.42623762]	33.1188	40 	7  	4.00813
438	78.1201	[282.22772277  90.24752475 278.75247525]	[305. 154. 295.]	[205.  74. 215.]	[23.81275188 14.4759315  14.4759315 ]	33.5644	38 	19 	2.43902
439	77.5715	[280.21782178  90.37623762 278.62376238]	[305. 144. 295.]	[160.  74. 225.]	[26.88943403 13.0458836  13.0458836 ]	33.3267	38 	16 	3.49571
440	78.1272	[277.99009901  93.59405941 275.40594059]	[305. 191. 296.]	[169.  73. 178.]	[29.28605759 19.05083258 19.05083258]	32.9604	40 	8  	4.77601
441	79.1988	[279.00990099  93.14851485 275.85148515]	[305. 160. 295.]	[202.  74. 209.]	[27.63248735 17.2560141  17.2560141 ]	32.8911	38 	16 	3.90709
442	79.8166	[278.9009901   92.59405941 276.40594059]	[305. 135. 293.]	[171.  76. 234.]	[26.57830015 15.47286236 15.47286236]	32.9109	40 	8  	4.49224
443	79.1398	[284.53465347  86.8019802  278.54455446]	[305. 132. 297.]	[ 0. -0. -0.]   	[34.11731779 13.50175625 29.71232526]	33.2574	40 	16 	3.69279
444	77.2151	[279.59405941  92.98019802 276.01980198]	[305. 177. 293.]	[193.  76. 192.]	[28.6453833  19.50576467 19.50576467]	32.8614	40 	16 	4.30296
445	80.3695	[281.97029703  89.64356436 279.35643564]	[305. 174. 294.]	[188.  75. 195.]	[27.60164131 16.64990956 16.64990956]	33.4851	39 	18 	2.75614
446	77.0408	[284.46534653  88.96039604 280.03960396]	[305. 167. 294.]	[183.  75. 202.]	[24.39751828 15.7743499  15.7743499 ]	32.7822	40 	19 	3.73001
447	77.6074	[282.16831683  90.52475248 278.47524752]	[305. 153. 297.]	[188.  72. 216.]	[25.70628821 15.06658098 15.06658098]	33.198 	40 	16 	3.09589
448	77.1577	[281.40594059  91.44554455 277.55445545]	[305. 190. 292.]	[176.  77. 179.]	[26.47815398 17.96281927 17.96281927]	32.7525	40 	16 	3.1698 
449	76.2086	[276.95049505  93.06930693 275.93069307]	[306. 162. 292.]	[190.  77. 207.]	[29.11920745 17.24733151 17.24733151]	32.4653	39 	14 	3.92394
450	76.1823	[280.93069307  89.66336634 279.33663366]	[306. 163. 299.]	[166.  70. 206.]	[29.52805594 16.63723441 16.63723441]	32.3465	39 	19 	3.44241
451	78.0023	[279.35643564  92.1980198  276.8019802 ]	[306. 194. 292.]	[181.  77. 175.]	[30.45255494 21.45315865 21.45315865]	32.4455	39 	5  	3.79023
452	76.345 	[274.62376238  94.43564356 274.56435644]	[306. 184. 292.]	[179.  77. 185.]	[34.09824231 22.27524304 22.27524304]	32.0495	39 	6  	4.93598
453	73.7714	[279.92079208  89.3960396  279.6039604 ]	[306. 132. 293.]	[176.  76. 237.]	[26.45776877 14.26071194 14.26071194]	31.9604	40 	8  	5.03438
454	77.2184	[281.37623762  89.44554455 279.55445545]	[306. 156. 293.]	[199.  76. 213.]	[25.14545861 15.84358898 15.84358898]	33.1881	39 	19 	3.01387
455	76.3272	[273.46534653  94.17821782 274.82178218]	[306. 169. 293.]	[170.  76. 200.]	[34.7085644  20.82192106 20.82192106]	32.0594	39 	1  	4.09013
456	74.2551	[279.0990099   92.23762376 276.76237624]	[306. 186. 294.]	[186.  75. 183.]	[28.64826121 20.21231294 20.21231294]	31.0792	39 	4  	5.33378
457	74.2496	[284.20792079  90.2970297  278.7029703 ]	[306. 192. 297.]	[196.  72. 177.]	[26.88932831 20.68219905 20.68219905]	31.4554	35 	6  	4.34303
458	76.211 	[275.36633663  94.71287129 274.28712871]	[306. 184. 294.]	[184.  75. 185.]	[32.11604046 22.21556703 22.21556703]	31.604 	39 	8  	3.75244
459	75.3575	[279.21782178  90.83168317 278.16831683]	[306. 183. 296.]	[179.  73. 186.]	[30.52076195 18.38696768 18.38696768]	31.7822	39 	3  	3.9114 
460	76.6184	[280.89108911  91.84158416 277.15841584]	[306. 176. 296.]	[156.  73. 193.]	[27.52025392 19.23215782 19.23215782]	32.099 	39 	17 	2.69398
461	75.0389	[273.2970297   92.71287129 272.63366337]	[306. 154. 293.]	[ 0. -0. -0.]   	[40.16982379 19.53840424 32.23481998]	31.7723	40 	3  	3.99475
462	76.0441	[279.72277228  90.97029703 278.02970297]	[306. 176. 297.]	[205.  72. 193.]	[25.1443826  16.23189346 16.23189346]	32.0693	39 	16 	2.33042
463	76.7295	[281.33663366  91.47524752 277.52475248]	[306. 166. 297.]	[210.  72. 203.]	[25.55261597 17.20153922 17.20153922]	32.0693	39 	19 	2.30048
464	75.958 	[281.57425743  89.15841584 279.84158416]	[306. 193. 297.]	[186.  72. 176.]	[24.87845564 16.32512046 16.32512046]	31.8713	39 	11 	2.46425
465	75.3146	[280.99009901  91.35643564 277.64356436]	[306. 185. 297.]	[183.  72. 184.]	[25.85584372 20.14481441 20.14481441]	31.5248	36 	11 	2.86181
466	75.7376	[277.4950495   91.98019802 277.01980198]	[306. 205. 297.]	[189.  72. 164.]	[28.1451766  20.20194099 20.20194099]	31.6535	40 	16 	3.41933
467	75.7365	[276.94059406  93.04950495 275.95049505]	[307. 198. 297.]	[168.  72. 171.]	[32.00149185 24.15477168 24.15477168]	32     	38 	20 	1.94987
468	75.6698	[278.38613861  90.26732673 278.73267327]	[307. 182. 297.]	[176.  72. 187.]	[32.44918962 20.51075115 20.51075115]	31.4851	40 	7  	4.15686
469	75.274 	[284.2970297   86.27722772 282.72277228]	[307. 131. 297.]	[164.  72. 238.]	[28.01397973 14.60239965 14.60239965]	31.9307	38 	19 	2.31336
470	74.9157	[278.44554455  90.20792079 278.79207921]	[307. 188. 297.]	[186.  72. 181.]	[29.86553205 21.63574089 21.63574089]	31.6535	38 	1  	3.93118
471	73.7291	[280.62376238  87.07920792 281.92079208]	[307. 156. 297.]	[178.  72. 213.]	[28.43852201 15.07518003 15.07518003]	31.8515	39 	19 	2.83328
472	74.4297	[278.96039604  89.42574257 279.57425743]	[307. 176. 297.]	[189.  72. 193.]	[28.51850912 18.37095563 18.37095563]	32.1188	39 	14 	3.26787
473	74.2505	[278.84158416  88.69306931 280.30693069]	[307. 141. 297.]	[171.  72. 228.]	[29.27159698 17.06466593 17.06466593]	31.8911	40 	16 	2.72103
474	75.122 	[276.56435644  90.63366337 278.36633663]	[307. 149. 297.]	[190.  72. 220.]	[28.15248994 18.89403634 18.89403634]	32.0693	38 	19 	2.07416
475	74.1956	[275.86138614  87.58415842 277.76237624]	[307. 178. 299.]	[ 0. -0. -0.]   	[42.82500188 21.12024383 33.77682975]	31.8416	38 	16 	3.04986
476	72.8585	[282.46534653  88.57425743 280.42574257]	[307. 166. 299.]	[179.  70. 203.]	[29.05970786 20.10238473 20.10238473]	31.703 	38 	8  	4.09188
477	73.931 	[274.95049505  92.03960396 276.96039604]	[307. 167. 297.]	[176.  72. 202.]	[32.67765647 20.07112146 20.07112146]	31.7822	38 	19 	3.02663
478	72.6935	[285.13861386  86.26732673 282.73267327]	[307. 167. 297.]	[188.  72. 202.]	[26.88075233 17.83138355 17.83138355]	31.7129	37 	16 	2.67862
479	71.2898	[285.51485149  86.77227723 282.22772277]	[307. 144. 297.]	[160.  72. 225.]	[26.371532   16.83047753 16.83047753]	31.3861	40 	6  	4.21917
480	72.3989	[283.96039604  88.35643564 280.64356436]	[307. 170. 300.]	[187.  69. 199.]	[26.56504097 19.24340399 19.24340399]	31.8218	37 	10 	2.88525
481	72.3244	[277.01980198  93.06930693 275.93069307]	[307. 180. 296.]	[192.  73. 189.]	[29.45679172 21.98796134 21.98796134]	31.6733	39 	5  	4.0568 
482	71.6423	[270.74257426  90.48514851 271.20792079]	[307. 179. 299.]	[ 0. -0. -0.]   	[48.72425006 25.58604735 44.44293634]	31.9406	39 	8  	3.48922
483	71.4172	[280.24752475  90.35643564 278.64356436]	[307. 173. 299.]	[182.  70. 196.]	[29.18578453 19.97899102 19.97899102]	31.7228	39 	16 	2.71453
484	71.0985	[276.35643564  89.51485149 275.83168317]	[307. 176. 296.]	[ 0. -0. -0.]   	[40.8669864  21.41555549 33.75393466]	31.6832	36 	16 	2.77518
485	69.3601	[278.06930693  89.79207921 279.20792079]	[307. 137. 296.]	[162.  73. 232.]	[30.68080879 17.1246547  17.1246547 ]	31.297 	39 	8  	4.22989
486	70.2351	[278.1980198   90.45544554 278.54455446]	[307. 134. 296.]	[193.  73. 235.]	[27.0361034  15.88044738 15.88044738]	31.3267	36 	17 	3.30349
487	71.7274	[278.53465347  90.99009901 278.00990099]	[307. 195. 296.]	[188.  73. 174.]	[29.99589555 20.2442976  20.2442976 ]	31.604 	39 	1  	3.92524
488	73.5786	[281.57425743  89.82178218 279.17821782]	[307. 190. 301.]	[195.  68. 179.]	[25.78446325 20.67781901 20.67781901]	32.1188	37 	18 	2.21287
489	70.7001	[283.15841584  87.27722772 281.72277228]	[307. 163. 297.]	[175.  72. 206.]	[27.68018653 18.31956094 18.31956094]	32.0495	36 	19 	2.28372
490	72.2704	[288.25742574  84.16831683 284.83168317]	[307. 187. 298.]	[184.  71. 182.]	[22.28601367 15.34234373 15.34234373]	32.3762	37 	16 	2.36246
491	72.2842	[275.9009901   91.40594059 277.59405941]	[307. 172. 296.]	[175.  73. 197.]	[31.75790381 19.68422911 19.68422911]	32.3564	40 	16 	3.47718
492	71.6657	[277.97029703  88.93069307 280.06930693]	[307. 137. 296.]	[170.  73. 232.]	[29.92183065 15.31727649 15.31727649]	32.2178	37 	1  	4.08476
493	73.039 	[279.77227723  89.46534653 279.53465347]	[307. 171. 296.]	[197.  73. 198.]	[27.75882027 17.51636539 17.51636539]	32.4752	39 	16 	3.41109
494	73.298 	[285.0990099   85.26732673 283.73267327]	[307. 149. 296.]	[173.  73. 220.]	[23.0124826  12.99725111 12.99725111]	32.5248	38 	19 	1.96803
495	72.0558	[278.6039604   90.40594059 278.59405941]	[307. 185. 306.]	[192.  63. 184.]	[30.06069082 20.78421822 20.78421822]	32.0396	39 	8  	3.54301
496	71.8701	[282.13861386  88.63366337 280.36633663]	[307. 180. 297.]	[205.  72. 189.]	[26.10148879 19.14236542 19.14236542]	32.0297	38 	16 	2.69012
497	68.679 	[282.17821782  87.57425743 281.42574257]	[307. 178. 298.]	[200.  71. 191.]	[26.05492904 16.91642036 16.91642036]	30.9802	37 	1  	4.92715
498	70.0332	[279.36633663  91.37623762 277.62376238]	[307. 170. 297.]	[185.  72. 199.]	[28.79965717 21.99858298 21.99858298]	31.6634	39 	16 	3.19119
499	69.0112	[277.12871287  92.55445545 276.44554455]	[307. 199. 297.]	[198.  72. 170.]	[28.73389807 20.05807175 20.05807175]	31.1683	40 	5  	4.66092