   	       	                           fitness                           	              size              
   	       	-------------------------------------------------------------	--------------------------------
gen	time   	avg          	max          	min          	std          	avg    	max	min	std     
0  	24.6242	[ 0.51229926]	[ 0.72630084]	[ 0.39503589]	[ 0.04426729]	2.9703 	10 	1  	2.28839 
1  	30.3983	[ 0.51716241]	[ 0.72630084]	[ 0.42879037]	[ 0.04760234]	3.91089	10 	1  	2.59512 
2  	35.1507	[ 0.52911266]	[ 0.7362814] 	[ 0.39869916]	[ 0.06136912]	4.82178	10 	1  	2.79815 
3  	39.903 	[ 0.53564867]	[ 0.7362814] 	[ 0.41409988]	[ 0.06043631]	5.79208	10 	1  	2.89183 
4  	41.5047	[ 0.54372543]	[ 0.7362814] 	[ 0.39854964]	[ 0.06468859]	6.47525	10 	1  	2.92681 
5  	48.3521	[ 0.5615381] 	[ 0.73747757]	[ 0.39200807]	[ 0.06490394]	6.90099	10 	1  	3.04912 
6  	48.9576	[ 0.55410829]	[ 0.73747757]	[ 0.40400718]	[ 0.05868089]	7.28713	10 	1  	2.88161 
7  	54.4248	[ 0.57010746]	[ 0.73934659]	[ 0.40041866]	[ 0.06576639]	7.74257	10 	1  	2.70553 
8  	58.4735	[ 0.57675488]	[ 0.74110347]	[ 0.40785736]	[ 0.06635087]	8.0198 	10 	1  	2.47354 
9  	58.3444	[ 0.579041]  	[ 0.74110347]	[ 0.37948565]	[ 0.06469498]	7.73267	10 	1  	2.64721 
10 	62.399 	[ 0.59089392]	[ 0.74110347]	[ 0.45719946]	[ 0.07097376]	7.76238	10 	1  	2.68899 
11 	74.0515	[ 0.59980525]	[ 0.74110347]	[ 0.41353917]	[ 0.07833355]	8.60396	10 	1  	1.78042 
12 	70.9226	[ 0.61223775]	[ 0.74110347]	[ 0.42404306]	[ 0.08027473]	8.05941	10 	1  	2.47691 
13 	71.8331	[ 0.62040665]	[ 0.74110347]	[ 0.42161334]	[ 0.08743007]	8.41584	10 	1  	2.06943 
14 	72.5529	[ 0.62696266]	[ 0.74476675]	[ 0.32348983]	[ 0.0965398] 	8.23762	10 	1  	2.15787 
15 	74.4483	[ 0.64145921]	[ 0.75545754]	[ 0.40658642]	[ 0.0884031] 	8.47525	10 	1  	1.8647  
16 	80.7138	[ 0.65144792]	[ 0.76685855]	[ 0.44142494]	[ 0.08253483]	8.46535	10 	1  	1.79418 
17 	69.8846	[ 0.63666786]	[ 0.76685855]	[ 0.3361244] 	[ 0.09872635]	8.82178	10 	3  	1.59452 
18 	76.3008	[ 0.64111206]	[ 0.77459629]	[ 0.4468451] 	[ 0.08668065]	8.66337	10 	1  	1.98648 
19 	80.8048	[ 0.65163852]	[ 0.77459629]	[ 0.45196621]	[ 0.08689594]	8.9802 	10 	1  	1.5857  
20 	72.3139	[ 0.63966458]	[ 0.77459629]	[ 0.30879934]	[ 0.09853888]	8.64356	10 	1  	1.78877 
21 	86.9807	[ 0.66583788]	[ 0.77459629]	[ 0.44564892]	[ 0.07663569]	9.07921	10 	3  	1.14911 
22 	79.5685	[ 0.65398756]	[ 0.78203499]	[ 0.44404157]	[ 0.09331881]	8.9802 	10 	5  	1.16023 
23 	79.9999	[ 0.67348569]	[ 0.77549342]	[ 0.48273026]	[ 0.07835985]	8.69307	10 	1  	1.67535 
24 	79.11  	[ 0.65218849]	[ 0.77549342]	[ 0.33989982]	[ 0.10391374]	8.55446	10 	3  	1.55095 
25 	78.0543	[ 0.65353419]	[ 0.77549342]	[ 0.46295604]	[ 0.08781938]	8.50495	10 	2  	1.53264 
26 	85.0395	[ 0.67272439]	[ 0.77549342]	[ 0.31511663]	[ 0.09085199]	8.63366	10 	2  	1.46729 
27 	83.3846	[ 0.67796467]	[ 0.77549342]	[ 0.47652512]	[ 0.07472173]	8.65347	10 	4  	1.27765 
28 	78.1651	[ 0.65604163]	[ 0.77549342]	[ 0.38998953]	[ 0.09876154]	8.64356	10 	1  	1.45958 
29 	85.3028	[ 0.66897561]	[ 0.77549342]	[ 0.34950658]	[ 0.09631973]	8.80198	10 	4  	1.04379 
30 	89.9868	[ 0.68841008]	[ 0.7808762] 	[ 0.46291866]	[ 0.07715599]	8.77228	10 	1  	1.19306 
31 	85.1038	[ 0.67027875]	[ 0.7808762] 	[ 0.32909689]	[ 0.0973436] 	8.52475	10 	1  	1.60811 
32 	84.7524	[ 0.65840474]	[ 0.7808762] 	[ 0.2987814] 	[ 0.10226592]	8.85149	10 	5  	1.00874 
33 	76.9877	[ 0.65209227]	[ 0.7808762] 	[ 0.3942509] 	[ 0.10032346]	8.78218	10 	2  	1.30955 
34 	81.5865	[ 0.66598222]	[ 0.7808762] 	[ 0.42774372]	[ 0.0890419] 	8.90099	10 	2  	1.33872 
35 	86.8099	[ 0.67520407]	[ 0.7808762] 	[ 0.4514055] 	[ 0.08704544]	8.77228	10 	1  	1.66431 
36 	92.3574	[ 0.68209058]	[ 0.7808762] 	[ 0.41271681]	[ 0.08550509]	9.20792	10 	1  	1.15456 
37 	84.3004	[ 0.67070733]	[ 0.7808762] 	[ 0.37948565]	[ 0.0924935] 	9.16832	10 	1  	1.22732 
38 	90.0897	[ 0.67270403]	[ 0.7808762] 	[ 0.40658642]	[ 0.08437709]	9.33663	10 	2  	1.29948 
39 	89.5318	[ 0.67529068]	[ 0.7808762] 	[ 0.37511214]	[ 0.0997383] 	9.34653	10 	1  	1.38189 
40 	93.1878	[ 0.6857694] 	[ 0.7808762] 	[ 0.48273026]	[ 0.08032419]	9.16832	10 	1  	1.53552 
41 	88.0271	[ 0.67512746]	[ 0.7808762] 	[ 0.43050987]	[ 0.10021822]	9.19802	10 	2  	1.39319 
42 	91.9697	[ 0.68594113]	[ 0.7808762] 	[ 0.40808164]	[ 0.08452891]	9.29703	10 	2  	1.19855 
43 	92.7923	[ 0.69438909]	[ 0.7808762] 	[ 0.32704097]	[ 0.07930706]	9.15842	10 	3  	1.13218 
44 	85.2871	[ 0.67688323]	[ 0.7808762] 	[ 0.48045006]	[ 0.08812759]	9.0297 	10 	1  	1.37485 
45 	81.6217	[ 0.67286391]	[ 0.7808762] 	[ 0.4533119] 	[ 0.08888808]	9      	10 	3  	1.22676 
46 	75.2071	[ 0.65960313]	[ 0.7808762] 	[ 0.3338442] 	[ 0.1042511] 	8.77228	10 	1  	1.57883 
47 	85.3348	[ 0.67023618]	[ 0.7808762] 	[ 0.36969199]	[ 0.09700724]	8.86139	10 	1  	1.83492 
48 	84.7176	[ 0.68505991]	[ 0.7808762] 	[ 0.36987889]	[ 0.09120946]	8.9505 	10 	2  	1.48508 
49 	83.454 	[ 0.66495963]	[ 0.77784839]	[ 0.4121561] 	[ 0.09754107]	9.0495 	10 	1  	1.44453 
50 	81.2889	[ 0.66510545]	[ 0.77784839]	[ 0.41167016]	[ 0.09767683]	8.92079	10 	1  	1.46702 
51 	81.4904	[ 0.66893009]	[ 0.77784839]	[ 0.42609898]	[ 0.09872711]	8.90099	10 	3  	1.23083 
52 	83.4724	[ 0.66598666]	[ 0.77784839]	[ 0.38352273]	[ 0.0937233] 	8.91089	10 	3  	1.25153 
53 	83.061 	[ 0.67506788]	[ 0.77788577]	[ 0.41211872]	[ 0.0895844] 	8.84158	10 	1  	1.5462  
54 	87.1966	[ 0.69371366]	[ 0.77788577]	[ 0.40707237]	[ 0.08526735]	8.87129	10 	3  	1.36913 
55 	82.9151	[ 0.67872338]	[ 0.77788577]	[ 0.34427333]	[ 0.09420241]	8.9604 	10 	2  	1.31195 
56 	79.5479	[ 0.6607449] 	[ 0.77788577]	[ 0.39294258]	[ 0.10119548]	8.77228	10 	3  	1.41338 
57 	78.9787	[ 0.66863771]	[ 0.77605413]	[ 0.32550837]	[ 0.09621377]	8.79208	10 	3  	1.44412 
58 	77.906 	[ 0.66418685]	[ 0.77661483]	[ 0.43327602]	[ 0.0963718] 	8.88119	10 	1  	1.51747 
59 	78.1686	[ 0.66831942]	[ 0.77904456]	[ 0.47488038]	[ 0.0897777] 	8.77228	10 	2  	1.5599  
60 	77.7728	[ 0.67047638]	[ 0.77964264]	[ 0.34745066]	[ 0.09889013]	8.71287	10 	3  	1.63705 
61 	79.2175	[ 0.67916566]	[ 0.78326854]	[ 0.4546576] 	[ 0.10054453]	8.69307	10 	2  	1.48085 
62 	78.5939	[ 0.66303917]	[ 0.78147428]	[ 0.43906998]	[ 0.09792245]	8.67327	10 	3  	1.65373 
63 	71.7342	[ 0.65688658]	[ 0.78147428]	[ 0.34206788]	[ 0.11269434]	8.70297	10 	1  	1.69182 
64 	82.7289	[ 0.67446498]	[ 0.78147428]	[ 0.4159689] 	[ 0.09465027]	8.92079	10 	2  	1.3979  
65 	85.4578	[ 0.68007315]	[ 0.78147428]	[ 0.38292464]	[ 0.09851331]	8.90099	10 	1  	1.6441  
66 	86.385 	[ 0.70059979]	[ 0.78326854]	[ 0.47704844]	[ 0.08164532]	9.20792	10 	1  	1.49134 
67 	83.4982	[ 0.69470442]	[ 0.78446471]	[ 0.49342105]	[ 0.0868523] 	8.88119	10 	1  	1.84706 
68 	81.318 	[ 0.68551366]	[ 0.78446471]	[ 0.37443929]	[ 0.09825087]	8.92079	10 	1  	1.76143 
69 	83.2203	[ 0.69052485]	[ 0.78551136]	[ 0.3616552] 	[ 0.09818558]	9.29703	10 	5  	1.01029 
70 	84.1622	[ 0.67494537]	[ 0.78551136]	[ 0.3555622] 	[ 0.10399036]	9.31683	10 	3  	1.28918 
71 	81.735 	[ 0.68223529]	[ 0.78551136]	[ 0.4418735] 	[ 0.09934407]	9.23762	10 	2  	1.62376 
72 	84.1346	[ 0.68809476]	[ 0.78551136]	[ 0.39137261]	[ 0.09454615]	9.45545	10 	3  	1.30895 
73 	82.2428	[ 0.68841341]	[ 0.78551136]	[ 0.37896232]	[ 0.09849233]	9.24752	10 	3  	1.56955 
74 	84.8907	[ 0.67724297]	[ 0.78551136]	[ 0.4378738] 	[ 0.10057679]	9.30693	10 	3  	1.28003 
75 	81.796 	[ 0.68902297]	[ 0.78551136]	[ 0.40531549]	[ 0.0969791] 	9.11881	10 	1  	1.6548  
76 	92.8062	[ 0.70880978]	[ 0.78551136]	[ 0.49461722]	[ 0.07884007]	9.42574	10 	2  	1.24556 
77 	83.2813	[ 0.67355342]	[ 0.7867823] 	[ 0.]        	[ 0.12501276]	9.19802	10 	2  	1.56711 
78 	87.923 	[ 0.6955601] 	[ 0.7867823] 	[ 0.4411259] 	[ 0.08671789]	9.41584	10 	2  	1.42306 
79 	91.3767	[ 0.68489818]	[ 0.7867823] 	[ 0.38221441]	[ 0.09874154]	9.59406	10 	2  	1.17884 
80 	92.1048	[ 0.694717]  	[ 0.7867823] 	[ 0.40236244]	[ 0.08987152]	9.59406	10 	4  	1.09163 
81 	90.8869	[ 0.69697537]	[ 0.7867823] 	[ 0.41518391]	[ 0.09045509]	9.64356	10 	1  	1.27103 
82 	91.4591	[ 0.68875243]	[ 0.7867823] 	[ 0.35971142]	[ 0.10065863]	9.57426	10 	1  	1.34493 
83 	87.8591	[ 0.69215848]	[ 0.7867823] 	[ 0.40011962]	[ 0.09270231]	9.48515	10 	2  	1.48667 
84 	89.3462	[ 0.69285095]	[ 0.7867823] 	[ 0.35847787]	[ 0.09956255]	9.52475	10 	2  	1.44602 
85 	91.2673	[ 0.7029022] 	[ 0.7867823] 	[ 0.42527661]	[ 0.09148662]	9.60396	10 	2  	1.25926 
86 	91.0868	[ 0.70643446]	[ 0.7867823] 	[ 0.45222787]	[ 0.08927061]	9.57426	10 	3  	1.31516 
87 	96.3405	[ 0.70377823]	[ 0.7867823] 	[ 0.35186154]	[ 0.09734652]	9.82178	10 	6  	0.586921
88 	82.9794	[ 0.67838511]	[ 0.7867823] 	[ 0.41099731]	[ 0.10475623]	9.41584	10 	2  	1.52385 
89 	87.6432	[ 0.69072249]	[ 0.7867823] 	[ 0.3420305] 	[ 0.09727688]	9.46535	10 	3  	1.49298 
90 	88.8481	[ 0.69087053]	[ 0.78267045]	[ 0.36879486]	[ 0.09873485]	9.77228	10 	4  	0.743036
91 	95.4411	[ 0.70916175]	[ 0.78267045]	[ 0.41249252]	[ 0.0795471] 	9.74257	10 	3  	1.06848 
92 	94.2031	[ 0.70058646]	[ 0.78267045]	[ 0.41219348]	[ 0.0834459] 	9.76238	10 	2  	0.97644 
93 	95.7645	[ 0.70816025]	[ 0.78267045]	[ 0.44946172]	[ 0.08495423]	9.66337	10 	2  	1.23703 
94 	95.1667	[ 0.70277673]	[ 0.78446471]	[ 0.41899671]	[ 0.09324456]	9.68317	10 	2  	1.15124 
95 	94.9234	[ 0.70779496]	[ 0.78446471]	[ 0.47783343]	[ 0.08696179]	9.68317	10 	4  	0.932692
96 	88.9971	[ 0.6956926] 	[ 0.78446471]	[ 0.46086274]	[ 0.09730665]	9.50495	10 	2  	1.42554 
97 	90.5073	[ 0.70197509]	[ 0.78446471]	[ 0.46411483]	[ 0.09311365]	9.45545	10 	1  	1.61995 
98 	94.0653	[ 0.69501235]	[ 0.78446471]	[ 0.47723535]	[ 0.08943053]	9.60396	10 	1  	1.4831  
99 	90.6107	[ 0.67238315]	[ 0.78446471]	[ 0.37073864]	[ 0.11004304]	9.44554	10 	1  	1.81018 
100	98.7433	[ 0.7069056] 	[ 0.78446471]	[ 0.45155502]	[ 0.08230905]	9.80198	10 	4  	0.901262
101	104.119	[ 0.72107869]	[ 0.78446471]	[ 0.3382177] 	[ 0.077091]  	9.85149	10 	2  	0.98891 
102	98.2819	[ 0.70612172]	[ 0.78446471]	[ 0.40497907]	[ 0.09387531]	9.70297	10 	1  	1.3091  
103	99.0505	[ 0.70295919]	[ 0.78446471]	[ 0.41585676]	[ 0.09909434]	9.60396	10 	1  	1.58007 
104	95.0834	[ 0.69301564]	[ 0.78446471]	[ 0.43264055]	[ 0.09962822]	9.78218	10 	1  	1.03027 
105	97.5501	[ 0.6934209] 	[ 0.78446471]	[ 0.29810855]	[ 0.10285198]	9.76238	10 	1  	1.12706 
106	103.072	[ 0.70988937]	[ 0.78566089]	[ 0.43092105]	[ 0.08875889]	9.72277	10 	3  	1.20329 
107	100.819	[ 0.69428176]	[ 0.78566089]	[ 0.40613786]	[ 0.10345895]	9.84158	10 	3  	0.741055
108	98.1957	[ 0.70311797]	[ 0.78566089]	[ 0.34386214]	[ 0.09695518]	9.72277	10 	3  	1.11798 
109	93.0576	[ 0.68776869]	[ 0.78566089]	[ 0.47211423]	[ 0.09736713]	9.32673	10 	1  	1.98064 
110	98.6679	[ 0.69919858]	[ 0.78566089]	[ 0.32707835]	[ 0.09678529]	9.80198	10 	4  	0.922972
111	88.9455	[ 0.70198952]	[ 0.78323116]	[ 0.35616029]	[ 0.0953458] 	9.66337	10 	1  	1.37356 
112	97.6935	[ 0.71257743]	[ 0.78386663]	[ 0.40090461]	[ 0.08825162]	9.89109	10 	5  	0.561134
113	97.2998	[ 0.71055407]	[ 0.78386663]	[ 0.4359674] 	[ 0.08142628]	9.91089	10 	8  	0.317759
114	95.9259	[ 0.68983054]	[ 0.7850628] 	[ 0.30610795]	[ 0.10690555]	9.71287	10 	2  	1.03729 
115	98.1229	[ 0.70102134]	[ 0.7850628] 	[ 0.43600478]	[ 0.09418385]	9.73267	10 	1  	1.1248  
116	96.3699	[ 0.70596739]	[ 0.7850628] 	[ 0.46807715]	[ 0.09344843]	9.81188	10 	3  	0.829086
117	98.6666	[ 0.70901704]	[ 0.7850628] 	[ 0.40550239]	[ 0.09420446]	9.55446	10 	1  	1.60738 
118	94.4171	[ 0.69500939]	[ 0.7850628] 	[ 0.40553977]	[ 0.10696145]	9.73267	10 	4  	1.00386 
119	94.1585	[ 0.69770262]	[ 0.78386663]	[ 0.]        	[ 0.11339932]	9.72277	10 	2  	1.20329 
120	96.8332	[ 0.70350769]	[ 0.78386663]	[ 0.40501645]	[ 0.09307262]	9.59406	10 	1  	1.59317 
121	96.5304	[ 0.69996987]	[ 0.78386663]	[ 0.38901764]	[ 0.10166594]	9.78218	10 	6  	0.83966 
122	96.4798	[ 0.69943248]	[ 0.78386663]	[ 0.37032745]	[ 0.09809341]	9.93069	10 	8  	0.290354
123	100.219	[ 0.71138569]	[ 0.78427781]	[ 0.4807491] 	[ 0.08320765]	9.90099	10 	2  	0.802286
124	92.22  	[ 0.69118141]	[ 0.78427781]	[ 0.44763008]	[ 0.10068026]	9.73267	10 	1  	1.10705 
125	90.835 	[ 0.69358523]	[ 0.78427781]	[ 0.45316238]	[ 0.0966752] 	9.73267	10 	1  	1.10705 
126	92.1917	[ 0.68835679]	[ 0.78427781]	[ 0.33922697]	[ 0.104165]  	9.70297	10 	4  	0.91786 
127	91.7376	[ 0.67831072]	[ 0.78427781]	[ 0.42594946]	[ 0.11048595]	9.61386	10 	2  	1.25051 
128	93.0992	[ 0.70858735]	[ 0.78427781]	[ 0.4319677] 	[ 0.08818132]	9.64356	10 	2  	1.23147 
129	94.1392	[ 0.70186295]	[ 0.78809061]	[ 0.44785437]	[ 0.09602065]	9.77228	10 	3  	0.831094
130	90.551 	[ 0.69243421]	[ 0.78809061]	[ 0.39697967]	[ 0.10580069]	9.73267	10 	1  	1.18481 
131	94.0718	[ 0.69670335]	[ 0.78809061]	[ 0.40004486]	[ 0.09656539]	9.85149	10 	4  	0.6658  
132	97.255 	[ 0.70398216]	[ 0.78809061]	[ 0.36244019]	[ 0.09303472]	9.78218	10 	2  	1.13106 
133	97.8863	[ 0.69854868]	[ 0.78809061]	[ 0.32976974]	[ 0.09887853]	9.74257	10 	2  	1.13149 
134	100.546	[ 0.72060718]	[ 0.78809061]	[ 0.49121561]	[ 0.08154593]	9.75248	10 	2  	1.18911 
135	95.6752	[ 0.69552457]	[ 0.78809061]	[ 0.39264354]	[ 0.09871304]	9.75248	10 	1  	1.21383 
136	97.39  	[ 0.69822595]	[ 0.78809061]	[ 0.44852721]	[ 0.09512813]	9.77228	10 	1  	1.27335 
137	95.4336	[ 0.704457]  	[ 0.78809061]	[ 0.48684211]	[ 0.08730484]	9.83168	10 	2  	0.845129
138	93.2993	[ 0.69636285]	[ 0.78809061]	[ 0.3416567] 	[ 0.09474461]	9.82178	10 	3  	0.937619
139	92.215 	[ 0.69036052]	[ 0.78809061]	[ 0.33698415]	[ 0.10139011]	9.73267	10 	2  	1.17643 
140	93.5022	[ 0.69537653]	[ 0.78809061]	[ 0.46187201]	[ 0.09478193]	9.77228	10 	4  	0.866096
141	90.3197	[ 0.69515706]	[ 0.78809061]	[ 0.4392195] 	[ 0.09697288]	9.73267	10 	2  	1.07068 
142	91.6274	[ 0.69826851]	[ 0.79108104]	[ 0.43948116]	[ 0.09774587]	9.54455	10 	1  	1.68585 
143	93.5123	[ 0.69466519]	[ 0.79108104]	[ 0.39092404]	[ 0.09949514]	9.73267	10 	3  	1.07068 
144	89.7071	[ 0.70542001]	[ 0.79108104]	[ 0.45402213]	[ 0.09181887]	9.74257	10 	2  	1.14886 
145	91.6517	[ 0.69015031]	[ 0.79108104]	[ 0.]        	[ 0.12056458]	9.48515	10 	1  	1.77783 
146	89.2744	[ 0.69179985]	[ 0.79108104]	[ 0.42284689]	[ 0.10802836]	9.39604	10 	1  	1.86197 
147	89.5464	[ 0.68266424]	[ 0.79108104]	[ 0.3923445] 	[ 0.10668241]	9.63366	10 	2  	1.22452 
148	88.9225	[ 0.70073266]	[ 0.79108104]	[ 0.47574013]	[ 0.09204568]	9.78218	10 	3  	0.907657
149	95.4267	[ 0.69629475]	[ 0.79108104]	[ 0.39772727]	[ 0.10172286]	9.78218	10 	3  	1.02062 
150	91.416 	[ 0.6974702] 	[ 0.79108104]	[ 0.44976077]	[ 0.09411965]	9.85149	10 	3  	0.749734
151	93.4974	[ 0.69786103]	[ 0.79108104]	[ 0.30274372]	[ 0.10011854]	9.86139	10 	3  	0.758186
152	89.2431	[ 0.69135314]	[ 0.79108104]	[ 0.37563547]	[ 0.10392052]	9.77228	10 	5  	0.831094
153	92.9318	[ 0.70251766]	[ 0.79108104]	[ 0.32816238]	[ 0.10424883]	9.69307	10 	1  	1.42636 
154	89.814 	[ 0.69711342]	[ 0.79108104]	[ 0.34999252]	[ 0.10507091]	9.71287	10 	1  	1.30753 
155	91.3137	[ 0.69632399]	[ 0.79108104]	[ 0.45069528]	[ 0.10090612]	9.68317	10 	2  	1.27373 
156	94.5976	[ 0.70649331]	[ 0.79108104]	[ 0.44770484]	[ 0.09601416]	9.79208	10 	4  	0.871062
157	101.422	[ 0.70645111]	[ 0.78203499]	[ 0.35268391]	[ 0.09771783]	9.85149	10 	3  	0.860418
158	94.3041	[ 0.71101152]	[ 0.78323116]	[ 0.447032]  	[ 0.09269572]	9.58416	10 	2  	1.53034 
159	93.027 	[ 0.69514077]	[ 0.78386663]	[ 0.40849282]	[ 0.10186618]	9.80198	10 	1  	0.975134
160	90.2641	[ 0.69610785]	[ 0.78442733]	[ 0.34931968]	[ 0.09584601]	9.53465	10 	1  	1.66837 
161	96.8484	[ 0.71007849]	[ 0.78386663]	[ 0.47824462]	[ 0.07753473]	9.87129	10 	6  	0.591413
162	91.019 	[ 0.69792061]	[ 0.78928678]	[ 0.42860347]	[ 0.10129778]	9.62376	10 	1  	1.39909 
163	97.1847	[ 0.70209426]	[ 0.78928678]	[ 0.47443182]	[ 0.08764179]	9.74257	10 	3  	1.0211  
164	89.0415	[ 0.70517241]	[ 0.78928678]	[ 0.47387111]	[ 0.09309504]	9.73267	10 	1  	1.08902 
165	86.3724	[ 0.68143327]	[ 0.78147428]	[ 0.42852871]	[ 0.10513405]	9.48515	10 	1  	1.63267 
166	94.4215	[ 0.70764618]	[ 0.78263307]	[ 0.44557416]	[ 0.08953293]	9.78218	10 	3  	0.907657
167	93.0701	[ 0.70330191]	[ 0.78566089]	[ 0.37122458]	[ 0.10043537]	9.79208	10 	2  	0.871062
168	90.1362	[ 0.69710306]	[ 0.78566089]	[ 0.45376047]	[ 0.10293505]	9.50495	10 	1  	1.61444 
169	90.3605	[ 0.70338666]	[ 0.78566089]	[ 0.43144438]	[ 0.10091826]	9.63366	10 	2  	1.24855 
170	95.6448	[ 0.71317403]	[ 0.78566089]	[ 0.43693929]	[ 0.09273297]	9.76238	10 	1  	1.07306 
171	93.4875	[ 0.71061292]	[ 0.78566089]	[ 0.30446322]	[ 0.09586871]	9.63366	10 	1  	1.39818 
172	87.403 	[ 0.69530991]	[ 0.78566089]	[ 0.4552183] 	[ 0.09950718]	9.52475	10 	1  	1.57703 
173	90.6225	[ 0.72463982]	[ 0.78566089]	[ 0.42523923]	[ 0.07740132]	9.76238	10 	1  	1.236   
174	91.6073	[ 0.71723813]	[ 0.78566089]	[ 0.46938547]	[ 0.07447732]	9.70297	10 	3  	1.17351 
175	85.5723	[ 0.69735103]	[ 0.78566089]	[ 0.35062799]	[ 0.10085336]	9.81188	10 	3  	0.840943
176	87.4932	[ 0.70402213]	[ 0.78566089]	[ 0.44546202]	[ 0.09111488]	9.77228	10 	3  	0.983842
177	91.076 	[ 0.71016695]	[ 0.78566089]	[ 0.39686752]	[ 0.08803336]	9.78218	10 	1  	1.05871 
178	92.327 	[ 0.71397234]	[ 0.78566089]	[ 0.41574462]	[ 0.08575717]	9.86139	10 	5  	0.675303
179	96.2766	[ 0.71949169]	[ 0.78566089]	[ 0.4180622] 	[ 0.0830817] 	9.79208	10 	1  	1.06536 
180	91.0636	[ 0.7022127] 	[ 0.78566089]	[ 0.]        	[ 0.11482028]	9.79208	10 	2  	1.0371  
181	91.0033	[ 0.70284927]	[ 0.79033343]	[ 0.40251196]	[ 0.09503269]	9.72277	10 	1  	1.27519 
182	90.9328	[ 0.70814915]	[ 0.79033343]	[ 0.34685257]	[ 0.09630127]	9.67327	10 	1  	1.26733 
183	91.8261	[ 0.70017528]	[ 0.79033343]	[ 0.41933313]	[ 0.09453779]	9.83168	10 	5  	0.718487
184	90.5452	[ 0.69569482]	[ 0.79033343]	[ 0.48747757]	[ 0.09599971]	9.61386	10 	1  	1.33476 
185	86.0485	[ 0.68886124]	[ 0.79033343]	[ 0.43477123]	[ 0.09992531]	9.68317	10 	2  	1.18514 
186	92.058 	[ 0.70266903]	[ 0.79033343]	[ 0.434061]  	[ 0.09284248]	9.87129	10 	6  	0.607924
187	91.2511	[ 0.71306374]	[ 0.79033343]	[ 0.40232506]	[ 0.08603637]	9.73267	10 	5  	0.92159 
188	92.7488	[ 0.69548608]	[ 0.79392195]	[ 0.32707835]	[ 0.10464938]	9.51485	10 	1  	1.54544 
189	91.6506	[ 0.71318995]	[ 0.79392195]	[ 0.40953947]	[ 0.09157937]	9.78218	10 	6  	0.68367 
190	91.4148	[ 0.7096921] 	[ 0.79392195]	[ 0.42789324]	[ 0.09075737]	9.82178	10 	6  	0.695047
191	87.0392	[ 0.68789009]	[ 0.78618421]	[ 0.42886513]	[ 0.09524885]	9.73267	10 	5  	0.877565
192	88.3845	[ 0.7004858] 	[ 0.78618421]	[ 0.40998804]	[ 0.09455306]	9.62376	10 	1  	1.34128 
193	84.7452	[ 0.69939547]	[ 0.78618421]	[ 0.47405801]	[ 0.08677185]	9.49505	10 	1  	1.54551 
194	90.2827	[ 0.70543259]	[ 0.78618421]	[ 0.48684211]	[ 0.08716447]	9.62376	10 	1  	1.31895 
195	86.7715	[ 0.70883643]	[ 0.79702452]	[ 0.47375897]	[ 0.08479711]	9.55446	10 	1  	1.69726 
196	85.6585	[ 0.70091216]	[ 0.79702452]	[ 0.48945873]	[ 0.08558878]	9.59406	10 	5  	1.01648 
197	90.6418	[ 0.71074024]	[ 0.79702452]	[ 0.44908792]	[ 0.09032562]	9.76238	10 	4  	0.834272
198	83.9075	[ 0.69578845]	[ 0.79702452]	[ 0.42998654]	[ 0.10564845]	9.70297	10 	1  	1.14792 
199	83.4845	[ 0.69790877]	[ 0.79702452]	[ 0.46661932]	[ 0.09379565]	9.51485	10 	1  	1.47329 
200	80.8266	[ 0.69721594]	[ 0.79702452]	[ 0.46519886]	[ 0.08908899]	9.69307	10 	3  	0.982446
201	74.7405	[ 0.67457305]	[ 0.79702452]	[ 0.36741178]	[ 0.10189374]	9.52475	10 	2  	1.25544 
202	79.535 	[ 0.68893822]	[ 0.78263307]	[ 0.37660736]	[ 0.09766156]	9.72277	10 	6  	0.857337
203	81.7033	[ 0.70585007]	[ 0.7856235] 	[ 0.38460676]	[ 0.08894016]	9.77228	10 	2  	0.993854
204	81.0273	[ 0.70112348]	[ 0.7856235] 	[ 0.39832536]	[ 0.09988642]	9.39604	10 	1  	1.82978 
205	78.8332	[ 0.70170529]	[ 0.7867823] 	[ 0.47689892]	[ 0.09415486]	9.66337	10 	3  	1.08342 
206	87.2243	[ 0.704873]  	[ 0.7867823] 	[ 0.28072667]	[ 0.10210863]	9.87129	10 	4  	0.68453 
207	85.2443	[ 0.69582509]	[ 0.7867823] 	[ 0.47069378]	[ 0.09372906]	9.71287	10 	4  	1.06554 
208	85.0006	[ 0.6994732] 	[ 0.78805323]	[ 0.36244019]	[ 0.10291425]	9.75248	10 	3  	1.00893 
209	87.3571	[ 0.69791284]	[ 0.78805323]	[ 0.47641298]	[ 0.10059988]	9.58416	10 	1  	1.53034 
210	88.1509	[ 0.69396014]	[ 0.78805323]	[ 0.38169109]	[ 0.10881966]	9.42574	10 	1  	1.88452 
211	87.2381	[ 0.69483877]	[ 0.78805323]	[ 0.44748056]	[ 0.11075349]	9.68317	10 	2  	1.14261 
212	94.3468	[ 0.71661636]	[ 0.78805323]	[ 0.37679426]	[ 0.09102242]	9.85149	10 	1  	0.937515
213	94.7621	[ 0.71051373]	[ 0.78805323]	[ 0.43742524]	[ 0.09832888]	9.92079	10 	6  	0.437888
214	86.8364	[ 0.68673981]	[ 0.78805323]	[ 0.37858852]	[ 0.11383281]	9.59406	10 	1  	1.47036 
215	88.5313	[ 0.70554732]	[ 0.78805323]	[ 0.43458433]	[ 0.10168381]	9.82178	10 	4  	0.837205
216	89.3906	[ 0.70524347]	[ 0.79280054]	[ 0.38038278]	[ 0.10506675]	9.91089	10 	8  	0.347523
217	86.6517	[ 0.69221659]	[ 0.79280054]	[ 0.37159839]	[ 0.11250333]	9.78218	10 	5  	0.765648
218	86.7041	[ 0.70470719]	[ 0.79280054]	[ 0.37178529]	[ 0.09817481]	9.72277	10 	2  	0.98623 
219	83.4929	[ 0.69774519]	[ 0.79280054]	[ 0.38520484]	[ 0.11129122]	9.52475	10 	1  	1.57074 
220	85.5618	[ 0.69908422]	[ 0.79280054]	[ 0.33679725]	[ 0.09801074]	9.59406	10 	3  	1.21197 
221	88.6059	[ 0.70992009]	[ 0.79280054]	[ 0.43746262]	[ 0.10114905]	9.52475	10 	2  	1.43916 
222	86.6262	[ 0.69660083]	[ 0.79280054]	[ 0.39783941]	[ 0.10776037]	9.46535	10 	1  	1.54513 
223	82.3702	[ 0.70549551]	[ 0.79280054]	[ 0.45619019]	[ 0.09785493]	9.45545	10 	1  	1.53845 
224	84.4129	[ 0.69051338]	[ 0.79280054]	[ 0.39626944]	[ 0.11480722]	9.37624	10 	2  	1.64016 
225	84.081 	[ 0.69255782]	[ 0.79280054]	[ 0.42494019]	[ 0.10523408]	9.40594	10 	3  	1.39432 
226	85.3926	[ 0.7028452] 	[ 0.79280054]	[ 0.44374252]	[ 0.10527172]	9.45545	10 	4  	1.26275 
227	86.8388	[ 0.70844042]	[ 0.79280054]	[ 0.33410586]	[ 0.1055517] 	9.68317	10 	2  	1.12515 
228	90.1824	[ 0.7213348] 	[ 0.79280054]	[ 0.41211872]	[ 0.08898198]	9.40594	10 	2  	1.64815 
229	86.3389	[ 0.70871947]	[ 0.79280054]	[ 0.42348236]	[ 0.10174608]	9.52475	10 	1  	1.39727 
230	88.5088	[ 0.71791801]	[ 0.79280054]	[ 0.36285138]	[ 0.10081195]	9.75248	10 	1  	1.15532 
231	88.7129	[ 0.7147751] 	[ 0.79280054]	[ 0.46052632]	[ 0.09854107]	9.56436	10 	1  	1.5313  
232	85.178 	[ 0.69278877]	[ 0.79280054]	[ 0.41802482]	[ 0.1073355] 	9.63366	10 	2  	1.24059 
233	86.8055	[ 0.69638617]	[ 0.79280054]	[ 0.3791866] 	[ 0.1010742] 	9.58416	10 	2  	1.23695 
234	87.1257	[ 0.7006727] 	[ 0.79280054]	[ 0.45357356]	[ 0.1051543] 	9.61386	10 	1  	1.32732 
235	89.5207	[ 0.70900223]	[ 0.79280054]	[ 0.45574163]	[ 0.09419777]	9.48515	10 	1  	1.67458 
236	89.2673	[ 0.69766857]	[ 0.79280054]	[ 0.39193331]	[ 0.12207253]	9.45545	10 	2  	1.45238 
237	92.2924	[ 0.70611025]	[ 0.79280054]	[ 0.46243272]	[ 0.10532405]	9.69307	10 	5  	1.01223 
238	86.4456	[ 0.69631289]	[ 0.79280054]	[ 0.32920903]	[ 0.1123852] 	9.57426	10 	2  	1.35958 
239	94.9784	[ 0.71467073]	[ 0.79280054]	[ 0.41226824]	[ 0.10208717]	9.76238	10 	5  	0.733208
240	92.6913	[ 0.7158236] 	[ 0.79280054]	[ 0.38935407]	[ 0.09958835]	9.56436	10 	1  	1.49862 
241	92.4002	[ 0.70868357]	[ 0.79280054]	[ 0.359375]  	[ 0.10353021]	9.62376	10 	1  	1.30385 
242	86.8456	[ 0.68446812]	[ 0.79280054]	[ 0.40580144]	[ 0.10961161]	9.49505	10 	1  	1.47335 
243	87.1059	[ 0.69712415]	[ 0.79280054]	[ 0.46347937]	[ 0.10493193]	9.49505	10 	2  	1.55827 
244	93.6559	[ 0.72105204]	[ 0.79339862]	[ 0.46471292]	[ 0.09417205]	9.75248	10 	3  	0.937724
245	94.5208	[ 0.71757048]	[ 0.79339862]	[ 0.39137261]	[ 0.10178662]	9.76238	10 	4  	0.913578
246	97.4523	[ 0.71917192]	[ 0.7987814] 	[ 0.42221142]	[ 0.09647918]	9.90099	10 	6  	0.535935
247	93.7482	[ 0.71928184]	[ 0.7987814] 	[ 0.41383822]	[ 0.09636585]	10     	10 	10 	0       
248	95.7929	[ 0.71963788]	[ 0.7987814] 	[ 0.39496112]	[ 0.10131251]	9.89109	10 	1  	0.910891
249	89.939 	[ 0.69513522]	[ 0.7987814] 	[ 0.40897877]	[ 0.1133187] 	9.89109	10 	3  	0.716164
250	97.8093	[ 0.71919708]	[ 0.7987814] 	[ 0.31549043]	[ 0.09658114]	9.84158	10 	3  	0.864397
251	96.0196	[ 0.71927184]	[ 0.80236992]	[ 0.39144737]	[ 0.10435736]	10     	10 	10 	0       
252	91.7714	[ 0.70700109]	[ 0.80236992]	[ 0.44643391]	[ 0.108228]  	9.80198	10 	1  	1.05323 
253	99.6331	[ 0.71846946]	[ 0.80236992]	[ 0.39514803]	[ 0.10226043]	9.86139	10 	3  	0.867792
254	97.8412	[ 0.71791172]	[ 0.80236992]	[ 0.4414997] 	[ 0.10396237]	9.88119	10 	4  	0.721483
255	96.0256	[ 0.72530711]	[ 0.8024073] 	[ 0.46710526]	[ 0.09677245]	9.9604 	10 	7  	0.312156
256	98.7757	[ 0.72614576]	[ 0.8024073] 	[ 0.44191089]	[ 0.09367803]	9.93069	10 	4  	0.601276
257	99.1015	[ 0.73518738]	[ 0.80367823]	[ 0.41013756]	[ 0.09679875]	9.92079	10 	4  	0.608246
258	91.6408	[ 0.71093454]	[ 0.80367823]	[ 0.45118122]	[ 0.1041679] 	9.81188	10 	4  	0.875552
259	94.5318	[ 0.72062716]	[ 0.80420156]	[ 0.3826256] 	[ 0.10544308]	9.85149	10 	2  	0.894274
260	99.4549	[ 0.72335297]	[ 0.80420156]	[ 0.39320425]	[ 0.10352235]	9.87129	10 	5  	0.654964
261	96.8221	[ 0.72440221]	[ 0.80726675]	[ 0.45155502]	[ 0.09758067]	9.88119	10 	3  	0.799593
262	98.4945	[ 0.71749609]	[ 0.80726675]	[ 0.43499551]	[ 0.10527486]	9.84158	10 	2  	0.992374
263	91.711 	[ 0.69800167]	[ 0.80592105]	[ 0.40135317]	[ 0.1175637] 	9.66337	10 	1  	1.29184 
264	98.0944	[ 0.73517553]	[ 0.80603319]	[ 0.45985347]	[ 0.09280716]	9.9802 	10 	9  	0.139319
265	92.6373	[ 0.71488946]	[ 0.80603319]	[ 0.30162231]	[ 0.11231765]	9.90099	10 	1  	0.895588
266	98.0057	[ 0.72508098]	[ 0.80603319]	[ 0.46852572]	[ 0.09964786]	9.86139	10 	1  	0.923078
267	99.5809	[ 0.73131684]	[ 0.80603319]	[ 0.47248804]	[ 0.09463569]	9.79208	10 	2  	1.07461 
268	98.4278	[ 0.73427544]	[ 0.80603319]	[ 0.44897578]	[ 0.09199038]	9.69307	10 	1  	1.49416 
269	94.5898	[ 0.71358336]	[ 0.80603319]	[ 0.45701256]	[ 0.11001728]	9.77228	10 	2  	0.993854
270	92.7911	[ 0.71450492]	[ 0.80603319]	[ 0.32464862]	[ 0.10764324]	9.84158	10 	6  	0.558156
271	91.9178	[ 0.71854311]	[ 0.80603319]	[ 0.35844049]	[ 0.10530604]	9.74257	10 	1  	1.10493 
272	97.3804	[ 0.72207759]	[ 0.80603319]	[ 0.43215461]	[ 0.1017201] 	9.75248	10 	1  	1.29283 
273	90.1591	[ 0.70828608]	[ 0.80603319]	[ 0.43895783]	[ 0.11495344]	9.76238	10 	2  	1.05444 
274	97.8617	[ 0.73691428]	[ 0.80603319]	[ 0.39297996]	[ 0.0908587] 	9.82178	10 	1  	1.07534 
275	89.4078	[ 0.71451417]	[ 0.80603319]	[ 0.36430921]	[ 0.10886615]	9.78218	10 	3  	1.04932 
276	95.5196	[ 0.72241735]	[ 0.80603319]	[ 0.39118571]	[ 0.1031496] 	9.90099	10 	2  	0.802286
277	93.8568	[ 0.72031072]	[ 0.8048744] 	[ 0.47039474]	[ 0.10488414]	9.84158	10 	1  	0.951629
278	96.0384	[ 0.72989083]	[ 0.8048744] 	[ 0.46392793]	[ 0.09700608]	9.77228	10 	1  	1.2811  
279	94.1555	[ 0.71892691]	[ 0.8048744] 	[ 0.]        	[ 0.11880069]	9.92079	10 	4  	0.624312
280	96.8121	[ 0.72320826]	[ 0.8048744] 	[ 0.42957536]	[ 0.10901888]	9.69307	10 	2  	1.36246 
281	97.7772	[ 0.72371567]	[ 0.80603319]	[ 0.38000897]	[ 0.10031418]	9.73267	10 	1  	1.28117 
282	92.9854	[ 0.71179651]	[ 0.80603319]	[ 0.48463666]	[ 0.10838003]	9.72277	10 	1  	1.31344 
283	98.5691	[ 0.72546552]	[ 0.80603319]	[ 0.4800015] 	[ 0.0971917] 	9.89109	10 	6  	0.485452
284	94.1926	[ 0.71787027]	[ 0.80603319]	[ 0.37776615]	[ 0.11175021]	9.74257	10 	5  	0.991583
285	90.5199	[ 0.71425695]	[ 0.80603319]	[ 0.47155353]	[ 0.10413613]	9.69307	10 	1  	1.28774 
286	92.8508	[ 0.71074579]	[ 0.80539773]	[ 0.40221292]	[ 0.10839429]	9.79208	10 	2  	1.04661 
287	95.739 	[ 0.70860881]	[ 0.80539773]	[ 0.3812799] 	[ 0.10941029]	9.88119	10 	5  	0.664326
288	93.0254	[ 0.70790932]	[ 0.80539773]	[ 0.37275718]	[ 0.1188053] 	9.90099	10 	5  	0.637212
289	100.557	[ 0.73822259]	[ 0.80539773]	[ 0.44976077]	[ 0.08721658]	9.85149	10 	2  	0.98891 
290	93.4798	[ 0.7232312] 	[ 0.80539773]	[ 0.46190939]	[ 0.09885671]	9.9604 	10 	8  	0.240494
291	92.9359	[ 0.70954073]	[ 0.80539773]	[ 0.34573116]	[ 0.11235319]	9.86139	10 	4  	0.844665
292	94.2099	[ 0.71693206]	[ 0.80539773]	[ 0.]        	[ 0.12289443]	9.85149	10 	2  	0.860418
293	94.6822	[ 0.72604362]	[ 0.80539773]	[ 0.34973086]	[ 0.10231836]	9.9703 	10 	9  	0.169767
294	93.3922	[ 0.71759713]	[ 0.80539773]	[ 0.44617225]	[ 0.10291628]	9.84158	10 	1  	0.982346
295	94.0244	[ 0.72120119]	[ 0.80539773]	[ 0.39832536]	[ 0.10370112]	9.77228	10 	3  	1.0233  
296	94.9281	[ 0.71647202]	[ 0.80782745]	[ 0.36486992]	[ 0.10934267]	9.9505 	10 	7  	0.326282
297	94.5738	[ 0.72514982]	[ 0.80782745]	[ 0.46430173]	[ 0.10303484]	9.90099	10 	2  	0.802286
298	96.0381	[ 0.7333487] 	[ 0.80782745]	[ 0.39963367]	[ 0.1004504] 	9.73267	10 	2  	1.27342 
299	92.1813	[ 0.72160978]	[ 0.80782745]	[ 0.447032]  	[ 0.10717493]	9.71287	10 	1  	1.33748 