   	       	                                                                fitness                                                                 	              size              
   	       	----------------------------------------------------------------------------------------------------------------------------------------	--------------------------------
gen	time   	avg                                        	max                	min                	std                                     	avg    	max	min	std     
0  	1.497  	[ 75.11881188  67.71287129  75.28712871]   	[ 145.   84.  143.]	[ 55.  -0.  59.]   	[ 10.02401782  10.36018333  10.36018333]	2.9604 	10 	1  	2.46127 
1  	1.90679	[ 75.23762376  65.98019802  77.01980198]   	[ 145.   84.  143.]	[ 55.  -0.  59.]   	[ 13.3995334   12.86793559  12.86793559]	4.30693	14 	1  	3.07575 
2  	2.00951	[ 77.24752475  65.01980198  77.98019802]   	[ 145.   87.  143.]	[ 54.  -0.  56.]   	[ 11.36557765  12.17608449  12.17608449]	5.22772	17 	1  	3.16816 
3  	2.18999	[ 78.61386139  63.3960396   79.6039604 ]   	[ 145.   88.  143.]	[ 56.  -0.  55.]   	[ 11.45889796  11.6449787   11.6449787 ]	5.84158	14 	1  	3.26922 
4  	2.48686	[ 79.3960396   63.11881188  79.88118812]   	[ 145.   89.  143.]	[ 53.  -0.  54.]   	[ 11.60494876  12.49577127  12.49577127]	6.80198	17 	1  	3.57389 
5  	2.63587	[ 82.10891089  61.          82.        ]   	[ 145.   87.  143.]	[ 61.  -0.  56.]   	[ 12.75737099  12.71079685  12.71079685]	6.82178	17 	1  	4.12286 
6  	3.08158	[ 83.22772277  61.63366337  81.36633663]   	[ 145.   89.  143.]	[ 53.  -0.  54.]   	[ 11.86214646  11.5284605   11.5284605 ]	7.85149	25 	1  	5.08227 
7  	3.45943	[ 86.45544554  59.40594059  83.59405941]   	[ 145.   93.  143.]	[ 60.  -0.  50.]   	[ 12.25191418  12.46712764  12.46712764]	8.66337	20 	1  	5.20715 
8  	4.31525	[ 87.79207921  57.01980198  85.98019802]   	[ 145.   79.  143.]	[ 62.  -0.  64.]   	[ 16.45655356  15.1663908   15.1663908 ]	10.4752	20 	1  	5.45294 
9  	4.99251	[ 86.56435644  57.40594059  85.59405941]   	[ 145.   85.  143.]	[ 59.  -0.  58.]   	[ 14.75436894  13.74317344  13.74317344]	11.6931	29 	1  	5.92986 
10 	5.79082	[ 89.25742574  57.87128713  85.12871287]   	[ 145.   84.  143.]	[ 51.  -0.  59.]   	[ 14.8521782  12.8953621  12.8953621]   	12.604 	28 	1  	5.96704 
11 	6.90041	[ 89.52475248  56.77227723  86.22772277]   	[ 145.   79.  143.]	[ 57.  -0.  64.]   	[ 14.29643316  10.83529362  10.83529362]	13.8317	33 	1  	6.18377 
12 	6.94994	[ 90.34653465  56.17821782  86.82178218]   	[ 145.   83.  143.]	[ 58.  -0.  60.]   	[ 12.29057084   9.42652256   9.42652256]	14.1881	33 	1  	5.96311 
13 	7.17595	[ 93.17821782  56.71287129  86.28712871]   	[ 145.   77.  143.]	[ 57.  -0.  66.]   	[ 12.62278      9.54233572   9.54233572]	14.0198	28 	1  	5.35101 
14 	7.84959	[ 94.37623762  57.31683168  85.68316832]   	[ 145.   78.  143.]	[ 62.  -0.  65.]   	[ 12.9979827   8.542185    8.542185 ]   	14.8713	32 	1  	5.36705 
15 	9.1038 	[ 96.32673267  58.48514851  84.51485149]   	[ 145.   77.  143.]	[ 43.  -0.  66.]   	[ 14.35001564   8.44740731   8.44740731]	15.6238	30 	1  	4.75718 
16 	10.4778	[ 99.64356436  57.2970297   85.7029703 ]   	[ 145.   74.  143.]	[ 62.  -0.  69.]   	[ 12.41093749   8.44498158   8.44498158]	16.7129	28 	1  	4.43286 
17 	12.3049	[ 100.99009901   55.79207921   87.20792079]	[ 145.   74.  143.]	[ 67.  -0.  69.]   	[ 13.01445887   8.85338983   8.85338983]	17.4653	30 	1  	4.71476 
18 	14.4892	[ 101.91089109   54.11881188   88.88118812]	[ 145.   80.  143.]	[ 52.  -0.  63.]   	[ 14.47161716  10.63087892  10.63087892]	18.8416	32 	1  	5.43136 
19 	15.77  	[ 104.26732673   52.76237624   90.23762376]	[ 145.   81.  143.]	[ 68.  -0.  62.]   	[ 13.29921541  10.41528629  10.41528629]	20.0198	40 	1  	6.33391 
20 	17.1451	[ 103.54455446   51.43564356   90.14851485]	[ 145.   84.  143.]	[ 0. -0. -0.]      	[ 16.93115048  11.64356436  13.79796666]	20.6436	40 	1  	6.70685 
21 	17.8457	[ 106.78217822   50.5049505    92.4950495 ]	[ 145.   93.  143.]	[ 69.  -0.  50.]   	[ 13.86255299  12.48414738  12.48414738]	21.604 	40 	1  	8.39387 
22 	18.1844	[ 104.14851485   52.65346535   90.34653465]	[ 145.   74.  143.]	[ 58.  -0.  69.]   	[ 16.86955553  11.8325241   11.8325241 ]	22.0396	40 	1  	10.16   
23 	18.6524	[ 102.75247525   54.11881188   88.88118812]	[ 145.   77.  143.]	[ 64.  -0.  66.]   	[ 16.10080002   8.91798398   8.91798398]	23.1485	40 	1  	9.55794 
24 	23.4044	[ 107.40594059   53.34653465   89.65346535]	[ 145.   75.  143.]	[ 62.  -0.  68.]   	[ 13.38106999   7.88209607   7.88209607]	26.1287	40 	1  	9.49796 
25 	23.1782	[ 109.75247525   51.85148515   91.14851485]	[ 145.   65.  143.]	[ 74.  -0.  78.]   	[ 12.28087617   8.53343586   8.53343586]	26.0198	40 	1  	7.88655 
26 	21.2391	[ 108.91089109   52.1980198    90.8019802 ]	[ 145.   71.  143.]	[ 66.  -0.  72.]   	[ 13.74167543  10.70765415  10.70765415]	24.1287	40 	1  	8.2422  
27 	20.3909	[ 107.66336634   53.48514851   89.51485149]	[ 145.   84.  143.]	[ 67.  -0.  59.]   	[ 14.51136613  10.42333052  10.42333052]	23.4257	40 	1  	8.393   
28 	20.6973	[ 108.87128713   51.86138614   91.13861386]	[ 145.   84.  143.]	[ 69.  -0.  59.]   	[ 14.13139428  11.09279465  11.09279465]	24.3762	40 	1  	7.35231 
29 	22.88  	[ 109.47524752   51.92079208   91.07920792]	[ 145.   73.  143.]	[ 63.  -0.  70.]   	[ 13.19660477   9.03095136   9.03095136]	26.0495	37 	1  	6.97999 
30 	21.4607	[ 106.92079208   52.74257426   90.25742574]	[ 145.   84.  143.]	[ 66.  -0.  59.]   	[ 14.91473002  10.30202659  10.30202659]	24.3267	37 	1  	8.68264 
31 	21.6971	[ 108.75247525   52.           91.        ]	[ 145.   78.  143.]	[ 65.  -0.  65.]   	[ 14.39637326  11.13641783  11.13641783]	24.7624	36 	1  	8.27874 
32 	21.8737	[ 111.01980198   50.25742574   92.74257426]	[ 145.   71.  143.]	[ 69.  -0.  72.]   	[ 13.26797693  10.12951131  10.12951131]	24.6931	36 	1  	7.66081 
33 	23.3491	[ 111.99009901   50.12871287   92.87128713]	[ 145.   73.  143.]	[ 66.  -0.  70.]   	[ 12.79580303  10.26545043  10.26545043]	26.0396	38 	1  	7.11006 
34 	22.368 	[ 109.79207921   49.64356436   93.35643564]	[ 145.   66.  143.]	[ 60.  -0.  77.]   	[ 15.57436128   8.45440205   8.45440205]	24.901 	40 	1  	8.27199 
35 	22.4844	[ 111.           49.86138614   93.13861386]	[ 145.   72.  143.]	[ 68.  -0.  71.]   	[ 13.71925004   9.40826443   9.40826443]	25.3168	40 	1  	6.77493 
36 	22.6834	[ 111.71287129   49.35643564   93.64356436]	[ 145.   73.  143.]	[ 75.  -0.  70.]   	[ 12.89357552   8.69799585   8.69799585]	25.2574	33 	1  	5.59995 
37 	23.4485	[ 110.95049505   50.21782178   92.78217822]	[ 145.   80.  143.]	[ 61.  -0.  63.]   	[ 15.69282881  10.24125221  10.24125221]	25.0891	39 	1  	6.88102 
38 	23.6324	[ 112.45544554   49.81188119   93.18811881]	[ 145.   76.  143.]	[ 62.  -0.  67.]   	[ 13.03500599   7.37766615   7.37766615]	25.6436	38 	1  	6.42024 
39 	24.4881	[ 111.           50.56435644   92.43564356]	[ 145.   67.  143.]	[ 61.  -0.  76.]   	[ 13.28141708   7.13715122   7.13715122]	26.6832	37 	1  	4.79259 
40 	23.7003	[ 112.74257426   50.81188119   92.18811881]	[ 145.   76.  143.]	[ 71.  -0.  67.]   	[ 13.09875171   7.84719521   7.84719521]	27.0297	35 	1  	6.47073 
41 	24.8051	[ 112.99009901   50.66336634   92.33663366]	[ 145.   75.  143.]	[ 69.  -0.  68.]   	[ 12.91901281   7.31508306   7.31508306]	28.1683	40 	1  	6.84347 
42 	26.1038	[ 115.76237624   49.87128713   93.12871287]	[ 145.   66.  143.]	[ 75.  -0.  77.]   	[ 10.07314685   6.3240283    6.3240283 ]	29.099 	39 	1  	4.75229 
43 	25.3015	[ 113.05940594   49.89108911   93.10891089]	[ 145.   68.  143.]	[ 61.  -0.  75.]   	[ 13.65691482   6.87642117   6.87642117]	28.4851	39 	1  	6.53341 
44 	25.7252	[ 112.51485149   49.55445545   93.44554455]	[ 145.   74.  143.]	[ 68.  -0.  69.]   	[ 14.72225624   7.00420701   7.00420701]	29.1485	39 	1  	5.82311 
45 	26.5053	[ 115.03960396   49.25742574   93.74257426]	[ 145.   73.  143.]	[ 67.  -0.  70.]   	[ 11.0309383    6.24206977   6.24206977]	28.901 	40 	1  	5.7152  
46 	25.838 	[ 114.65346535   48.5049505    94.4950495 ]	[ 145.   71.  143.]	[ 69.  -0.  72.]   	[ 11.95986328   7.94738111   7.94738111]	27.297 	40 	1  	6.46628 
47 	24.8222	[ 109.94059406   49.95049505   93.04950495]	[ 145.   72.  143.]	[ 62.  -0.  71.]   	[ 16.04314837   7.56801011   7.56801011]	25.1584	39 	1  	7.78515 
48 	26.1876	[ 114.64356436   48.1980198    94.8019802 ]	[ 145.   69.  143.]	[ 70.  -0.  74.]   	[ 11.11379854   6.01651161   6.01651161]	26.2376	39 	1  	5.02104 
49 	23.6423	[ 113.38613861   49.14851485   93.85148515]	[ 145.   75.  143.]	[ 62.  -0.  68.]   	[ 14.70971276  10.65794561  10.65794561]	23.7525	39 	1  	7.47459 
50 	24.7631	[ 112.56435644   49.03960396   93.96039604]	[ 145.   82.  143.]	[ 62.  -0.  61.]   	[ 15.58649825   8.95745808   8.95745808]	24.5743	37 	1  	6.68728 
51 	24.1602	[ 112.17821782   48.75247525   94.24752475]	[ 145.   84.  143.]	[ 49.  -0.  59.]   	[ 16.23368704   9.27832131   9.27832131]	24.4752	34 	1  	6.55003 
52 	24.9355	[ 112.92079208   49.30693069   93.69306931]	[ 145.   84.  143.]	[ 60.  -0.  59.]   	[ 14.57223942   9.69509683   9.69509683]	25.099 	39 	1  	7.52883 
53 	25.7469	[ 110.27722772   49.9009901    93.0990099 ]	[ 145.   84.  143.]	[ 69.  -0.  59.]   	[ 15.04456667   8.75689821   8.75689821]	25.7129	39 	1  	6.68134 
54 	26.5334	[ 112.57425743   48.05940594   94.94059406]	[ 145.   65.  143.]	[ 65.  -0.  78.]   	[ 13.28763777   6.79082343   6.79082343]	25.901 	39 	1  	5.24736 
55 	26.9497	[ 113.35643564   48.83168317   94.16831683]	[ 121.   64.  104.]	[ 71.  39.  79.]   	[ 11.92931671   4.58812351   4.58812351]	25.9109	39 	20 	3.11845 
56 	26.6911	[ 113.51485149   48.72277228   94.27722772]	[ 121.   74.  106.]	[ 75.  37.  69.]   	[ 11.66751763   4.90931386   4.90931386]	25.5248	38 	20 	2.31052 
57 	26.966 	[ 114.72277228   48.31683168   94.68316832]	[ 121.   66.  101.]	[ 69.  42.  77.]   	[ 10.65955511   4.38478624   4.38478624]	25.7327	40 	20 	2.39178 
58 	26.6409	[ 113.84158416   48.20792079   94.79207921]	[ 122.   67.  111.]	[ 66.  32.  76.]   	[ 10.9596313    5.20342011   5.20342011]	26.4653	40 	20 	3.97658 
59 	26.2817	[ 115.01980198   47.73267327   95.26732673]	[ 122.   66.  103.]	[ 67.  40.  77.]   	[ 11.05788568   4.17415691   4.17415691]	26.3762	40 	19 	3.12718 
60 	27.4734	[ 116.38613861   47.53465347   95.46534653]	[ 122.   68.  100.]	[ 80.  43.  75.]   	[ 8.67564053  4.55236715  4.55236715]   	26.7525	35 	20 	2.94641 
61 	27.8162	[ 114.81188119   48.00990099   94.99009901]	[ 122.   70.  103.]	[ 77.  40.  73.]   	[ 10.88437237   5.1444386    5.1444386 ]	27.0198	37 	19 	3.2971  
62 	29.3954	[ 114.66336634   47.53465347   95.46534653]	[ 123.   77.  105.]	[ 70.  38.  66.]   	[ 11.95310741   6.2164973    6.2164973 ]	27     	37 	5  	4.14586 
63 	30.131 	[ 117.62376238   46.9009901    96.0990099 ]	[ 123.   63.  102.]	[ 83.  41.  80.]   	[ 8.53861524  3.99629767  3.99629767]   	27.4257	38 	20 	3.68928 
64 	29.8974	[ 116.47524752   47.71287129   95.28712871]	[ 123.   64.  104.]	[ 79.  39.  79.]   	[ 9.68165977  3.91831605  3.91831605]   	27.3762	40 	20 	3.33256 
65 	31.0735	[ 117.77227723   47.78217822   95.21782178]	[ 123.   65.  103.]	[ 77.  40.  78.]   	[ 9.27669409  3.81400224  3.81400224]   	27.2277	38 	20 	2.89377 
66 	31.0829	[ 116.85148515   47.95049505   95.04950495]	[ 124.   63.  110.]	[ 77.  33.  80.]   	[ 10.59178286   4.03542785   4.03542785]	27.0495	38 	21 	2.59617 
67 	31.3264	[ 112.86138614   49.11881188   93.88118812]	[ 124.   73.  104.]	[ 64.  39.  70.]   	[ 14.89170791   4.98966681   4.98966681]	27.0198	40 	20 	2.99828 
68 	32.0799	[ 116.89108911   49.23762376   93.76237624]	[ 124.   65.  106.]	[ 80.  37.  78.]   	[ 10.74538905   4.23598099   4.23598099]	27.1386	40 	17 	3.51244 
69 	32.1979	[ 116.95049505   49.89108911   93.10891089]	[ 124.   66.  101.]	[ 67.  42.  77.]   	[ 11.64778162   4.64566441   4.64566441]	27.1089	32 	20 	2.38768 
70 	32.1087	[ 118.32673267   48.65346535   94.34653465]	[ 124.   79.  109.]	[ 74.  34.  64.]   	[ 10.34944769   4.52372326   4.52372326]	27.1881	35 	20 	2.14667 
71 	32.5892	[ 119.62376238   48.27722772   94.72277228]	[ 124.   61.  105.]	[ 79.  38.  82.]   	[ 8.49909894  3.21850716  3.21850716]   	27.802 	39 	20 	2.77192 
72 	32.5539	[ 120.27722772   48.1980198    94.8019802 ]	[ 124.   76.  106.]	[ 75.  37.  67.]   	[ 7.52569041  3.99261646  3.99261646]   	28.396 	38 	20 	2.74341 
73 	32.2281	[ 117.65346535   48.69306931   94.30693069]	[ 124.   68.  105.]	[ 75.  38.  75.]   	[ 11.98632525   4.30689655   4.30689655]	28.3069	36 	25 	2.14219 
74 	32.4149	[ 117.94059406   48.25742574   94.74257426]	[ 124.   64.  106.]	[ 69.  37.  79.]   	[ 12.01799128   3.67127858   3.67127858]	28.8119	36 	25 	1.99362 
75 	32.7029	[ 119.7029703   48.2970297   94.7029703]   	[ 124.   57.  102.]	[ 86.  41.  86.]   	[ 8.99234499  2.39034591  2.39034591]   	29.2673	36 	25 	2.06283 
76 	33.4266	[ 120.47524752   48.75247525   94.24752475]	[ 125.   63.  101.]	[ 80.  42.  80.]   	[ 8.53251679  2.88185151  2.88185151]   	29.7327	40 	23 	2.35843 
77 	34.0339	[ 119.89108911   48.05940594   94.94059406]	[ 125.   62.  106.]	[ 75.  37.  81.]   	[ 9.97908803  2.99114794  2.99114794]   	30.2178	37 	29 	1.96808 
78 	34.3059	[ 118.9009901    48.96039604   94.03960396]	[ 125.   68.  100.]	[ 72.  43.  75.]   	[ 10.99460259   3.75729203   3.75729203]	30.3465	40 	28 	2.51898 
79 	35.1157	[ 120.02970297   48.06930693   94.93069307]	[ 126.   60.  103.]	[ 76.  40.  83.]   	[ 9.71724551  2.62982673  2.62982673]   	29.8515	38 	28 	1.95689 
80 	36.7764	[ 121.11881188   47.8019802    95.1980198 ]	[ 126.   61.  101.]	[ 77.  42.  82.]   	[ 8.21528053  3.07020108  3.07020108]   	29.7327	39 	28 	1.78493 
81 	37.7828	[ 121.64356436   48.00990099   94.99009901]	[ 126.   64.  103.]	[ 80.  40.  79.]   	[ 8.362557    3.58626381  3.58626381]   	29.4653	36 	28 	1.43205 
82 	37.9892	[ 119.96039604   47.51485149   95.48514851]	[ 126.   60.  109.]	[ 77.  34.  83.]   	[ 10.61375979   3.25975721   3.25975721]	29.3861	36 	28 	1.39993 
83 	38.9861	[ 120.06930693   48.38613861   94.61386139]	[ 126.   67.   99.]	[ 76.  44.  76.]   	[ 11.42626592   4.10015768   4.10015768]	29.8812	39 	28 	2.05993 
84 	37.9384	[ 121.4950495   48.7029703   94.2970297]   	[ 126.   70.  102.]	[ 74.  41.  73.]   	[ 9.21323173  4.00876405  4.00876405]   	29.7228	36 	20 	2.04464 
85 	39.3499	[ 118.77227723   47.66336634   95.33663366]	[ 128.   67.  107.]	[ 74.  36.  76.]   	[ 13.43991483   3.68103846   3.68103846]	30.099 	40 	28 	2.23609 
86 	39.8406	[ 120.71287129   47.88118812   95.11881188]	[ 128.   77.  103.]	[ 67.  40.  66.]   	[ 11.4609424    4.86304946   4.86304946]	30.3861	37 	28 	1.8667  
87 	40.1146	[ 122.59405941   47.1980198    95.8019802 ]	[ 128.   61.  103.]	[ 80.  40.  82.]   	[ 8.7452145   3.49828756  3.49828756]   	30.9208	36 	28 	1.87576 
88 	41.6068	[ 122.72277228   46.98019802   96.01980198]	[ 128.   66.  101.]	[ 85.  42.  77.]   	[ 7.9604453   3.94511905  3.94511905]   	31.2673	37 	28 	1.79599 
89 	44.086 	[ 122.83168317   47.65346535   95.34653465]	[ 128.   62.  100.]	[ 83.  43.  81.]   	[ 9.70665721  3.33132639  3.33132639]   	31.4752	39 	28 	2.19628 
90 	44.8639	[ 121.12871287   48.14851485   93.43564356]	[ 128.   66.  102.]	[ 0. -0. -0.]      	[ 16.31233717   6.15699898  10.10089285]	31.3663	36 	28 	2.32814 
91 	45.394 	[ 122.00990099   48.93069307   94.06930693]	[ 128.   62.  101.]	[ 75.  42.  81.]   	[ 11.20333671   3.68367398   3.68367398]	30.8911	36 	28 	2.31611 
92 	45.6685	[ 123.63366337   48.83168317   94.16831683]	[ 128.   76.   99.]	[ 87.  44.  67.]   	[ 9.50947706  3.76820809  3.76820809]   	30.3861	36 	28 	1.89303 
93 	45.8092	[ 121.57425743   49.01980198   93.98019802]	[ 128.   65.  102.]	[ 77.  41.  78.]   	[ 13.13399831   3.81757322   3.81757322]	30.5842	39 	28 	1.95629 
94 	46.0698	[ 121.53465347   48.76237624   94.23762376]	[ 128.   60.  103.]	[ 77.  40.  83.]   	[ 12.72913891   3.43582902   3.43582902]	30.5446	38 	28 	1.76054 
95 	46.2707	[ 123.6039604    49.21782178   93.78217822]	[ 128.   65.  101.]	[ 86.  42.  78.]   	[ 9.51713328  3.6792271   3.6792271 ]   	30.703 	37 	28 	1.90125 
96 	47.1676	[ 124.3960396   48.2970297   94.7029703]   	[ 128.   63.  100.]	[ 77.  43.  80.]   	[ 7.93797641  2.85124449  2.85124449]   	30.9505	40 	28 	1.98198 
97 	46.8956	[ 122.03960396   48.02970297   93.55445545]	[ 128.   75.  103.]	[ 0. -0. -0.]      	[ 15.57093051   6.18278582  10.13324618]	30.7228	35 	28 	1.76948 
98 	46.2503	[ 123.59405941   48.14851485   94.85148515]	[ 128.   65.  104.]	[ 78.  39.  78.]   	[ 10.06826031   3.04223126   3.04223126]	31.0792	38 	28 	2.05221 
99 	46.9006	[ 123.83168317   48.00990099   94.99009901]	[ 128.   62.  103.]	[ 87.  40.  81.]   	[ 9.67089059  3.14814121  3.14814121]   	31.5842	40 	28 	2.13072 
100	47.1369	[ 123.76237624   47.45544554   95.54455446]	[ 128.   59.  104.]	[ 76.  39.  84.]   	[ 10.22339437   2.71965618   2.71965618]	31.6436	37 	28 	1.88577 
101	47.5872	[ 124.00990099   47.48514851   95.51485149]	[ 128.   61.  101.]	[ 76.  42.  82.]   	[ 9.46645464  3.09779181  3.09779181]   	31.7624	37 	28 	1.91476 
102	47.8938	[ 123.25742574   47.62376238   95.37623762]	[ 129.   73.  100.]	[ 85.  43.  70.]   	[ 9.90814593  3.99963237  3.99963237]   	32.2772	35 	28 	1.97067 
103	49.1852	[ 123.95049505   46.83168317   96.16831683]	[ 129.   63.   99.]	[ 74.  44.  80.]   	[ 8.3290928   2.93517185  2.93517185]   	33.2673	39 	18 	2.17952 
104	48.6438	[ 121.14851485   47.26732673   95.73267327]	[ 129.   70.  101.]	[ 81.  42.  73.]   	[ 12.37322736   4.2447197    4.2447197 ]	33.4257	39 	28 	1.60041 
105	49.4507	[ 123.81188119   46.79207921   96.20792079]	[ 129.   64.  101.]	[ 85.  42.  79.]   	[ 9.74904196  3.24667944  3.24667944]   	33.6337	39 	28 	1.62116 
106	50.1714	[ 124.97029703   47.12871287   95.87128713]	[ 129.   58.  106.]	[ 84.  37.  85.]   	[ 8.7149075   3.17684496  3.17684496]   	33.7129	40 	28 	1.86333 
107	50.8331	[ 124.74257426   47.68316832   95.31683168]	[ 129.   60.  103.]	[ 82.  40.  83.]   	[ 9.35933215  3.42654372  3.42654372]   	33.9307	38 	29 	1.17108 
108	50.9797	[ 124.34653465   47.98019802   95.01980198]	[ 129.   62.   99.]	[ 79.  44.  81.]   	[ 10.71173655   3.63966106   3.63966106]	34.0792	40 	28 	1.60866 
109	50.2458	[ 123.3960396    48.89108911   94.10891089]	[ 129.   76.  100.]	[ 67.  43.  67.]   	[ 11.6848715   4.9370312   4.9370312]   	33.9703	38 	28 	1.47893 
110	50.7581	[ 123.37623762   47.98019802   95.01980198]	[ 129.   62.   99.]	[ 78.  44.  81.]   	[ 11.82198948   3.13706743   3.13706743]	33.9703	39 	28 	1.47222 
111	50.3551	[ 125.44554455   48.           95.        ]	[ 129.   65.   98.]	[ 79.  45.  78.]   	[ 9.61071519  3.23960638  3.23960638]   	33.6931	38 	28 	1.8866  
112	51.9574	[ 125.97029703   47.53465347   95.46534653]	[ 129.   63.  100.]	[ 81.  43.  80.]   	[ 7.37060719  2.35705957  2.35705957]   	34.1683	40 	28 	1.35756 
113	51.8923	[ 124.51485149   47.84158416   95.15841584]	[ 129.   64.  101.]	[ 74.  42.  79.]   	[ 10.3010274    3.30236241   3.30236241]	34.198 	40 	28 	1.92441 
114	52.9794	[ 124.44554455   47.66336634   95.33663366]	[ 129.   64.  102.]	[ 80.  41.  79.]   	[ 10.73024341   2.86763168   2.86763168]	34.3861	40 	34 	1.13426 
115	52.936 	[ 125.16831683   47.45544554   95.54455446]	[ 129.   59.  103.]	[ 83.  40.  84.]   	[ 9.21156108  2.91980181  2.91980181]   	34.1188	40 	28 	1.50436 
116	53.7205	[ 126.01980198   47.           96.        ]	[ 129.   66.  104.]	[ 81.  39.  77.]   	[ 7.35517626  2.92480007  2.92480007]   	34.1485	40 	28 	1.26949 
117	53.8112	[ 125.53465347   46.86138614   96.13861386]	[ 129.   65.  103.]	[ 79.  40.  78.]   	[ 9.40987932  3.11187347  3.11187347]   	34.1683	39 	28 	1.01542 
118	53.5702	[ 124.71287129   46.59405941   96.40594059]	[ 129.   65.  107.]	[ 67.  36.  78.]   	[ 10.86035267   2.89820094   2.89820094]	34.0297	40 	28 	1.42437 
119	53.681 	[ 124.96039604   46.8019802    96.1980198 ]	[ 129.   65.  104.]	[ 78.  39.  78.]   	[ 9.03669175  3.41812236  3.41812236]   	33.9604	39 	28 	1.46862 
120	53.888 	[ 123.97029703   47.46534653   95.53465347]	[ 129.   64.  102.]	[ 77.  41.  79.]   	[ 11.72156804   3.79568373   3.79568373]	34.099 	39 	28 	1.53832 
121	53.4506	[ 122.85148515   47.86138614   95.13861386]	[ 129.   71.  103.]	[ 78.  40.  72.]   	[ 11.69190813   5.17616338   5.17616338]	33.9109	39 	28 	1.77496 
122	53.4315	[ 125.89108911   47.13861386   95.86138614]	[ 129.   76.  102.]	[ 84.  41.  67.]   	[ 6.34315877  4.40977695  4.40977695]   	34.0792	39 	28 	1.59009 
123	53.9617	[ 124.0990099    46.93069307   96.06930693]	[ 129.   62.  100.]	[ 78.  43.  81.]   	[ 11.23687789   3.36333588   3.36333588]	34.2376	39 	4  	3.27048 
124	54.7488	[ 122.56435644   47.07920792   95.92079208]	[ 129.   66.  110.]	[ 83.  33.  77.]   	[ 11.67328832   4.6515901    4.6515901 ]	34.2574	40 	28 	1.57111 
125	54.8438	[ 123.73267327   46.73267327   96.26732673]	[ 129.   63.  100.]	[ 77.  43.  80.]   	[ 11.90131958   3.16819307   3.16819307]	34.5743	39 	30 	1.23758 
126	55.0037	[ 122.84158416   47.40594059   95.59405941]	[ 129.   73.  103.]	[ 67.  40.  70.]   	[ 12.53251824   5.050592     5.050592  ]	34.6733	40 	28 	1.94534 
127	55.1672	[ 122.64356436   46.10891089   95.47524752]	[ 129.   65.  102.]	[ 0. -0. -0.]      	[ 16.861453     6.0311091   10.30869484]	34.9802	40 	28 	1.89831 
128	56.4164	[ 124.96039604   46.44554455   96.55445545]	[ 129.   74.  102.]	[ 86.  41.  69.]   	[ 9.74620596  4.41526436  4.41526436]   	35.0495	40 	27 	1.9211  
129	57.7483	[ 123.65346535   46.44554455   96.55445545]	[ 129.   74.  101.]	[ 74.  42.  69.]   	[ 11.73674575   4.56954024   4.56954024]	34.8614	40 	28 	1.49607 
130	58.5067	[ 124.5049505    45.79207921   97.20792079]	[ 129.   59.  106.]	[ 76.  37.  84.]   	[ 9.70110105  3.4707172   3.4707172 ]   	34.8119	40 	28 	1.98865 
131	59.2709	[ 123.98019802   45.92079208   97.07920792]	[ 129.   61.  106.]	[ 73.  37.  82.]   	[ 11.23112736   4.20674416   4.20674416]	35.0297	40 	28 	1.74319 
132	59.2289	[ 125.10891089   45.79207921   97.20792079]	[ 129.   61.  103.]	[ 82.  40.  82.]   	[ 9.04214663  3.64057669  3.64057669]   	35.0693	40 	28 	2.06938 
133	59.8317	[ 124.93069307   46.14851485   96.85148515]	[ 129.   65.  101.]	[ 89.  42.  78.]   	[ 9.25893459  4.55197953  4.55197953]   	35.1089	40 	28 	2.09621 
134	58.8918	[ 124.35643564   45.3960396    97.6039604 ]	[ 129.   70.  104.]	[ 77.  39.  73.]   	[ 11.11825202   3.70463774   3.70463774]	34.9901	40 	28 	1.73773 
135	60.6131	[ 125.96039604   45.58415842   97.41584158]	[ 129.   66.  101.]	[ 73.  42.  77.]   	[ 8.2688977   3.68907224  3.68907224]   	35     	40 	28 	1.65308 
136	61.7228	[ 125.4950495    46.10891089   96.89108911]	[ 129.   69.  101.]	[ 75.  42.  74.]   	[ 8.43451626  4.56612796  4.56612796]   	34.7228	40 	28 	2.21211 
137	68.1339	[ 125.84158416   44.99009901   98.00990099]	[ 129.   57.  104.]	[ 92.  39.  86.]   	[ 7.7481811   2.86147179  2.86147179]   	34.8416	40 	28 	1.69876 
138	69.6371	[ 125.40594059   45.47524752   97.52475248]	[ 129.   65.  106.]	[ 88.  37.  78.]   	[ 7.78062867  4.02367759  4.02367759]   	34.8515	40 	28 	1.97703 
139	69.0804	[ 124.1980198    45.57425743   96.00990099]	[ 129.   71.  101.]	[ 0. -0. -0.]      	[ 14.88638144   6.52542102  10.67660999]	34.396 	38 	28 	2.09705 
140	73.2574	[ 124.79207921   45.24752475   97.75247525]	[ 129.   62.  106.]	[ 74.  37.  81.]   	[ 10.18863357   4.04530272   4.04530272]	34.396 	39 	30 	1.10873 
141	75.508 	[ 123.72277228   44.52475248   98.47524752]	[ 129.   59.  109.]	[ 74.  34.  84.]   	[ 11.46939001   3.64947863   3.64947863]	34.5248	39 	29 	1.36863 
142	76.7631	[ 125.75247525   44.30693069   98.69306931]	[ 130.   66.  103.]	[ 79.  40.  77.]   	[ 8.22265157  3.58418577  3.58418577]   	34.6337	40 	34 	1.33292 
143	77.5746	[ 124.99009901   44.45544554   98.54455446]	[ 130.   61.  104.]	[ 75.  39.  82.]   	[ 9.24527715  3.41958469  3.41958469]   	34.5149	39 	34 	1.0865  
144	77.532 	[ 125.66336634   43.96039604   99.03960396]	[ 130.   61.  106.]	[ 83.  37.  82.]   	[ 9.08080036  3.62587181  3.62587181]   	34.7129	40 	34 	1.3522  
145	76.6131	[ 124.44554455   44.63366337   98.36633663]	[ 130.   73.  106.]	[ 78.  37.  70.]   	[ 10.15764381   4.7673036    4.7673036 ]	34.5842	39 	28 	1.7478  
146	77.7212	[ 124.32673267   44.51485149   98.48514851]	[ 130.   66.  104.]	[ 72.  39.  77.]   	[ 10.90381794   4.17824128   4.17824128]	34.8119	39 	34 	1.3767  
147	79.5097	[ 125.69306931   43.97029703   99.02970297]	[ 130.   61.  112.]	[ 83.  31.  82.]   	[ 8.60663177  3.23794167  3.23794167]   	34.5743	39 	31 	1.22956 
148	76.5587	[ 127.69306931   44.25742574   98.74257426]	[ 130.   58.  103.]	[ 102.   40.   85.]	[ 4.37305561  2.64258149  2.64258149]   	34.8416	39 	33 	1.333   
149	72.4399	[ 126.54455446   45.2970297    97.7029703 ]	[ 130.   70.  108.]	[ 76.  35.  73.]   	[ 8.47889021  4.35672816  4.35672816]   	34.9901	40 	31 	1.38231 
150	69.9744	[ 126.24752475   45.99009901   97.00990099]	[ 130.   64.  102.]	[ 74.  41.  79.]   	[ 9.33788826  3.78766902  3.78766902]   	34.8713	40 	28 	1.76132 
151	69.1771	[ 123.89108911   46.07920792   96.92079208]	[ 130.   68.  102.]	[ 69.  41.  75.]   	[ 13.1848255    4.13074243   4.13074243]	35.0198	40 	31 	1.16023 
152	67.6482	[ 125.13861386   46.45544554   96.54455446]	[ 130.   67.  109.]	[ 77.  34.  76.]   	[ 10.58396854   3.99386845   3.99386845]	35.0594	39 	31 	1.09745 
153	65.6731	[ 125.03960396   46.73267327   96.26732673]	[ 130.   65.  108.]	[ 89.  35.  78.]   	[ 9.48257474  4.18126678  4.18126678]   	34.9604	39 	21 	2.28174 
154	66.2957	[ 125.16831683   46.14851485   96.85148515]	[ 130.   62.  103.]	[ 85.  40.  81.]   	[ 9.47646309  3.51062359  3.51062359]   	35.2079	39 	28 	1.74808 
155	66.5898	[ 123.79207921   46.37623762   96.62376238]	[ 130.   66.  102.]	[ 79.  41.  77.]   	[ 12.9433777    4.12394958   4.12394958]	35.4653	39 	28 	1.35387 
156	66.7542	[ 127.05940594   45.           98.        ]	[ 130.   59.  104.]	[ 82.  39.  84.]   	[ 6.43293164  2.77542254  2.77542254]   	35.604 	40 	28 	1.58632 
157	67.1586	[ 125.51485149   45.18811881   97.81188119]	[ 130.   63.  103.]	[ 82.  40.  80.]   	[ 9.01551343  3.70633087  3.70633087]   	35.8119	40 	28 	1.36224 
158	66.0356	[ 124.52475248   44.81188119   98.18811881]	[ 130.   59.  108.]	[ 79.  35.  84.]   	[ 11.51116037   3.60338914   3.60338914]	35.901 	39 	28 	1.32385 
159	67.8996	[ 124.55445545   45.07920792   97.92079208]	[ 130.   67.  104.]	[ 79.  39.  76.]   	[ 11.58137396   4.48028281   4.48028281]	36.2772	40 	31 	1.30588 
160	67.707 	[ 125.65346535   44.76237624   98.23762376]	[ 130.   78.  103.]	[ 72.  40.  65.]   	[ 10.7698108    5.00128402   5.00128402]	35.9802	39 	28 	1.54138 
161	68.5514	[ 126.04950495   44.28712871   98.71287129]	[ 130.   57.  105.]	[ 78.  38.  86.]   	[ 9.8376688   3.24673982  3.24673982]   	36.297 	40 	28 	1.29389 
162	68.4877	[ 127.2970297    43.71287129   99.28712871]	[ 130.   66.  105.]	[ 83.  38.  77.]   	[ 7.76708536  3.26195177  3.26195177]   	36.2079	40 	28 	1.2131  
163	68.1091	[ 125.9009901    43.85148515   99.14851485]	[ 130.   62.  105.]	[ 83.  38.  81.]   	[ 10.08430302   4.35636814   4.35636814]	36.099 	40 	28 	1.42471 
164	70.1502	[ 127.52475248   42.59405941  100.40594059]	[ 130.   59.  105.]	[ 81.  38.  84.]   	[ 6.35515548  3.46175203  3.46175203]   	36.0891	40 	28 	1.02541 
165	70.6777	[ 126.58415842   41.82178218  101.17821782]	[ 130.   69.  105.]	[ 73.  38.  74.]   	[ 9.43898313  4.46414991  4.46414991]   	36.1584	40 	33 	0.741055
166	71.7598	[ 127.01980198   40.88118812  102.11881188]	[ 130.   61.  110.]	[ 85.  33.  82.]   	[ 8.5364451   3.59396394  3.59396394]   	36.1683	40 	35 	0.845129
167	71.141 	[ 126.25742574   40.98019802  102.01980198]	[ 130.   60.  106.]	[ 86.  37.  83.]   	[ 9.55614308  4.19093836  4.19093836]   	36.1287	40 	33 	0.804238
168	71.1405	[ 126.44554455   40.3960396   102.6039604 ]	[ 130.   57.  105.]	[ 82.  38.  86.]   	[ 8.65336339  3.1468331   3.1468331 ]   	36.1683	40 	33 	0.955125
169	72.0128	[ 127.92079208   39.83168317  103.16831683]	[ 130.   56.  110.]	[ 90.  33.  87.]   	[ 6.86025022  3.23063709  3.23063709]   	36.2079	40 	34 	0.9154  
170	73.339 	[ 127.57425743   39.76237624  103.23762376]	[ 130.   65.  110.]	[ 89.  33.  78.]   	[ 6.89575351  3.81541562  3.81541562]   	36.0396	38 	35 	0.370196
171	73.4969	[ 126.40594059   40.38613861  102.61386139]	[ 130.   62.  106.]	[ 77.  37.  81.]   	[ 9.45356365  4.2215156   4.2215156 ]   	36.1782	39 	34 	0.635517
172	73.5053	[ 126.62376238   40.30693069  102.69306931]	[ 130.   59.  108.]	[ 86.  35.  84.]   	[ 8.20872692  4.25834667  4.25834667]   	36     	39 	30 	1.17734 
173	75.1994	[ 127.6039604    39.56435644  103.43564356]	[ 130.   59.  110.]	[ 87.  33.  84.]   	[ 6.39783257  3.42505573  3.42505573]   	36.0891	40 	30 	0.845477
174	75.4678	[ 128.22772277   39.33663366  103.66336634]	[ 130.   53.  106.]	[ 87.  37.  90.]   	[ 5.11817029  2.99596173  2.99596173]   	36.0396	39 	33 	0.688243
175	75.6621	[ 127.54455446   39.18811881  103.81188119]	[ 130.   54.  108.]	[ 93.  35.  89.]   	[ 5.57136376  2.91365128  2.91365128]   	36.3069	40 	35 	0.86451 
176	75.7215	[ 124.13861386   40.84158416  102.15841584]	[ 130.   61.  106.]	[ 74.  37.  82.]   	[ 11.58612152   5.52712962   5.52712962]	36.3168	40 	31 	1.2181  
177	72.2992	[ 125.36633663   40.1980198   102.8019802 ]	[ 130.   60.  106.]	[ 70.  37.  83.]   	[ 11.44658086   5.35847585   5.35847585]	35.9901	40 	28 	1.85886 
178	73.5219	[ 125.02970297   39.56435644  103.43564356]	[ 130.   50.  108.]	[ 89.  35.  93.]   	[ 9.95679324  3.3667443   3.3667443 ]   	36.1485	40 	33 	0.800818
179	74.1725	[ 125.47524752   39.32673267  103.67326733]	[ 130.   58.  106.]	[ 69.  37.  85.]   	[ 11.9757131    4.10772976   4.10772976]	36.0495	39 	33 	0.680364
180	75.4901	[ 126.79207921   39.07920792  103.92079208]	[ 130.   57.  108.]	[ 87.  35.  86.]   	[ 8.8734969   4.11874048  4.11874048]   	35.9901	40 	35 	0.621322
181	73.9625	[ 125.76237624   39.17821782  103.82178218]	[ 130.   62.  109.]	[ 78.  34.  81.]   	[ 10.28903917   4.42628521   4.42628521]	35.8812	40 	31 	0.925835
182	74.8466	[ 128.1980198    38.75247525  104.24752475]	[ 130.   56.  108.]	[ 95.  35.  87.]   	[ 4.74293597  3.77434262  3.77434262]   	35.6931	40 	28 	1.28774 
183	74.4312	[ 124.64356436   39.75247525  103.24752475]	[ 130.   80.  108.]	[ 62.  35.  63.]   	[ 12.86224359   6.3048087    6.3048087 ]	35.7525	40 	6  	3.18538 
184	73.1353	[ 126.6039604    38.76237624  104.23762376]	[ 131.   57.  115.]	[ 77.  28.  86.]   	[ 9.51817356  4.50335082  4.50335082]   	36.0198	39 	28 	1.65894 
185	74.5069	[ 125.84158416   38.71287129  104.28712871]	[ 131.   57.  108.]	[ 82.  35.  86.]   	[ 9.40058211  3.91325909  3.91325909]   	36.0099	39 	31 	1.5764  
186	78.4205	[ 126.25742574   38.16831683  104.83168317]	[ 131.   54.  108.]	[ 78.  35.  89.]   	[ 9.56856804  2.95534189  2.95534189]   	36.3861	39 	31 	1.30475 
187	80.3594	[ 126.97029703   38.14851485  104.85148515]	[ 131.   66.  112.]	[ 70.  31.  77.]   	[ 10.54876038   3.69475448   3.69475448]	36.4851	40 	35 	1.19912 
188	81.7631	[ 127.46534653   38.73267327  104.26732673]	[ 131.   58.  110.]	[ 84.  33.  85.]   	[ 6.90037215  3.77036671  3.77036671]   	36.3168	39 	31 	1.15124 
189	84.8804	[ 126.10891089   40.02970297  102.97029703]	[ 131.   74.  108.]	[ 66.  35.  69.]   	[ 10.67420411   6.19877894   6.19877894]	36.0198	40 	28 	1.4891  
190	86.3416	[ 127.27722772   38.76237624  104.23762376]	[ 131.   57.  109.]	[ 71.  34.  86.]   	[ 9.99417535  3.23394286  3.23394286]   	36.2574	40 	35 	0.791708
191	89.176 	[ 127.67326733   38.88118812  104.11881188]	[ 131.   64.  109.]	[ 84.  34.  79.]   	[ 9.20730329  4.59936958  4.59936958]   	36.1782	40 	31 	0.94812 
192	90.1371	[ 127.71287129   38.48514851  104.51485149]	[ 131.   57.  111.]	[ 76.  32.  86.]   	[ 8.95238962  4.16399908  4.16399908]   	36.2475	40 	29 	1.52475 
193	91.6641	[ 126.69306931   38.75247525  104.24752475]	[ 131.   67.  110.]	[ 87.  33.  76.]   	[ 10.35005388   5.46529272   5.46529272]	36.2772	40 	31 	1.23576 
194	94.3692	[ 126.43564356   37.97029703  105.02970297]	[ 131.   63.  109.]	[ 69.  34.  80.]   	[ 12.24374226   5.38692117   5.38692117]	36.1485	40 	31 	0.837088
195	93.3647	[ 128.12871287   37.01980198  105.98019802]	[ 131.   51.  110.]	[ 84.  33.  92.]   	[ 8.23619561  3.66946242  3.66946242]   	36.1683	40 	31 	1.09064 
196	93.6767	[ 127.46534653   36.87128713  106.12871287]	[ 131.   64.  110.]	[ 73.  33.  79.]   	[ 11.33081696   4.62379418   4.62379418]	36.3069	40 	35 	0.951732
197	93.6152	[ 127.43564356   36.72277228  106.27722772]	[ 131.   58.  110.]	[ 83.  33.  85.]   	[ 9.34213901  4.36484337  4.36484337]   	36.2277	40 	33 	1.01358 
198	93.8601	[ 125.95049505   36.89108911  106.10891089]	[ 131.   54.  111.]	[ 74.  32.  89.]   	[ 12.67052105   4.5115934    4.5115934 ]	36.1881	40 	31 	1.00211 
199	94.3833	[ 128.00990099   36.62376238  106.37623762]	[ 131.   63.  110.]	[ 91.  33.  80.]   	[ 7.66694725  4.91482197  4.91482197]   	36.3366	40 	33 	1.14561 
200	93.5852	[ 127.36633663   36.44554455  106.55445545]	[ 131.   60.  112.]	[ 73.  31.  83.]   	[ 10.35864089   4.62339134   4.62339134]	36.3267	40 	29 	1.55499 
201	94.093 	[ 127.74257426   36.21782178  106.78217822]	[ 131.   54.  110.]	[ 79.  33.  89.]   	[ 9.25935809  4.40207863  4.40207863]   	36.0198	40 	31 	1.16023 
202	95.4606	[ 126.86138614   36.27722772  106.72277228]	[ 131.   67.  110.]	[ 78.  33.  76.]   	[ 10.59985961   5.04066397   5.04066397]	36.2376	40 	33 	1.18696 
203	95.0456	[ 127.64356436   35.91089109  107.08910891]	[ 131.   57.  111.]	[ 68.  32.  86.]   	[ 9.27103886  4.20301403  4.20301403]   	36.0099	40 	19 	2.19583 
204	96.5944	[ 127.37623762   35.89108911  107.10891089]	[ 131.   66.  111.]	[ 78.  32.  77.]   	[ 10.56788661   5.50769217   5.50769217]	36.3465	40 	31 	1.47209 
205	99.2008	[ 128.02970297   34.93069307  108.06930693]	[ 131.   57.  111.]	[ 76.  32.  86.]   	[ 9.25914634  4.22921809  4.22921809]   	36.2772	40 	35 	1.07278 
206	100.009	[ 128.03960396   34.97029703  108.02970297]	[ 131.   57.  111.]	[ 75.  32.  86.]   	[ 8.78896787  4.00360097  4.00360097]   	36.3465	39 	35 	1.10297 
207	101.127	[ 128.92079208   34.76237624  108.23762376]	[ 131.   53.  112.]	[ 106.   31.   90.]	[ 4.79827355  3.34826249  3.34826249]   	36.6337	39 	35 	1.24855 
208	101.802	[ 127.08910891   35.40594059  107.59405941]	[ 132.   60.  111.]	[ 79.  32.  83.]   	[ 10.07801156   4.92151916   4.92151916]	36.6535	40 	33 	1.43116 
209	104.33 	[ 129.25742574   34.26732673  108.73267327]	[ 131.   52.  111.]	[ 77.  32.  91.]   	[ 6.06671403  3.08907718  3.08907718]   	36.7327	40 	35 	1.25778 
210	103.359	[ 127.63366337   34.11881188  108.88118812]	[ 131.   53.  111.]	[ 77.  32.  90.]   	[ 9.83298427  3.64049591  3.64049591]   	36.4257	40 	32 	1.17184 
211	104.703	[ 128.26732673   33.89108911  109.10891089]	[ 131.   68.  115.]	[ 87.  28.  75.]   	[ 8.42308366  4.48738825  4.48738825]   	36.2871	40 	35 	0.904736
212	104.918	[ 128.91089109   33.82178218  109.17821782]	[ 132.   61.  112.]	[ 66.  31.  82.]   	[ 7.94423511  4.00098018  4.00098018]   	36.0594	39 	6  	3.13341 
213	105.315	[ 127.02970297   34.7029703   108.2970297 ]	[ 132.   72.  111.]	[ 80.  32.  71.]   	[ 10.73114782   6.42172142   6.42172142]	36.1287	39 	5  	3.24774 
214	106.532	[ 128.36633663   34.2970297   108.7029703 ]	[ 132.   58.  111.]	[ 95.  32.  85.]   	[ 7.01303281  4.44224668  4.44224668]   	36.5941	40 	36 	1.10066 
215	107.582	[ 128.83168317   34.45544554  108.54455446]	[ 132.   50.  112.]	[ 92.  31.  93.]   	[ 5.67968293  3.68976307  3.68976307]   	36.4851	40 	36 	0.960753
216	106.862	[ 128.65346535   34.5049505   108.4950495 ]	[ 132.   49.  112.]	[ 80.  31.  94.]   	[ 6.34711386  3.67658839  3.67658839]   	36.4158	39 	35 	0.81164 
217	106.93 	[ 127.04950495   35.2970297   107.7029703 ]	[ 132.   56.  112.]	[ 84.  31.  87.]   	[ 10.6346866    4.66192616   4.66192616]	36.4257	39 	35 	0.836619
218	107.663	[ 128.57425743   35.11881188  107.88118812]	[ 132.   59.  112.]	[ 87.  31.  84.]   	[ 8.24062207  4.5647967   4.5647967 ]   	36.3762	39 	36 	0.806551
219	106.073	[ 129.57425743   35.24752475  107.75247525]	[ 132.   63.  111.]	[ 95.  32.  80.]   	[ 5.95086571  4.20609162  4.20609162]   	36.3267	40 	36 	0.809705
220	106.801	[ 127.9009901    35.85148515  107.14851485]	[ 132.   55.  111.]	[ 87.  32.  88.]   	[ 9.67850016  4.43296861  4.43296861]   	36.2871	40 	36 	0.800206
221	107.388	[ 129.           35.61386139  107.38613861]	[ 132.   64.  112.]	[ 80.  31.  79.]   	[ 8.57465757  4.72610257  4.72610257]   	36.4059	40 	35 	0.945843
222	108.402	[ 130.31683168   34.75247525  108.24752475]	[ 132.   66.  111.]	[ 90.  32.  77.]   	[ 6.45614404  4.05996132  4.05996132]   	36.2673	40 	36 	0.769352
223	107.884	[ 130.0990099   34.3960396  108.6039604]   	[ 132.   48.  111.]	[ 101.   32.   95.]	[ 5.37965539  2.88416368  2.88416368]   	36.2178	40 	36 	0.725818
224	107.801	[ 129.21782178   34.79207921  108.20792079]	[ 132.   56.  111.]	[ 85.  32.  87.]   	[ 7.87350987  4.25735667  4.25735667]   	36.2673	39 	36 	0.756373
225	106.854	[ 127.26732673   35.2970297   107.7029703 ]	[ 132.   66.  111.]	[ 77.  32.  77.]   	[ 12.0015602    5.95119516   5.95119516]	35.8812	40 	6  	3.0549  
226	107.446	[ 129.08910891   34.2970297   108.7029703 ]	[ 132.   52.  111.]	[ 86.  32.  91.]   	[ 8.34657576  3.59742635  3.59742635]   	36.2277	40 	36 	0.729589
227	107.549	[ 129.77227723   33.75247525  109.24752475]	[ 132.   54.  111.]	[ 82.  32.  89.]   	[ 8.06026949  3.84194139  3.84194139]   	36.2079	40 	36 	0.664769
228	107.968	[ 126.72277228   35.25742574  107.74257426]	[ 132.   61.  111.]	[ 86.  32.  82.]   	[ 11.40098902   6.17188365   6.17188365]	36.495 	40 	36 	1.02081 
229	109.357	[ 128.62376238   34.45544554  108.54455446]	[ 132.   60.  113.]	[ 80.  30.  83.]   	[ 9.66144884  5.40905869  5.40905869]   	36.7822	40 	36 	1.23964 
230	107.718	[ 128.11881188   34.99009901  108.00990099]	[ 132.   66.  111.]	[ 88.  32.  77.]   	[ 9.36951781  5.99916669  5.99916669]   	36.8713	40 	36 	1.15753 
231	109.389	[ 130.1980198    33.72277228  109.27722772]	[ 132.   54.  111.]	[ 98.  32.  89.]   	[ 5.69004655  3.38639916  3.38639916]   	36.9307	40 	36 	1.17108 
232	109.91 	[ 129.33663366   34.11881188  108.88118812]	[ 132.   47.  112.]	[ 94.  31.  96.]   	[ 6.3343746   2.99929737  2.99929737]   	37.0891	40 	36 	1.19487 
233	108.84 	[ 127.35643564   35.3960396   107.6039604 ]	[ 132.   72.  112.]	[ 81.  31.  71.]   	[ 12.06466419   6.68984632   6.68984632]	37.3564	40 	36 	1.35401 
234	110.338	[ 127.38613861   35.33663366  107.66336634]	[ 132.   64.  112.]	[ 71.  31.  79.]   	[ 11.60485584   5.7836869    5.7836869 ]	37.505 	40 	36 	1.39038 
235	111.124	[ 128.94059406   34.55445545  108.44554455]	[ 132.   58.  112.]	[ 71.  31.  85.]   	[ 8.64345661  3.7083669   3.7083669 ]   	37.8614	40 	36 	1.48943 
236	111.025	[ 129.77227723   34.27722772  108.72277228]	[ 132.   56.  112.]	[ 85.  31.  87.]   	[ 7.35773478  4.30776139  4.30776139]   	38.0891	40 	36 	1.53571 
237	111.606	[ 129.44554455   33.68316832  109.31683168]	[ 132.   59.  112.]	[ 80.  31.  84.]   	[ 7.85320172  3.7335267   3.7335267 ]   	38.5842	40 	36 	1.28408 
238	112.267	[ 130.24752475   33.1980198   109.8019802 ]	[ 132.   45.  113.]	[ 106.   30.   98.]	[ 4.41510894  2.63645352  2.63645352]   	38.6535	40 	36 	1.26206 
239	112.908	[ 128.91089109   33.45544554  109.54455446]	[ 132.   58.  112.]	[ 83.  31.  85.]   	[ 8.70085805  4.32016857  4.32016857]   	38.7327	40 	36 	1.20962 
240	113.149	[ 129.77227723   33.0990099   109.9009901 ]	[ 132.   58.  112.]	[ 92.  31.  85.]   	[ 6.080127    3.72443085  3.72443085]   	38.7228	40 	36 	1.35061 
241	112.4  	[ 128.77227723   34.14851485  108.85148515]	[ 132.   55.  112.]	[ 84.  31.  88.]   	[ 8.75280005  5.34064582  5.34064582]   	39.2178	40 	36 	1.26338 
242	112.492	[ 129.40594059   33.41584158  109.58415842]	[ 132.   47.  112.]	[ 88.  31.  96.]   	[ 6.41652912  3.70514047  3.70514047]   	39.5545	40 	36 	1.10333 
243	112.208	[ 129.61386139   32.85148515  110.14851485]	[ 132.   56.  112.]	[ 91.  31.  87.]   	[ 7.08221912  3.43651371  3.43651371]   	39.6832	40 	36 	1.08025 
244	111.437	[ 129.17821782   33.28712871  109.71287129]	[ 132.   57.  112.]	[ 88.  31.  86.]   	[ 7.48912881  4.33575198  4.33575198]   	39.4455	40 	36 	1.38217 
245	112.59 	[ 129.34653465   33.27722772  109.72277228]	[ 132.   62.  112.]	[ 82.  31.  81.]   	[ 7.74524529  4.62476933  4.62476933]   	39.6931	40 	36 	1.05063 
246	113.701	[ 129.76237624   33.02970297  109.97029703]	[ 132.   62.  112.]	[ 96.  31.  81.]   	[ 5.58134892  4.2226533   4.2226533 ]   	39.7723	40 	36 	0.910676
247	113.714	[ 129.96039604   32.63366337  110.36633663]	[ 132.   45.  112.]	[ 85.  31.  98.]   	[ 6.16268039  2.66893672  2.66893672]   	39.802 	40 	36 	0.867679
248	114.516	[ 128.35643564   33.88118812  109.11881188]	[ 132.   61.  112.]	[ 72.  31.  82.]   	[ 9.72145138  5.85516127  5.85516127]   	39.9208	40 	36 	0.557277
249	113.596	[ 128.43564356   33.67326733  109.32673267]	[ 132.   55.  113.]	[ 85.  30.  88.]   	[ 8.77035493  4.6333037   4.6333037 ]   	39.7228	40 	36 	1.0159  
250	115.117	[ 128.31683168   33.47524752  109.52475248]	[ 132.   61.  112.]	[ 70.  31.  82.]   	[ 10.78863602   4.85756338   4.85756338]	39.8911	40 	36 	0.595378
251	115.928	[ 127.20792079   34.06930693  108.93069307]	[ 132.   59.  112.]	[ 75.  31.  84.]   	[ 11.31398577   5.357067     5.357067  ]	39.8812	40 	36 	0.550196
252	115.886	[ 129.34653465   33.22772277  109.77227723]	[ 132.   57.  112.]	[ 88.  31.  86.]   	[ 6.99000084  4.21191424  4.21191424]   	39.9208	40 	38 	0.390054
253	113.62 	[ 127.63366337   34.20792079  108.79207921]	[ 132.   53.  112.]	[ 92.  31.  90.]   	[ 9.60581793  5.28460651  5.28460651]   	39.7426	40 	36 	0.828376
254	115.647	[ 130.20792079   32.69306931  110.30693069]	[ 132.   55.  112.]	[ 96.  31.  88.]   	[ 5.71313725  3.97203735  3.97203735]   	39.7921	40 	37 	0.634282
255	114.011	[ 128.55445545   33.6039604   109.3960396 ]	[ 132.   59.  114.]	[ 89.  29.  84.]   	[ 8.54745084  5.4863994   5.4863994 ]   	39.6931	40 	36 	0.930693
256	116.154	[ 127.78217822   32.74257426  108.84158416]	[ 132.   54.  115.]	[ 0. -0. -0.]      	[ 15.6329203    5.34855114  11.67694918]	39.8317	40 	37 	0.581383
257	116.907	[ 129.74257426   32.81188119  110.18811881]	[ 132.   57.  112.]	[ 90.  31.  86.]   	[ 6.47562599  3.95447577  3.95447577]   	39.8614	40 	37 	0.5634  
258	115.192	[ 129.54455446   32.92079208  110.07920792]	[ 132.   49.  115.]	[ 93.  28.  94.]   	[ 6.53327318  3.45460854  3.45460854]   	39.6733	40 	37 	0.868696
259	115.177	[ 128.46534653   33.71287129  109.28712871]	[ 132.   60.  113.]	[ 87.  30.  83.]   	[ 8.78743968  5.03126194  5.03126194]   	39.495 	40 	36 	1.09566 
260	115.206	[ 127.59405941   33.82178218  109.17821782]	[ 132.   64.  112.]	[ 81.  31.  79.]   	[ 11.42619729   6.17788461   6.17788461]	39.4257	40 	36 	1.11999 
261	116.242	[ 128.72277228   33.23762376  109.76237624]	[ 132.   59.  114.]	[ 71.  29.  84.]   	[ 9.71078691  4.66108498  4.66108498]   	39.4158	40 	37 	1.1281  
262	115.393	[ 129.40594059   33.21782178  109.78217822]	[ 132.   63.  112.]	[ 84.  31.  80.]   	[ 7.16036702  4.5065496   4.5065496 ]   	39.4851	40 	36 	1.12235 
263	117.347	[ 128.81188119   33.87128713  109.12871287]	[ 132.   53.  112.]	[ 90.  31.  90.]   	[ 7.7825813  4.9325417  4.9325417]      	39.5644	40 	36 	1.09378 
264	118.761	[ 129.72277228   33.16831683  109.83168317]	[ 132.   49.  113.]	[ 104.   30.   94.]	[ 4.78056878  3.76031731  3.76031731]   	39.8317	40 	36 	0.758703
265	120.366	[ 130.15841584   32.68316832  110.31683168]	[ 132.   44.  113.]	[ 112.   30.   99.]	[ 3.60344355  2.28612125  2.28612125]   	39.7822	40 	36 	0.827784
266	120.651	[ 130.32673267   32.82178218  110.17821782]	[ 132.   52.  112.]	[ 90.  31.  91.]   	[ 6.08049782  3.56105458  3.56105458]   	39.8911	40 	36 	0.561134
267	119.343	[ 129.85148515   32.77227723  110.22772277]	[ 132.   57.  112.]	[ 91.  31.  86.]   	[ 6.51940916  3.57350312  3.57350312]   	39.901 	40 	37 	0.456091
268	119.184	[ 128.35643564   33.4950495   109.5049505 ]	[ 132.   63.  114.]	[ 81.  29.  80.]   	[ 8.61219968  5.053425    5.053425  ]   	39.8614	40 	36 	0.645314
269	120.26 	[ 128.13861386   33.48514851  109.51485149]	[ 132.   58.  115.]	[ 76.  28.  85.]   	[ 9.80808891  4.48896085  4.48896085]   	39.9109	40 	36 	0.489474
270	120.878	[ 128.68316832   33.69306931  109.30693069]	[ 132.   63.  114.]	[ 79.  29.  80.]   	[ 8.74946187  4.67930471  4.67930471]   	39.7921	40 	34 	0.893506
271	120.336	[ 126.66336634   33.94059406  107.64356436]	[ 132.   59.  112.]	[ 0. -0. -0.]      	[ 15.93506454   6.13191906  11.91436786]	39.8119	40 	36 	0.779856
272	121.594	[ 127.           34.51485149  108.48514851]	[ 132.   61.  113.]	[ 64.  30.  82.]   	[ 12.60991281   5.80306143   5.80306143]	39.8713	40 	36 	0.591413
273	123.714	[ 128.55445545   33.87128713  109.12871287]	[ 132.   70.  112.]	[ 80.  31.  73.]   	[ 9.82568391  5.8541064   5.8541064 ]   	39.9802	40 	38 	0.19802 
274	124.992	[ 128.82178218   33.41584158  109.58415842]	[ 132.   57.  112.]	[ 66.  31.  86.]   	[ 10.4126694    4.47936374   4.47936374]	40     	40 	40 	0       
275	122.779	[ 128.14851485   33.73267327  109.26732673]	[ 132.   65.  112.]	[ 85.  31.  78.]   	[ 10.39076717   6.00971341   6.00971341]	39.901 	40 	36 	0.571691
276	123.026	[ 130.2970297    32.85148515  110.14851485]	[ 132.   56.  112.]	[ 103.   31.   87.]	[ 4.32250513  3.91085349  3.91085349]   	39.9604	40 	37 	0.312156
277	123.387	[ 129.03960396   33.7029703   109.2970297 ]	[ 132.   65.  114.]	[ 69.  29.  78.]   	[ 9.25750516  6.11530227  6.11530227]   	39.9604	40 	36 	0.39604 
278	124.039	[ 128.45544554   33.44554455  109.55445545]	[ 132.   68.  114.]	[ 81.  29.  75.]   	[ 9.75494264  5.80794138  5.80794138]   	39.9505	40 	36 	0.407267
279	122.357	[ 130.22772277   32.72277228  110.27722772]	[ 132.   53.  114.]	[ 76.  29.  90.]   	[ 6.86918962  3.77096466  3.77096466]   	39.9109	40 	31 	0.891089
280	120.927	[ 128.9009901    32.54455446  110.45544554]	[ 132.   66.  114.]	[ 74.  29.  77.]   	[ 9.68259125  4.86760305  4.86760305]   	39.9307	40 	36 	0.492668
281	119.062	[ 128.27722772   33.20792079  109.79207921]	[ 132.   58.  114.]	[ 81.  29.  85.]   	[ 9.6196157   5.76145752  5.76145752]   	39.9109	40 	36 	0.564617
282	119.005	[ 129.11881188   32.5049505   110.4950495 ]	[ 132.   59.  114.]	[ 79.  29.  84.]   	[ 8.77585248  5.37803336  5.37803336]   	39.7228	40 	36 	0.98623 
283	116.707	[ 127.52475248   32.99009901  110.00990099]	[ 132.   63.  114.]	[ 81.  29.  80.]   	[ 11.15293689   6.40002328   6.40002328]	39.8713	40 	36 	0.639668
284	116.349	[ 130.54455446   31.6039604   111.3960396 ]	[ 132.   48.  114.]	[ 115.   29.   95.]	[ 3.6384219   3.70463774  3.70463774]   	39.9109	40 	36 	0.564617
285	117.002	[ 129.65346535   32.02970297  110.97029703]	[ 132.   58.  114.]	[ 93.  29.  85.]   	[ 6.62194917  5.04132515  5.04132515]   	40     	40 	40 	0       
286	117.276	[ 129.01980198   31.72277228  111.27722772]	[ 132.   57.  114.]	[ 72.  29.  86.]   	[ 9.82921509  4.46353501  4.46353501]   	39.9604	40 	36 	0.39604 
287	116.36 	[ 129.02970297   32.23762376  110.76237624]	[ 132.   62.  114.]	[ 93.  29.  81.]   	[ 7.52481761  6.01507761  6.01507761]   	39.9307	40 	36 	0.450685
288	116.426	[ 129.63366337   31.72277228  111.27722772]	[ 132.   58.  114.]	[ 81.  29.  85.]   	[ 6.93923095  4.69910211  4.69910211]   	39.9406	40 	34 	0.594059
289	116.031	[ 129.01980198   31.91089109  111.08910891]	[ 132.   65.  114.]	[ 73.  29.  78.]   	[ 8.37722064  5.50445186  5.50445186]   	39.9604	40 	38 	0.240494
290	116.173	[ 130.22772277   31.24752475  111.75247525]	[ 132.   49.  114.]	[ 86.  29.  94.]   	[ 5.82055284  3.01614776  3.01614776]   	39.9802	40 	39 	0.139319
291	116.71 	[ 128.3960396    31.84158416  111.15841584]	[ 132.   50.  114.]	[ 78.  29.  93.]   	[ 10.083885     4.55925275   4.55925275]	39.9802	40 	39 	0.139319
292	117.562	[ 129.92079208   31.48514851  111.51485149]	[ 132.   47.  114.]	[ 80.  29.  96.]   	[ 6.96765251  3.58383019  3.58383019]   	39.9604	40 	36 	0.39604 
293	117.735	[ 128.83168317   32.0990099   110.9009901 ]	[ 132.   61.  114.]	[ 83.  29.  82.]   	[ 8.85982065  5.67869904  5.67869904]   	39.8119	40 	36 	0.829086
294	118.452	[ 129.73267327   31.26732673  111.73267327]	[ 132.   63.  115.]	[ 66.  28.  80.]   	[ 9.38282726  4.68173423  4.68173423]   	39.8614	40 	34 	0.808736
295	118.364	[ 128.72277228   31.86138614  111.13861386]	[ 132.   64.  114.]	[ 78.  29.  79.]   	[ 10.20688839   5.46823356   5.46823356]	39.9208	40 	36 	0.557277
296	119.075	[ 129.41584158   30.26732673  111.31683168]	[ 132.   58.  114.]	[ 0. -0. -0.]      	[ 13.95414508   4.63497485  11.67202859]	39.9604	40 	36 	0.39604 
297	118.81 	[ 128.71287129   32.63366337  110.36633663]	[ 132.   63.  114.]	[ 88.  29.  80.]   	[ 8.69088134  6.32255552  6.32255552]   	39.8416	40 	36 	0.780108
298	118.863	[ 128.9009901    32.01980198  110.98019802]	[ 132.   59.  114.]	[ 76.  29.  84.]   	[ 9.07450454  5.25013946  5.25013946]   	39.7723	40 	36 	0.910676
299	121.027	[ 127.47524752   32.8019802   110.1980198 ]	[ 132.   63.  114.]	[ 72.  29.  80.]   	[ 12.41174313   7.16014796   7.16014796]	39.9505	40 	36 	0.407267