   	       	                                                              fitness                                                              	               size              
   	       	-----------------------------------------------------------------------------------------------------------------------------------	---------------------------------
gen	time   	avg                          	max                          	min                                	std                        	avg    	max	min	std      
0  	101.913	[  0.12562536  94.17821782]  	[   0.24189526  180.        ]	[ 0.  0.]                          	[  0.06213324  53.2692388 ]	2.66337	10 	1  	2.09798  
1  	124.73 	[  0.14992457  92.97029703]  	[   0.2557377  180.       ]  	[ 0.  0.]                          	[  0.06355533  45.05056685]	3.91089	9  	1  	2.56441  
2  	148.217	[  0.17418125  99.30693069]  	[   0.25751073  180.        ]	[ 0.  0.]                          	[  0.06225741  39.38455811]	4.45545	10 	1  	2.82676  
3  	143.448	[   0.17407659  104.07920792]	[   0.26984127  180.        ]	[ 0.  0.]                          	[  0.071484    45.84188995]	5.68317	10 	1  	2.99812  
4  	148.954	[   0.18689989  104.71287129]	[   0.26984127  180.        ]	[ 0.  0.]                          	[  0.05909636  38.33085168]	6.38614	10 	1  	2.77888  
5  	155.914	[  0.19105507  99.18811881]  	[   0.26984127  180.        ]	[ 0.  0.]                          	[  0.06876002  38.98431085]	7.10891	10 	1  	2.74638  
6  	145.274	[  0.18915189  98.06930693]  	[   0.26984127  180.        ]	[ 0.  0.]                          	[  0.07027947  40.09253095]	6.91089	10 	1  	2.65546  
7  	158.828	[  0.20587731  91.15841584]  	[   0.26984127  180.        ]	[ 0.  0.]                          	[  0.06434497  35.4724081 ]	7.58416	10 	1  	2.41803  
8  	167.18 	[  0.20096125  89.25742574]  	[   0.26984127  180.        ]	[ 0.  0.]                          	[  0.06846815  35.03708176]	8.20792	10 	1  	2.0359   
9  	178.624	[  0.22452267  91.18811881]  	[   0.26984127  180.        ]	[ 0.04517134  8.        ]          	[  0.04880041  28.66388105]	8.43564	10 	1  	1.69107  
10 	181.841	[  0.2286776   87.52475248]  	[   0.26984127  180.        ]	[ 0.  0.]                          	[  0.05132992  21.66559259]	8.30693	10 	1  	2.19244  
11 	173.744	[  0.21777013  83.58415842]  	[   0.26984127  180.        ]	[ 0.  0.]                          	[  0.06611936  30.22695254]	8.61386	10 	1  	1.97995  
12 	182.56 	[  0.23201652  85.05940594]  	[   0.26984127  146.        ]	[ 0.  0.]                          	[  0.04767861  18.65519426]	8.53465	10 	1  	1.72095  
13 	177.33 	[  0.21951029  85.88118812]  	[   0.26984127  180.        ]	[ 0.  0.]                          	[  0.06045336  28.26546265]	8.68317	10 	1  	1.72879  
14 	184.355	[  0.22489275  90.83168317]  	[   0.26984127  180.        ]	[ 0.01086957  1.        ]          	[  0.053107    28.44486392]	8.63366	10 	1  	1.95353  
15 	184.382	[  0.22612547  80.32673267]  	[   0.26984127  162.        ]	[ 0.  0.]                          	[  0.05974086  23.81949817]	8.76238	10 	1  	2.10679  
16 	186.417	[  0.22839295  84.07920792]  	[   0.271875  180.      ]    	[ 0.  0.]                          	[  0.05384198  22.82203346]	8.9604 	10 	1  	1.63453  
17 	186.859	[  0.23170401  87.07920792]  	[   0.271875  180.      ]    	[ 0.  0.]                          	[  0.04965123  22.50970447]	9.0396 	10 	4  	1.50853  
18 	190.754	[  0.23818899  89.25742574]  	[   0.271875  180.      ]    	[ 0.  0.]                          	[  0.04171238  19.94976536]	9.41584	10 	5  	0.693211 
19 	203.221	[  0.25113208  89.30693069]  	[   0.271875  180.      ]    	[  0.09857612  46.        ]        	[  0.02333051  14.779396  ]	9.46535	10 	3  	0.839193 
20 	202.515	[  0.25086515  89.12871287]  	[   0.271875  140.      ]    	[  0.12414837  45.        ]        	[  0.0187539  10.3384923]  	9.48515	10 	8  	0.519212 
21 	190.523	[  0.24094094  90.16831683]  	[   0.271875  157.      ]    	[  0.08813559  14.        ]        	[  0.04373385  18.62398608]	9.46535	10 	8  	0.518267 
22 	201.803	[  0.24770912  89.11881188]  	[   0.271875  180.      ]    	[ 0.01081081  1.        ]          	[  0.03758687  15.79151742]	9.47525	10 	9  	0.499387 
23 	198.51 	[  0.24818834  89.02970297]  	[   0.271875  180.      ]    	[ 0.03030303  3.        ]          	[  0.03686401  13.83885722]	9.41584	10 	6  	0.664031 
24 	194.753	[  0.24313223  90.30693069]  	[   0.27848101  180.        ]	[  0.08371525  17.        ]        	[  0.04237492  17.50798549]	9.48515	10 	5  	0.698143 
25 	201.595	[  0.24878233  89.34653465]  	[   0.27848101  141.        ]	[ 0.  0.]                          	[  0.03816266  14.45747307]	9.65347	10 	9  	0.475866 
26 	202.261	[  0.25144893  89.85148515]  	[   0.27848101  103.        ]	[ 0.05025126  5.        ]          	[  0.02853736  10.65794561]	9.71287	10 	8  	0.473801 
27 	206.186	[  0.25421836  89.14851485]  	[   0.27848101  104.        ]	[ 0.  0.]                          	[  0.02951292  13.42923229]	9.64356	10 	8  	0.518646 
28 	192.137	[  0.24721102  88.99009901]  	[   0.27848101  180.        ]	[ 0.07511737  8.        ]          	[  0.03471769  16.98484767]	9.70297	10 	8  	0.498404 
29 	197.407	[  0.25622893  90.24752475]  	[   0.27848101  180.        ]	[  0.09857612  74.        ]        	[  0.02202434  10.57027959]	9.66337	10 	7  	0.531712 
30 	198.855	[  0.25659408  89.52475248]  	[   0.27848101  140.        ]	[  0.13806706  61.        ]        	[ 0.01570885  7.48277766]  	9.78218	10 	9  	0.412766 
31 	188.057	[  0.24509623  92.        ]  	[   0.27848101  180.        ]	[  0.08794974  20.        ]        	[  0.04378683  22.29283062]	9.68317	10 	5  	0.688386 
32 	194.386	[  0.25130905  87.78217822]  	[   0.27848101  117.        ]	[  0.08368201  10.        ]        	[  0.03315302  13.43086733]	9.62376	10 	7  	0.642573 
33 	184.881	[  0.24550028  88.26732673]  	[   0.27848101  180.        ]	[ 0.  0.]                          	[  0.05084718  23.90239687]	9.63366	10 	5  	0.754167 
34 	187.934	[  0.23872182  87.17821782]  	[   0.27848101  180.        ]	[ 0.  0.]                          	[  0.05823727  22.21291928]	9.67327	10 	5  	0.732673 
35 	193.664	[  0.24978075  91.73267327]  	[   0.27848101  180.        ]	[  0.09098521  70.        ]        	[  0.03846715  19.35233048]	9.58416	10 	5  	0.748164 
36 	187.251	[  0.24891441  89.95049505]  	[   0.27848101  180.        ]	[ 0.  0.]                          	[  0.04602845  18.77135813]	9.48515	10 	5  	0.907765 
37 	182.176	[  0.24509165  89.81188119]  	[   0.27848101  180.        ]	[  0.08547009  10.        ]        	[  0.04356455  20.61322889]	9.55446	10 	7  	0.710254 
38 	194.961	[  0.25521005  87.12871287]  	[   0.27884615  138.        ]	[  0.05393586  37.        ]        	[ 0.03178881  9.04517088]  	9.67327	10 	4  	0.719033 
39 	188.193	[  0.24083065  86.58415842]  	[   0.27936508  180.        ]	[ 0.  0.]                          	[  0.05885035  21.36262459]	9.58416	10 	5  	0.786864 
40 	185.096	[  0.24788008  86.68316832]  	[   0.27936508  155.        ]	[ 0.  0.]                          	[  0.04341799  15.75614335]	9.29703	10 	5  	1.04876  
41 	194.575	[  0.24916504  91.51485149]  	[   0.27964602  180.        ]	[  0.09159453  76.        ]        	[  0.0402043   16.75012272]	9.47525	10 	5  	0.980948 
42 	190.804	[  0.2459996   84.87128713]  	[   0.27936508  108.        ]	[ 0.  0.]                          	[  0.04734456  14.6758125 ]	9.52475	10 	5  	0.885461 
43 	193.718	[  0.25779859  87.92079208]  	[   0.27936508  180.        ]	[  0.09857612  68.        ]        	[ 0.02273349  9.87915414]  	9.66337	10 	7  	0.531712 
44 	184.343	[  0.24746076  86.95049505]  	[   0.28239845  180.        ]	[ 0.  0.]                          	[  0.04799751  16.59856623]	9.49505	10 	6  	0.726088 
45 	184.803	[  0.24412218  86.17821782]  	[   0.28239845  180.        ]	[ 0.  0.]                          	[  0.05224588  20.55776505]	9.51485	10 	4  	0.851485 
46 	189.336	[  0.2497965  88.9009901]    	[   0.28239845  180.        ]	[ 0.  0.]                          	[  0.04240485  19.01562929]	9.45545	10 	5  	0.777464 
47 	189.002	[  0.25020504  84.78217822]  	[   0.28239845  180.        ]	[ 0.  0.]                          	[  0.03963169  18.69537136]	9.50495	10 	5  	0.918714 
48 	183.73 	[  0.24678099  87.12871287]  	[   0.28239845  180.        ]	[ 0.  0.]                          	[  0.04536763  17.63696802]	9.57426	10 	5  	0.812605 
49 	187.01 	[  0.25080428  87.69306931]  	[   0.28239845  171.        ]	[  0.09447069  16.        ]        	[  0.03772564  16.17646657]	9.51485	10 	6  	0.863035 
50 	185.883	[  0.24747597  85.45544554]  	[   0.28239845  118.        ]	[ 0.  0.]                          	[  0.05137862  15.64236742]	9.67327	10 	7  	0.546979 
51 	185.177	[  0.24606898  87.87128713]  	[   0.28239845  180.        ]	[ 0.  0.]                          	[  0.04396519  19.84427661]	9.60396	10 	5  	0.758832 
52 	186.728	[  0.25195948  86.14851485]  	[   0.28239845  180.        ]	[ 0.  0.]                          	[  0.04435407  16.42528004]	9.69307	10 	6  	0.65616  
53 	189.675	[  0.25401307  86.73267327]  	[   0.28239845  180.        ]	[ 0.01069519  1.        ]          	[  0.03431866  13.40525321]	9.49505	10 	4  	0.981248 
54 	190.348	[  0.2526988   86.94059406]  	[   0.28239845  180.        ]	[ 0.  0.]                          	[  0.03771608  15.21777347]	9.58416	10 	6  	0.693211 
55 	179.626	[  0.25293037  88.61386139]  	[   0.28239845  180.        ]	[  0.09857612  18.        ]        	[  0.0381302   18.38422176]	9.49505	10 	5  	1.00122  
56 	175.894	[  0.24172078  87.44554455]  	[   0.28239845  180.        ]	[ 0.  0.]                          	[  0.055553    25.98265806]	9.42574	10 	5  	0.904844 
57 	182.237	[  0.24314068  88.45544554]  	[   0.28239845  180.        ]	[ 0.  0.]                          	[  0.05177802  24.40318302]	9.40594	10 	5  	0.880799 
58 	186.205	[  0.25492676  89.83168317]  	[   0.28239845  180.        ]	[  0.09857612  68.        ]        	[  0.02747043  13.91563641]	9.58416	10 	6  	0.734811 
59 	189.292	[  0.25185144  88.9009901 ]  	[   0.28239845  180.        ]	[  0.0952381  11.       ]          	[  0.03888377  19.58555992]	9.60396	10 	7  	0.546441 
60 	193.461	[  0.25149797  90.18811881]  	[   0.28239845  180.        ]	[  0.09857612  52.        ]        	[  0.03488134  14.64613143]	9.49505	10 	5  	1.03046  
61 	198.326	[  0.25368023  88.76237624]  	[   0.28239845  170.        ]	[  0.07788434  49.        ]        	[  0.03345395  11.73987747]	9.61386	10 	5  	0.808008 
62 	196.314	[  0.25099197  86.42574257]  	[   0.28239845  180.        ]	[ 0.  0.]                          	[  0.03790338  17.30412103]	9.59406	10 	5  	0.822676 
63 	193.353	[  0.24943281  89.75247525]  	[   0.28239845  180.        ]	[ 0.  0.]                          	[  0.04169677  17.98646683]	9.26733	10 	3  	1.34893  
64 	190.974	[  0.24890222  86.20792079]  	[   0.28239845  179.        ]	[ 0.  0.]                          	[  0.04051166  15.58643535]	9.33663	10 	4  	1.02713  
65 	188.559	[  0.24516985  86.47524752]  	[   0.28239845  149.        ]	[ 0.  0.]                          	[  0.05028812  17.52598866]	9.38614	10 	5  	1.02417  
66 	190.911	[  0.24926097  86.53465347]  	[   0.28239845  140.        ]	[ 0.  0.]                          	[  0.04164088  16.03805151]	9.32673	10 	5  	0.976039 
67 	189.625	[  0.25001792  89.58415842]  	[   0.28239845  180.        ]	[  0.07830126  36.        ]        	[  0.03842659  16.64317856]	9.33663	10 	6  	0.904086 
68 	185.856	[  0.24818002  87.85148515]  	[   0.28239845  180.        ]	[ 0.  0.]                          	[  0.04916559  21.79943961]	9.18812	10 	1  	1.48065  
69 	187.07 	[  0.2520217   87.12871287]  	[   0.27759197  180.        ]	[ 0.  0.]                          	[  0.04538711  17.12138572]	9.50495	10 	4  	1.07744  
70 	194.828	[  0.25748103  86.8019802 ]  	[   0.27759197  113.        ]	[  0.128  16.   ]                  	[ 0.02379416  9.10447589]  	9.67327	10 	7  	0.719033 
71 	191.326	[  0.24745537  85.07920792]  	[   0.27759197  145.        ]	[ 0.  0.]                          	[  0.04571769  17.28656731]	9.44554	10 	1  	1.3385   
72 	189.802	[  0.25593721  89.37623762]  	[   0.27759197  180.        ]	[ 0.  0.]                          	[  0.03894441  16.63579076]	9.54455	10 	4  	1.15634  
73 	183.521	[  0.24993471  88.32673267]  	[   0.27759197  180.        ]	[ 0.  0.]                          	[  0.04583611  19.54031573]	9.63366	10 	5  	0.951526 
74 	184.002	[  0.24476845  88.3960396 ]  	[   0.27759197  180.        ]	[ 0.  0.]                          	[  0.0575664   23.21576761]	9.58416	10 	5  	0.977644 
75 	193.798	[  0.25415609  87.2970297 ]  	[   0.27759197  180.        ]	[ 0.  0.]                          	[  0.03617186  14.97228103]	9.73267	10 	7  	0.673267 
76 	189.802	[  0.24621688  86.00990099]  	[   0.27759197  180.        ]	[ 0.01086957  1.        ]          	[  0.04809757  19.57999335]	9.74257	10 	5  	0.766288 
77 	189.21 	[  0.24098898  88.59405941]  	[   0.27759197  180.        ]	[ 0.  0.]                          	[  0.05639445  22.47250387]	9.52475	10 	4  	1.13969  
78 	186.843	[  0.24377271  88.21782178]  	[   0.27759197  180.        ]	[ 0.  0.]                          	[  0.05420275  21.66970964]	9.58416	10 	5  	0.977644 
79 	189.349	[  0.25067701  92.34653465]  	[   0.28108108  180.        ]	[  6.70428145e-02   7.40000000e+01]	[  0.04240888  17.17956168]	9.68317	10 	3  	1.00426  
80 	189.503	[  0.2513377   89.55445545]  	[   0.28108108  180.        ]	[ 0.04081633  4.        ]          	[  0.04334783  20.37979744]	9.73267	10 	4  	0.854703 
81 	200.121	[  0.25874078  87.38613861]  	[   0.28108108  110.        ]	[ 0.  0.]                          	[  0.03179599  11.32330489]	9.78218	10 	7  	0.499583 
82 	195.805	[  0.24992531  92.25742574]  	[   0.28108108  180.        ]	[  0.06702498  23.        ]        	[  0.04143911  19.65527338]	9.58416	10 	4  	1.13685  
83 	189.044	[  0.2473101   86.95049505]  	[   0.28108108  180.        ]	[ 0.  0.]                          	[  0.0511944   20.41954812]	9.72277	10 	5  	0.759348 
84 	196.304	[  0.25269768  90.87128713]  	[   0.28349515  180.        ]	[ 0.  0.]                          	[  0.04175277  19.78931773]	9.83168	10 	5  	0.645921 
85 	201.66 	[  0.25562793  88.73267327]  	[   0.28349515  180.        ]	[ 0.  0.]                          	[  0.03805352  15.74668979]	9.74257	10 	5  	0.739996 
86 	203.536	[  0.25721004  91.11881188]  	[   0.28349515  131.        ]	[  0.0887574  15.       ]          	[  0.02962405  12.62583171]	9.71287	10 	5  	0.722162 
87 	203.066	[  0.25508516  90.52475248]  	[   0.28349515  180.        ]	[ 0.  0.]                          	[  0.04306417  18.00252681]	9.58416	10 	2  	1.17117  
88 	207.509	[  0.2537988   91.18811881]  	[   0.28349515  180.        ]	[ 0.06  6.  ]                      	[  0.03498325  15.60319393]	9.53465	10 	3  	1.11306  
89 	207.644	[  0.25892613  92.4950495 ]  	[   0.28349515  180.        ]	[  0.09857612  23.        ]        	[  0.02629561  12.54190896]	9.74257	10 	4  	0.840244 
90 	204.028	[  0.25381795  92.52475248]  	[   0.28349515  180.        ]	[ 0.  0.]                          	[  0.04263927  15.94085234]	9.69307	10 	5  	0.86451  
91 	203.75 	[  0.2518924   90.15841584]  	[   0.28349515  137.        ]	[ 0.05853659  6.        ]          	[  0.03834148  15.5032623 ]	9.59406	10 	3  	1.03578  
92 	209.638	[  0.26010379  91.64356436]  	[   0.28349515  123.        ]	[  0.1740458  71.       ]          	[ 0.01779807  6.74659307]  	9.58416	10 	3  	1.14552  
93 	205.019	[  0.26062955  91.42574257]  	[   0.28349515  141.        ]	[  0.16022727  39.        ]        	[ 0.02070389  9.28998879]  	9.62376	10 	5  	1.02302  
94 	213.633	[  0.25617956  92.11881188]  	[   0.28349515  180.        ]	[ 0.  0.]                          	[  0.03826273  15.26549667]	9.51485	10 	4  	1.04941  
95 	210.738	[  0.25346443  92.34653465]  	[   0.28349515  180.        ]	[  0.09857612  73.        ]        	[  0.03207994  11.34467699]	9.61386	10 	5  	1.01445  
96 	211.784	[  0.25490344  91.13861386]  	[   0.28349515  144.        ]	[  0.04635762  14.        ]        	[  0.03061201  11.29358856]	9.70297	10 	8  	0.62211  
97 	203.979	[  0.25066984  86.42574257]  	[   0.28349515  120.        ]	[ 0.  0.]                          	[  0.04020843  17.60869865]	9.47525	10 	5  	1.13097  
98 	205.912	[  0.25043058  89.00990099]  	[   0.27514793  180.        ]	[ 0.  0.]                          	[  0.05068684  19.62595526]	9.57426	10 	3  	1.13754  
99 	212.176	[  0.25623556  93.46534653]  	[   0.27985075  180.        ]	[  0.09775062  75.        ]        	[  0.03059006  13.1100176 ]	9.67327	10 	6  	0.732673 
100	207.492	[  0.24587383  92.        ]  	[   0.27985075  180.        ]	[ 0.01081081  1.        ]          	[  0.04504561  18.02253815]	9.56436	10 	5  	0.979147 
101	209.358	[  0.25246027  90.41584158]  	[   0.27985075  180.        ]	[ 0.  0.]                          	[  0.04223789  17.3754506 ]	9.53465	10 	4  	1.11306  
102	218.494	[  0.25913238  91.97029703]  	[   0.27985075  110.        ]	[  0.08390023  45.        ]        	[ 0.02379941  7.37060719]  	9.74257	10 	8  	0.639515 
103	215.497	[  0.25827202  93.42574257]  	[   0.27985075  168.        ]	[  0.0835624  73.       ]          	[ 0.03191217  9.0502957 ]  	9.81188	10 	5  	0.655712 
104	213.928	[  0.25771967  94.07920792]  	[   0.27985075  180.        ]	[  0.09857612  44.        ]        	[  0.03102139  14.45010752]	9.72277	10 	4  	0.913256 
105	214.55 	[  0.24919481  89.54455446]  	[   0.27985075  180.        ]	[ 0.  0.]                          	[  0.05315585  21.32888375]	9.62376	10 	5  	1.00347  
106	217.278	[  0.25427089  93.21782178]  	[   0.27985075  180.        ]	[ 0.  0.]                          	[  0.0371508   14.06885751]	9.71287	10 	8  	0.585918 
107	214.12 	[  0.25488276  93.92079208]  	[   0.27985075  180.        ]	[  0.08113137  75.        ]        	[  0.03258437  10.50382596]	9.69307	10 	5  	0.767439 
108	216.975	[  0.2561602   92.12871287]  	[   0.27985075  124.        ]	[ 0.01052632  1.        ]          	[  0.03339708  11.80339217]	9.77228	10 	5  	0.658248 
109	205.793	[  0.24434587  94.81188119]  	[   0.27985075  180.        ]	[ 0.  0.]                          	[  0.05030022  20.26346899]	9.59406	10 	3  	1.2282   
110	216.046	[  0.25834455  94.81188119]  	[   0.27985075  180.        ]	[  0.09857612  73.        ]        	[  0.02911898  13.68363398]	9.45545	10 	3  	1.324    
111	220.819	[  0.2593244  93.4950495]    	[   0.27985075  120.        ]	[  0.13170401  75.        ]        	[ 0.02101202  5.05929937]  	9.88119	10 	7  	0.493264 
112	210.207	[  0.25302488  93.96039604]  	[   0.27710843  180.        ]	[  0.09622349  66.        ]        	[  0.03875181  11.38778292]	9.62376	10 	3  	1.15913  
113	204.87 	[  0.2491888  92.4950495]    	[   0.27710843  180.        ]	[ 0.  0.]                          	[  0.04651875  18.92435372]	9.53465	10 	3  	1.19043  
114	208.946	[  0.25359843  91.88118812]  	[   0.27710843  177.        ]	[ 0.06  6.  ]                      	[  0.03743283  16.84482888]	9.42574	10 	3  	1.32266  
115	206.51 	[  0.25506054  90.6039604 ]  	[   0.27710843  180.        ]	[ 0.  0.]                          	[  0.0394836  17.1614807]  	9.66337	10 	4  	0.997792 
116	198.77 	[  0.24388975  91.46534653]  	[   0.27710843  180.        ]	[ 0.  0.]                          	[  0.05427838  20.34921088]	9.53465	10 	3  	1.19872  
117	197.5  	[  0.24481023  92.53465347]  	[   0.27710843  180.        ]	[ 0.  0.]                          	[  0.05434116  22.05149884]	9.66337	10 	5  	0.881911 
118	207.707	[  0.25409944  93.96039604]  	[   0.27710843  180.        ]	[  0.094392  64.      ]            	[  0.03563308  13.09290549]	9.65347	10 	3  	1.10297  
119	197.264	[  0.24719024  91.31683168]  	[   0.27710843  180.        ]	[ 0.  0.]                          	[  0.05066169  21.17065534]	9.59406	10 	3  	1.00669  
120	206.055	[  0.25413142  92.61386139]  	[   0.27719821  180.        ]	[ 0.  0.]                          	[  0.04218815  15.92555099]	9.53465	10 	4  	1.08604  
121	210.014	[  0.25479383  92.38613861]  	[   0.27719821  180.        ]	[ 0.  0.]                          	[  0.04277239  16.86989838]	9.80198	10 	8  	0.487869 
122	203.109	[  0.25257259  91.8019802 ]  	[   0.27719821  180.        ]	[ 0.  0.]                          	[  0.04337912  17.32223421]	9.65347	10 	3  	1.15558  
123	210.249	[  0.25643949  89.16831683]  	[   0.27719821  105.        ]	[ 0.  0.]                          	[  0.03717553  13.92914837]	9.60396	10 	3  	1.1947   
124	210.095	[  0.25396022  92.3960396 ]  	[   0.27719821  180.        ]	[ 0.06481481  7.        ]          	[  0.03434901  15.7637755 ]	9.66337	10 	3  	1.02713  
125	195.881	[  0.24560548  92.11881188]  	[   0.27719821  180.        ]	[ 0.  0.]                          	[  0.05806135  24.62562745]	9.41584	10 	3  	1.5875   
126	213.771	[  0.25614441  91.14851485]  	[   0.27719821  137.        ]	[ 0.  0.]                          	[  0.03657635  13.16189079]	9.77228	10 	3  	0.806916 
127	209.31 	[  0.25580873  91.98019802]  	[   0.27777778  159.        ]	[  0.05867014  45.        ]        	[ 0.03335743  9.84330722]  	9.67327	10 	4  	0.784868 
128	197.714	[  0.2419143   94.13861386]  	[   0.27777778  180.        ]	[ 0.  0.]                          	[  0.05417033  24.15298998]	9.55446	10 	3  	1.38217  
129	207.209	[  0.25401341  92.38613861]  	[   0.27777778  180.        ]	[  0.09857612  17.        ]        	[  0.03475131  17.93495966]	9.80198	10 	3  	0.808615 
130	199.507	[  0.25139524  94.14851485]  	[   0.27777778  180.        ]	[ 0.  0.]                          	[  0.04674438  18.84401112]	9.74257	10 	5  	0.791708 
131	203.239	[  0.25172382  93.87128713]  	[   0.28057554  180.        ]	[  0.09236569  34.        ]        	[  0.04124847  17.68574039]	9.53465	10 	3  	1.19872  
132	201.153	[  0.25062494  90.45544554]  	[   0.28057554  180.        ]	[ 0.  0.]                          	[  0.04583435  20.13101875]	9.57426	10 	3  	1.08406  
133	213.158	[  0.25785435  90.67326733]  	[   0.28057554  104.        ]	[ 0.02040816  2.        ]          	[  0.03420274  11.95048275]	9.77228	10 	8  	0.485047 
134	205.651	[  0.25134956  91.15841584]  	[   0.28057554  180.        ]	[ 0.  0.]                          	[  0.04283997  16.04432763]	9.54455	10 	4  	1.00025  
135	209.091	[  0.25429864  91.98019802]  	[   0.28057554  180.        ]	[  0.09857612  24.        ]        	[  0.03298003  12.44153074]	9.55446	10 	3  	0.959324 
136	209.617	[  0.25663642  92.59405941]  	[   0.28057554  180.        ]	[ 0.06511628  7.        ]          	[  0.03110981  13.83293402]	9.53465	10 	6  	0.777968 
137	207.787	[  0.25360771  93.35643564]  	[   0.28057554  180.        ]	[  0.07891492  55.        ]        	[  0.03718613  13.77225232]	9.37624	10 	4  	1.08866  
138	204.534	[  0.2476994   90.40594059]  	[   0.28057554  180.        ]	[ 0.  0.]                          	[  0.05718774  20.90249794]	9.70297	10 	8  	0.498404 
139	202.26 	[  0.24574497  89.02970297]  	[   0.28057554  162.        ]	[ 0.  0.]                          	[  0.05613491  20.2237266 ]	9.30693	10 	4  	1.12349  
140	209.243	[  0.25297402  93.5049505 ]  	[   0.28057554  180.        ]	[ 0.  0.]                          	[  0.04627912  18.86304143]	9.48515	10 	5  	0.851485 
141	202.587	[  0.25681738  92.73267327]  	[   0.28057554  161.        ]	[  0.10599415  24.        ]        	[  0.03327826  12.19388833]	9.21782	10 	4  	1.13106  
142	213.356	[  0.2531611   90.87128713]  	[   0.28057554  126.        ]	[ 0.  0.]                          	[  0.04396357  14.2736088 ]	9.24752	10 	4  	0.937724 
143	208.035	[  0.25453931  91.11881188]  	[   0.28057554  180.        ]	[  0.0913242  10.       ]          	[  0.03769067  15.12082501]	9.30693	10 	4  	1.0024   
144	209.531	[  0.25744634  93.27722772]  	[   0.28057554  180.        ]	[ 0.  0.]                          	[  0.03810707  16.33869174]	9.35644	10 	6  	0.71177  
145	201.905	[  0.2531026  92.2970297]    	[   0.28057554  180.        ]	[  0.09257781  28.        ]        	[  0.03787265  13.83391195]	8.92079	10 	3  	1.47375  
146	206.713	[  0.25284757  91.91089109]  	[   0.28057554  180.        ]	[ 0.  0.]                          	[  0.04642844  22.40230673]	9.21782	10 	3  	1.01087  
147	201.592	[  0.25009472  93.78217822]  	[   0.28057554  180.        ]	[ 0.  0.]                          	[  0.04664468  17.6037822 ]	9.09901	10 	4  	1.15617  
148	208.612	[  0.25411643  92.41584158]  	[   0.28057554  151.        ]	[ 0.05957447  7.        ]          	[  0.03641958  14.29759194]	9.30693	10 	6  	0.685675 
149	210.362	[  0.25484932  92.66336634]  	[   0.28057554  180.        ]	[  0.09348255  21.        ]        	[  0.03634053  16.27077635]	9.38614	10 	8  	0.506791 
150	211.512	[  0.2578327   93.69306931]  	[   0.27921093  180.        ]	[ 0.04424779  5.        ]          	[  0.03547191  15.24502358]	9.46535	10 	6  	0.622425 
151	206.789	[  0.25118906  91.83168317]  	[   0.27921093  180.        ]	[ 0.  0.]                          	[  0.04759798  20.36210288]	9.46535	10 	7  	0.725277 
152	208.73 	[  0.25440783  89.42574257]  	[   0.27921093  115.        ]	[ 0.  0.]                          	[  0.04353564  17.37777489]	9.47525	10 	8  	0.555692 
153	213.015	[  0.26340808  93.91089109]  	[   0.27921093  148.        ]	[  0.17661098  81.        ]        	[ 0.01600785  6.89970441]  	9.57426	10 	8  	0.533001 
154	197.661	[  0.24772558  93.24752475]  	[   0.27921093  180.        ]	[ 0.  0.]                          	[  0.05164966  21.90908575]	9.38614	10 	5  	0.832155 
155	207.251	[  0.25863045  91.84158416]  	[   0.27921093  180.        ]	[  0.09244992  30.        ]        	[  0.03169079  11.94685648]	9.42574	10 	7  	0.602742 
156	205.866	[  0.25776688  92.41584158]  	[   0.27921093  180.        ]	[ 0.01041667  1.        ]          	[  0.03835872  15.16592541]	9.29703	10 	3  	1.0297   
157	212.003	[  0.25903814  91.77227723]  	[   0.27921093  124.        ]	[ 0.03045685  3.        ]          	[  0.03033052  10.6546891 ]	9.42574	10 	7  	0.602742 
158	202.383	[  0.24865376  93.82178218]  	[   0.27921093  180.        ]	[ 0.06128134  7.        ]          	[  0.04737134  21.52842746]	9.21782	10 	3  	1.07725  
159	204.645	[  0.24663535  91.92079208]  	[   0.27921093  180.        ]	[ 0.  0.]                          	[  0.05273949  22.24867697]	9.14851	10 	3  	0.894274 
160	211.401	[  0.25277395  90.86138614]  	[   0.27921093  180.        ]	[ 0.  0.]                          	[  0.04190462  14.68684985]	9.21782	10 	3  	0.87432  
161	213.245	[  0.25675303  89.47524752]  	[   0.27921093  100.        ]	[ 0.  0.]                          	[  0.04002934  15.14261841]	9.06931	10 	4  	0.761154 
162	213.573	[  0.25554991  92.93069307]  	[   0.27921093  161.        ]	[  0.09047485  53.        ]        	[  0.02949771  10.08994934]	9.20792	10 	6  	0.679499 
163	207.871	[  0.2545058  90.1980198]    	[   0.27921093  120.        ]	[ 0.  0.]                          	[  0.03973875  15.98391506]	9.0099 	10 	3  	1.06701  
164	203.169	[  0.25513837  93.79207921]  	[   0.27921093  180.        ]	[ 0.  0.]                          	[  0.04249639  18.66765977]	9.06931	10 	3  	0.84733  
165	206.223	[  0.25428259  92.65346535]  	[   0.27921093  180.        ]	[ 0.07619048  8.        ]          	[  0.03667855  14.96890218]	8.9802 	10 	3  	1.06222  
166	211.847	[  0.2524313   90.85148515]  	[   0.27921093  109.        ]	[ 0.07619048  8.        ]          	[  0.03545268  12.57640895]	9.24752	10 	7  	0.6199   
167	208.879	[  0.25700438  93.83168317]  	[   0.27921093  180.        ]	[  0.09857612  18.        ]        	[  0.03320136  13.99085225]	9.19802	10 	7  	0.629628 
168	214.303	[  0.26250763  94.61386139]  	[   0.27921093  180.        ]	[  0.09857612  84.        ]        	[ 0.02117129  9.93839469]  	9.22772	10 	3  	0.794551 
169	212.569	[  0.25684405  91.84158416]  	[   0.27921093  170.        ]	[ 0.  0.]                          	[  0.03471084  13.85764447]	9.23762	10 	3  	0.834272 
170	203.112	[  0.24543363  91.16831683]  	[   0.27921093  180.        ]	[ 0.01104972  1.        ]          	[  0.04466193  16.43714057]	9.14851	10 	4  	0.98891  
171	201.899	[  0.24433014  91.08910891]  	[   0.27921093  161.        ]	[ 0.  0.]                          	[  0.05566063  18.24969768]	9.0495 	10 	3  	0.958301 
172	204.112	[  0.25439222  94.22772277]  	[   0.27921093  180.        ]	[  0.09857612  28.        ]        	[  0.03388423  17.40313002]	9.08911	10 	3  	0.868583 
173	208.156	[  0.25329623  90.81188119]  	[   0.27921093  180.        ]	[ 0.  0.]                          	[  0.04361331  16.63868383]	8.9802 	10 	3  	0.855734 
174	203.42 	[  0.24569993  92.0990099 ]  	[   0.27921093  180.        ]	[ 0.04123711  4.        ]          	[  0.04951844  22.16298982]	8.91089	10 	4  	1.17818  
175	201.69 	[  0.25338822  88.99009901]  	[   0.27921093  173.        ]	[  0.09811321  13.        ]        	[  0.03386709  17.16921897]	9.06931	10 	4  	0.967363 
176	203.368	[  0.24887639  90.36633663]  	[   0.27921093  180.        ]	[ 0.  0.]                          	[  0.0483415   19.74527028]	9.09901	10 	5  	0.928162 
177	211.686	[  0.25901503  92.17821782]  	[   0.27921093  180.        ]	[  0.08471455  60.        ]        	[  0.02950681  10.43072009]	9.15842	10 	5  	0.829322 
178	211.433	[  0.25858998  91.1980198 ]  	[   0.27921093  137.        ]	[ 0.  0.]                          	[  0.03371118  12.34088416]	9.22772	10 	5  	0.658248 
179	213.391	[  0.25217287  90.07920792]  	[   0.27921093  128.        ]	[ 0.  0.]                          	[  0.04847491  16.21799707]	9.29703	10 	8  	0.517889 
180	206.798	[  0.25767192  89.11881188]  	[   0.27921093  103.        ]	[ 0.05970149  6.        ]          	[  0.03020202  14.6708353 ]	9.17822	10 	3  	1.07534  
181	212.84 	[  0.25909866  91.61386139]  	[   0.28115016  117.        ]	[ 0.  0.]                          	[  0.03474592  12.11902219]	9.26733	10 	7  	0.595213 
182	214.049	[  0.25737606  91.36633663]  	[   0.28115016  178.        ]	[ 0.01960784  2.        ]          	[  0.03546385  13.47731704]	9.28713	10 	8  	0.568769 
183	216.077	[  0.25677534  91.6039604 ]  	[   0.28115016  124.        ]	[  0.10229277  27.        ]        	[ 0.02477577  9.57728253]  	9.27723	10 	8  	0.564964 
184	212.908	[  0.25838267  92.40594059]  	[   0.28115016  180.        ]	[ 0.07207207  8.        ]          	[  0.0340246   13.90361319]	9.17822	10 	6  	0.680653 
185	220.695	[  0.25645948  90.30693069]  	[   0.28422877  106.        ]	[ 0.  0.]                          	[  0.0416221   15.79619115]	9.20792	10 	4  	0.836267 
186	221.113	[  0.26068954  91.58415842]  	[   0.28422877  113.        ]	[  0.10586552  16.        ]        	[  0.02561995  10.02103464]	9.47525	10 	8  	0.518835 
187	214.905	[  0.25963405  93.46534653]  	[   0.27950311  180.        ]	[ 0.02061856  2.        ]          	[  0.03656038  17.13577946]	9.52475	10 	8  	0.555692 
188	218.973	[  0.25675432  95.14851485]  	[   0.27950311  180.        ]	[  0.09335927  77.        ]        	[  0.03592262  12.73211122]	9.64356	10 	4  	0.77822  
189	213.253	[  0.25294971  92.94059406]  	[   0.28025478  146.        ]	[  3.71713509e-02   3.80000000e+01]	[  0.03989892  12.15805301]	9.71287	10 	7  	0.532817 
190	217.458	[  0.26241414  92.27722772]  	[   0.28025478  102.        ]	[  0.14851485  83.        ]        	[ 0.01918806  3.98293094]  	9.72277	10 	5  	0.631183 
191	220.367	[  0.25825496  90.81188119]  	[   0.28025478  139.        ]	[ 0.  0.]                          	[  0.03631208  12.30769933]	9.75248	10 	9  	0.431574 
192	216.396	[  0.25570689  91.77227723]  	[   0.28115016  180.        ]	[  0.09519321  12.        ]        	[  0.03988644  15.39311997]	9.71287	10 	5  	0.775065 
193	211.458	[  0.25783813  90.42574257]  	[   0.2826087  180.       ]  	[ 0.06306306  7.        ]          	[  0.03685986  14.29487656]	9.91089	10 	8  	0.347523 
194	219.957	[  0.26068716  90.25742574]  	[   0.2826087  116.       ]  	[ 0.  0.]                          	[  0.0387234   13.64228536]	9.93069	10 	9  	0.253975 
195	215.798	[  0.26076149  92.93069307]  	[   0.2826087  164.       ]  	[  0.097867  78.      ]            	[ 0.0279225   8.51586455]  	9.87129	10 	9  	0.334882 
196	219.469	[  0.26412158  93.07920792]  	[   0.2826087  180.       ]  	[  0.09027455  77.        ]        	[ 0.02558182  9.38155254]  	9.91089	10 	8  	0.317759 
197	213.341	[  0.26141706  90.3960396 ]  	[   0.2826087  132.       ]  	[ 0.  0.]                          	[  0.03125593  11.21445249]	9.91089	10 	9  	0.284901 
198	221.291	[  0.25960003  92.77227723]  	[   0.2826087  180.       ]  	[  0.08634112  61.        ]        	[  0.03122056  10.91722337]	9.86139	10 	3  	0.731602 
199	225.709	[  0.26112158  90.51485149]  	[   0.2826087  133.       ]  	[ 0.0104712  1.       ]            	[  0.03326343  13.94232381]	9.81188	10 	5  	0.685246 
200	223.412	[  0.26467348  92.84158416]  	[   0.2826087  121.       ]  	[  0.14387211  81.        ]        	[ 0.01866928  4.70039533]  	9.87129	10 	7  	0.414188 
201	217.113	[  0.2625518   92.59405941]  	[   0.2826087  180.       ]  	[  0.09857612  76.        ]        	[  0.02479596  10.03082202]	9.87129	10 	9  	0.334882 
202	217.319	[  0.25564188  91.64356436]  	[   0.2826087  180.       ]  	[ 0.  0.]                          	[  0.03759167  13.90461435]	9.74257	10 	5  	0.726493 
203	221.24 	[  0.25785303  91.55445545]  	[   0.2826087  180.       ]  	[ 0.  0.]                          	[  0.03884747  14.90928028]	9.82178	10 	5  	0.680653 
204	222.717	[  0.25689908  92.98019802]  	[   0.2826087  180.       ]  	[  0.09857612  48.        ]        	[  0.03597082  11.8471956 ]	9.90099	10 	7  	0.456091 
205	223.6  	[  0.25573157  90.75247525]  	[   0.2826087  180.       ]  	[ 0.  0.]                          	[  0.0439353   15.19666843]	9.70297	10 	7  	0.896026 
206	208.89 	[  0.25437519  91.16831683]  	[   0.2791411  163.       ]  	[ 0.03137255  4.        ]          	[  0.04196018  16.36469837]	9.74257	10 	7  	0.739996 
207	217.626	[  0.25686574  88.91089109]  	[   0.2812983  141.       ]  	[ 0.  0.]                          	[  0.04734879  17.25986531]	9.65347	10 	6  	0.969185 
208	217.158	[  0.256821    92.05940594]  	[   0.2812983  164.       ]  	[  0.0898177  41.       ]          	[  0.03624985  12.62389827]	9.67327	10 	5  	0.976039 
209	213.311	[  0.25751448  90.6039604 ]  	[   0.28176796  180.        ]	[  0.09025788  14.        ]        	[  0.0361949   14.18483307]	9.69307	10 	7  	0.85298  
210	223.153	[  0.266668    90.99009901]  	[   0.28176796  104.        ]	[  0.21159715  75.        ]        	[ 0.01223186  5.07858063]  	9.70297	10 	7  	0.815014 
211	226.618	[  0.26532299  92.24752475]  	[   0.28176796  119.        ]	[  0.18949045  79.        ]        	[ 0.01410236  5.86043276]  	9.92079	10 	7  	0.390054 
212	221.068	[  0.26113754  92.68316832]  	[   0.28270677  108.        ]	[ 0.06020067  9.        ]          	[  0.03084471  11.03902232]	9.81188	10 	6  	0.685246 
213	237.496	[  0.26528483  95.14851485]  	[   0.28270677  140.        ]	[  0.13053613  77.        ]        	[ 0.02338537  8.76467498]  	9.9703 	10 	7  	0.29703  
214	226.704	[  0.26020265  92.83168317]  	[   0.28571429  137.        ]	[ 0.  0.]                          	[  0.0360347   11.98519657]	9.9703 	10 	9  	0.169767 
215	232.865	[  0.26564701  94.16831683]  	[   0.28762542  177.        ]	[  0.09768212  74.        ]        	[  0.0209724   10.92917732]	9.92079	10 	5  	0.520532 
216	230.861	[  0.26294935  95.95049505]  	[   0.28762542  124.        ]	[  0.10783769  62.        ]        	[ 0.02913607  7.47851873]  	9.9901 	10 	9  	0.0990099
217	233.081	[  0.25999853  94.87128713]  	[   0.28762542  129.        ]	[ 0.  0.]                          	[  0.04057112  15.06859784]	10     	10 	10 	0        
218	234.392	[  0.26002474  93.36633663]  	[   0.29278351  123.        ]	[ 0.  0.]                          	[  0.04579495  17.24013437]	9.84158	10 	4  	0.887009 
219	238.942	[  0.2674265   95.96039604]  	[   0.28762542  137.        ]	[  0.10454985  40.        ]        	[ 0.02254186  8.74945067]  	10     	10 	10 	0        
220	238.685	[  0.26474995  95.52475248]  	[   0.28762542  108.        ]	[  0.0669145  18.       ]          	[  0.03031247  10.26441904]	9.92079	10 	6  	0.480988 
221	237.369	[  0.2633218   97.14851485]  	[   0.28762542  142.        ]	[  0.08291971  75.        ]        	[ 0.02564634  8.30887172]  	10     	10 	10 	0        
222	232.326	[  0.26249451  96.02970297]  	[   0.28762542  119.        ]	[  0.14025974  81.        ]        	[ 0.02734349  6.69336223]  	9.9505 	10 	5  	0.49505  
223	237.159	[  0.26556434  96.54455446]  	[   0.28762542  124.        ]	[  0.09189723  80.        ]        	[ 0.02797916  7.25835095]  	9.9901 	10 	9  	0.0990099
224	237.112	[  0.26614487  96.42574257]  	[   0.29574861  112.        ]	[  0.17791898  80.        ]        	[ 0.01911091  6.97853361]  	9.9901 	10 	9  	0.0990099
225	233.428	[  0.26354938  96.2970297 ]  	[   0.29574861  166.        ]	[  0.09724663  27.        ]        	[  0.02692306  12.0711952 ]	10     	10 	10 	0        
226	231.267	[  0.26340631  95.37623762]  	[   0.29574861  180.        ]	[ 0.02173913  2.        ]          	[  0.03342776  14.81158998]	9.9604 	10 	6  	0.39604  
227	232.745	[  0.2566098   96.56435644]  	[   0.28767123  180.        ]	[ 0.  0.]                          	[  0.04536811  16.92523796]	9.83168	10 	3  	0.912719 
228	233.148	[  0.26182477  95.40594059]  	[   0.28767123  151.        ]	[  0.10428177  22.        ]        	[  0.02798476  12.75448142]	9.9802 	10 	9  	0.139319 
229	238.825	[  0.26765175  96.45544554]  	[   0.28767123  114.        ]	[  0.2108768  74.       ]          	[ 0.01541209  6.22121053]  	9.93069	10 	5  	0.51237  
230	237.541	[  0.26563791  96.00990099]  	[   0.28767123  159.        ]	[  0.14640884  41.        ]        	[  0.02022653  10.40610545]	10     	10 	10 	0        
231	234.828	[  0.26480264  96.61386139]  	[   0.29672447  120.        ]	[  0.13636364  34.        ]        	[ 0.02358971  9.60194937]  	9.9901 	10 	9  	0.0990099
232	237.891	[  0.26164056  96.61386139]  	[   0.29672447  136.        ]	[  0.14802449  72.        ]        	[ 0.02500162  9.43027597]  	9.9604 	10 	8  	0.278639 
233	236.525	[  0.26272971  97.53465347]  	[   0.29672447  162.        ]	[  0.09168081  77.        ]        	[ 0.02523798  8.63628582]  	10     	10 	10 	0        
234	233.631	[  0.26430211  96.05940594]  	[   0.29672447  107.        ]	[  0.18421053  77.        ]        	[ 0.02016242  6.34303513]  	10     	10 	10 	0        
235	230.853	[  0.26075888  94.88118812]  	[   0.29672447  121.        ]	[ 0.0106383  1.       ]            	[  0.0369369   14.19962845]	10     	10 	10 	0        
236	241.582	[  0.2624453  96.2970297]    	[   0.29672447  116.        ]	[  0.12229837  77.        ]        	[ 0.02244349  7.44424099]  	10     	10 	10 	0        
237	236.99 	[  0.2598056   95.91089109]  	[   0.29672447  131.        ]	[  0.08075221  23.        ]        	[  0.02990611  11.56650936]	9.9604 	10 	6  	0.39604  
238	235.54 	[  0.2544863   94.91089109]  	[   0.29672447  132.        ]	[ 0.07692308  8.        ]          	[  0.03885646  14.08257051]	9.85149	10 	4  	0.788358 
239	233.282	[  0.26114886  97.54455446]  	[   0.29672447  126.        ]	[  0.10961449  76.        ]        	[ 0.02595457  7.36263614]  	10     	10 	10 	0        
240	239.654	[  0.26386396  96.43564356]  	[   0.29672447  120.        ]	[  0.1996008  77.       ]          	[ 0.01672431  7.15654632]  	9.9901 	10 	9  	0.0990099
241	235.071	[  0.26099384  95.13861386]  	[   0.29672447  126.        ]	[ 0.  0.]                          	[  0.03829793  13.51129319]	9.9901 	10 	9  	0.0990099
242	226.01 	[  0.25590534  94.06930693]  	[   0.29672447  128.        ]	[ 0.  0.]                          	[  0.04291901  15.59020855]	9.9703 	10 	7  	0.29703  
243	233.106	[  0.25432043  95.1980198 ]  	[   0.29672447  180.        ]	[ 0.  0.]                          	[  0.04717515  17.04625031]	9.9901 	10 	9  	0.0990099
244	237.563	[  0.26486655  96.3960396 ]  	[   0.29672447  114.        ]	[  0.19078242  77.        ]        	[ 0.01781712  7.33778936]  	10     	10 	10 	0        
245	230.996	[  0.2599192  95.2970297]    	[   0.29672447  155.        ]	[ 0.  0.]                          	[  0.03799737  12.86452221]	9.9505 	10 	7  	0.355334 
246	232.985	[  0.25664024  98.31683168]  	[   0.29672447  180.        ]	[  0.08470291  67.        ]        	[  0.03630839  11.7126746 ]	9.9802 	10 	8  	0.19802  
247	238.056	[  0.2601876   97.31683168]  	[   0.29672447  149.        ]	[  0.14204004  71.        ]        	[ 0.02737471  7.98628861]  	9.94059	10 	5  	0.503882 
248	235.688	[  0.26077171  95.63366337]  	[   0.29672447  113.        ]	[ 0.  0.]                          	[  0.03371706  11.33008155]	9.9901 	10 	9  	0.0990099
249	232.12 	[  0.25878787  95.32673267]  	[   0.29672447  113.        ]	[ 0.  0.]                          	[  0.04114757  13.56473946]	10     	10 	10 	0        
250	233.859	[  0.25699251  94.71287129]  	[   0.29672447  120.        ]	[ 0.  0.]                          	[  0.0390217   12.04967986]	9.90099	10 	4  	0.710668 
251	225.859	[  0.26225193  95.34653465]  	[   0.29672447  123.        ]	[  0.11901306  69.        ]        	[ 0.0284678   8.42019689]  	9.9703 	10 	7  	0.29703  
252	236.341	[  0.26312797  96.95049505]  	[   0.29672447  131.        ]	[  0.1480315  77.       ]          	[ 0.02510786  8.81984288]  	9.93069	10 	3  	0.693069 
253	232.91 	[  0.2644348   97.59405941]  	[   0.29672447  156.        ]	[  0.10413885  77.        ]        	[ 0.02882683  8.88449335]  	9.86139	10 	2  	0.985335 
254	234.916	[  0.2620921   97.63366337]  	[   0.29672447  133.        ]	[  0.12745568  75.        ]        	[ 0.02887908  7.52516935]  	9.94059	10 	7  	0.417958 
255	238.93 	[  0.26160823  97.48514851]  	[   0.29672447  156.        ]	[ 0.  0.]                          	[  0.03634487  13.64515934]	9.9703 	10 	7  	0.29703  
256	246.18 	[  0.26669296  98.77227723]  	[   0.29672447  131.        ]	[  0.1266464  77.       ]          	[ 0.02437272  6.83450939]  	9.9703 	10 	7  	0.29703  
257	229.83 	[  0.25638139  96.04950495]  	[   0.29672447  132.        ]	[ 0.  0.]                          	[  0.03957582  14.50529179]	9.94059	10 	5  	0.503882 
258	232.308	[  0.26058498  97.40594059]  	[   0.29672447  180.        ]	[  0.05678233  18.        ]        	[  0.03555231  12.96314518]	9.76238	10 	3  	1.12706  
259	238.824	[  0.26306955  97.6039604 ]  	[   0.29672447  113.        ]	[ 0.  0.]                          	[  0.0336071   11.43996747]	9.9703 	10 	7  	0.29703  
260	230.955	[  0.25562254  95.22772277]  	[   0.29672447  158.        ]	[ 0.  0.]                          	[  0.04856926  16.15205053]	9.90099	10 	6  	0.517131 
261	242.884	[  0.26004464  98.59405941]  	[   0.29672447  175.        ]	[  0.09960159  77.        ]        	[  0.03024062  10.89025199]	9.9901 	10 	9  	0.0990099
262	236.519	[  0.26289348  97.73267327]  	[   0.29672447  128.        ]	[  0.12057522  62.        ]        	[ 0.02441631  7.87638542]  	9.85149	10 	5  	0.70901  
263	235.787	[  0.25635957  96.44554455]  	[   0.29672447  132.        ]	[ 0.  0.]                          	[  0.03871783  12.375699  ]	9.79208	10 	6  	0.799961 
264	233.472	[  0.25811268  98.04950495]  	[   0.29672447  168.        ]	[  0.09529212  36.        ]        	[  0.03056132  12.02174287]	9.76238	10 	5  	0.869147 
265	234.768	[  0.2547184  96.9009901]    	[   0.28454172  124.        ]	[ 0.  0.]                          	[  0.04389536  14.7584545 ]	9.87129	10 	5  	0.698844 
266	229.969	[  0.25480504  94.02970297]  	[   0.28454172  180.        ]	[ 0.  0.]                          	[  0.0506601   19.47806862]	9.88119	10 	4  	0.679066 
267	227.783	[  0.25670053  96.54455446]  	[   0.28366762  180.        ]	[ 0.  0.]                          	[  0.04481073  18.74029108]	9.77228	10 	6  	0.819094 
268	236.08 	[  0.26008725  97.74257426]  	[   0.28366762  180.        ]	[  0.09857612  78.        ]        	[  0.03156361  11.05848849]	9.90099	10 	5  	0.637212 
269	234.596	[  0.26034151  94.79207921]  	[   0.2891933  117.       ]  	[ 0.  0.]                          	[  0.03441921  13.2704666 ]	9.83168	10 	7  	0.564096 
270	233.48 	[  0.26240994  94.59405941]  	[   0.2891933  127.       ]  	[ 0.  0.]                          	[  0.03203844  13.4555949 ]	9.77228	10 	7  	0.560784 
271	232.351	[  0.26111234  96.55445545]  	[   0.2891933  128.       ]  	[  0.10742857  23.        ]        	[ 0.03185037  9.94288167]  	9.77228	10 	8  	0.485047 
272	235.145	[  0.26461258  94.63366337]  	[   0.2891933  110.       ]  	[ 0.  0.]                          	[  0.03596361  14.18318819]	9.78218	10 	7  	0.555868 
273	217.012	[  0.25575604  91.69306931]  	[   0.2891933  125.       ]  	[ 0.  0.]                          	[  0.04289726  17.4808198 ]	9.35644	10 	5  	1.04913  
274	225.115	[  0.25627624  96.07920792]  	[   0.2891933  180.       ]  	[ 0.  0.]                          	[  0.04445954  16.6850162 ]	9.43564	10 	6  	0.883466 
275	224.889	[  0.25929632  93.82178218]  	[   0.2891933  130.       ]  	[ 0.  0.]                          	[  0.03922685  11.65884362]	9.35644	10 	7  	0.815495 
276	223.184	[  0.25667816  93.75247525]  	[   0.2891933  139.       ]  	[  0.06786427  17.        ]        	[  0.03903291  12.95873568]	9.06931	10 	5  	1.13676  
277	225.91 	[  0.26138307  95.82178218]  	[   0.2891933  119.       ]  	[  0.13887167  79.        ]        	[ 0.02758355  6.44765064]  	9.0297 	10 	6  	1.11209  
278	218.737	[  0.25681227  95.01980198]  	[   0.2891933  180.       ]  	[ 0.  0.]                          	[  0.04263676  14.02330465]	8.90099	10 	5  	1.23083  
279	231.56 	[  0.25983714  94.88118812]  	[   0.2891933  127.       ]  	[  0.16754617  68.        ]        	[ 0.02531248  8.41060991]  	8.84158	10 	6  	1.15812  
280	226.616	[  0.25888206  93.05940594]  	[   0.2891933  121.       ]  	[ 0.  0.]                          	[  0.03391149  11.6106999 ]	8.82178	10 	3  	1.4515   
281	218.518	[  0.24959019  94.81188119]  	[   0.2891933  180.       ]  	[ 0.05846529  9.        ]          	[  0.04827223  15.53514882]	9.0495 	10 	3  	1.30024  
282	228.271	[  0.26034273  95.57425743]  	[   0.2891933  152.       ]  	[  0.09101796  69.        ]        	[ 0.02962774  8.79620365]  	9.07921	10 	4  	1.21609  
283	221.646	[  0.25282398  94.96039604]  	[   0.2891933  138.       ]  	[ 0.01052632  1.        ]          	[  0.0439182   14.57443903]	9.24752	10 	4  	1.25395  
284	231.534	[  0.25888511  95.22772277]  	[   0.2891933  132.       ]  	[ 0.08490566  9.        ]          	[  0.03601941  11.79014624]	9.36634	10 	5  	1.13209  
285	233.948	[  0.26087419  97.11881188]  	[   0.2891933  155.       ]  	[  0.09619526  36.        ]        	[  0.03044783  11.15887706]	9.50495	10 	4  	1.04003  
286	234.744	[  0.25799427  95.92079208]  	[   0.2891933  109.       ]  	[ 0.  0.]                          	[  0.03676712  11.82854675]	9.77228	10 	7  	0.627445 
287	228.603	[  0.25316998  94.83168317]  	[   0.2891933  151.       ]  	[ 0.  0.]                          	[  0.05325736  19.25239823]	9.55446	10 	3  	1.23861  
288	242.275	[  0.26418627  99.07920792]  	[   0.2891933  118.       ]  	[  0.16875  81.     ]              	[ 0.02277181  5.73625463]  	9.82178	10 	4  	0.736543 
289	230.847	[  0.25436348  97.7029703 ]  	[   0.2891933  156.       ]  	[ 0.  0.]                          	[  0.05294631  16.88255562]	9.69307	10 	4  	0.951732 
290	233.502	[  0.25966984  99.        ]  	[   0.2891933  148.       ]  	[  0.09563813  77.        ]        	[ 0.03336668  8.10207161]  	9.73267	10 	8  	0.673267 
291	227.86 	[  0.25776009  98.4950495 ]  	[   0.2891933  180.       ]  	[  0.09857612  29.        ]        	[  0.03768517  16.10277866]	9.75248	10 	5  	0.723111 
292	241.029	[  0.26369339  97.66336634]  	[   0.2891933  137.       ]  	[  0.14728682  19.        ]        	[  0.02229271  11.27274574]	9.75248	10 	4  	0.825412 
293	241.249	[  0.26308161  97.24752475]  	[   0.2891933  115.       ]  	[  0.09378085  22.        ]        	[ 0.02906723  9.92088101]  	9.85149	10 	8  	0.453504 
294	241.141	[  0.26486803  96.83168317]  	[   0.2891933  116.       ]  	[  0.08810573  10.        ]        	[  0.02643084  11.84058243]	9.88119	10 	4  	0.633818 
295	241.441	[  0.26248739  98.33663366]  	[   0.2891933  150.       ]  	[  0.12658228  82.        ]        	[ 0.02868747  7.85169116]  	9.87129	10 	7  	0.414188 
296	242.891	[  0.26027854  97.6039604 ]  	[   0.28822496  143.        ]	[  0.09030628  48.        ]        	[ 0.03030843  9.10018954]  	9.88119	10 	8  	0.352842 
297	241.229	[  0.26118217  98.87128713]  	[   0.28822496  139.        ]	[  0.10503282  82.        ]        	[ 0.02671824  7.97727387]  	9.89109	10 	6  	0.543203 
298	241.227	[  0.26358917  99.55445545]  	[   0.28822496  180.        ]	[  0.09857612  82.        ]        	[ 0.02809265  9.25274939]  	9.88119	10 	5  	0.585081 
299	238.418	[  0.25705962  96.85148515]  	[   0.28822496  139.        ]	[ 0.  0.]                          	[  0.04062417  14.35986303]	9.86139	10 	8  	0.48807  